Parcel,Crop,Area (ha),NDVI,NDRE,Vigor Z,Heterog.,Runoff,Conf.,Risk Score,Risk Level
LPIS-61793978296_229A,Ley / Grass,113.75,0.614,0.368,,32,40,0.73,18.8,Low
LPIS-61803982066_228A,Ley / Grass,99.5,0.486,0.277,,33.8,40,0.49,18.6,Low
LPIS-61813979996_14A,Ley / Grass,91.02999877929688,0.455,0.255,,23.9,15,0.69,8.5,Low
LPIS-61763989031_21A,Ley / Grass,66.06999969482422,0.643,0.404,,22.4,40,0.32,18.2,Low
LPIS-61803989211_8A,Ley / Grass,54.83000183105469,0.498,0.278,,26.1,15,0.58,8.7,Low
LPIS-61573984407_201E,Spring Barley,51.95000076293945,0.746,0.608,,11.4,15,0.61,10.3,Low
LPIS-61604032137_14A,Winter Wheat,47.77000045776367,0.288,0.191,,74.7,15,0.49,14.8,Low
LPIS-61533932968_67D,Rapeseed,46.63999938964844,0.781,0.624,,14.5,15,0.61,14.6,Low
LPIS-61793976724_117A,Ley / Grass,46.56999969482422,0.627,0.389,,33,40,0.36,19.1,Low
LPIS-61563968442_10A,Winter Wheat,46.31999969482422,0.845,0.683,,7.3,15,0.52,23.4,Low
LPIS-61554021572_1G,Winter Wheat,42.79999923706055,0.583,0.405,,27.6,15,0.55,10.5,Low
LPIS-61564072403_11D,Winter Wheat,41.88999938964844,0.643,0.427,,10.6,15,0.58,8.4,Low
LPIS-61453965171_1A,Rapeseed,40.68000030517578,0.572,0.405,,40.1,15,0.5,11.9,Low
LPIS-61554043353_36A,Winter Wheat,40.54999923706055,0.76,0.564,,28.6,15,0.52,11.2,Low
LPIS-61563945897_1A,Winter Barley,39.439998626708984,0.832,0.58,,8.3,15,0.44,20.3,Low
LPIS-61563972387_29B,Rapeseed,39.369998931884766,0.693,0.509,,13.3,15,0.57,9.5,Low
LPIS-61753963846_151A,Sugar Beet,38.439998626708984,0.806,0.609,,9.8,40,0.53,24.3,Low
LPIS-61773959083_11A,Ley / Grass,37.90999984741211,0.684,0.425,,16,40,0.59,17.4,Low
LPIS-61584044672_36E,Spring Barley,37.90999984741211,0.839,0.617,,8,40,0.65,30.4,Moderate
LPIS-61483944562_64A,Sugar Beet,37.869998931884766,0.649,0.513,,10.8,15,0.56,10,Low
LPIS-61473984792_30D,Sugar Beet,37.279998779296875,0.809,0.564,,10.6,15,0.55,15.7,Low
LPIS-61543923421_18B,Winter Barley,36.2400016784668,0.842,0.674,,6.9,15,0.69,23.9,Low
LPIS-61554021572_1A,Rapeseed,35.83000183105469,0.716,0.557,,18,15,0.69,10.5,Low
LPIS-61563960106_11A,Winter Wheat,35.77000045776367,0.807,0.641,,13.6,15,0.63,15.4,Low
LPIS-61483959221_21A,Winter Wheat,35.18000030517578,0.562,0.387,,14.1,15,0.66,9.1,Low
LPIS-61623989114_218A,Ley / Grass,35.04999923706055,0.796,0.524,,11.2,40,0.44,33.3,Moderate
LPIS-61573964056_20A,Sugar Beet,34.689998626708984,0.841,0.562,,5,15,0.46,24,Low
LPIS-61544030342_8A,Ley / Grass,34.52000045776367,0.678,0.427,,11.1,15,0.55,8.1,Low
LPIS-61533961061_22A,Spring Barley,34.22999954223633,0.871,0.709,,8.5,15,0.47,28.8,Low
LPIS-61554033359_30A,Spring Barley,33.599998474121094,0.821,0.666,,14,15,0.66,19.4,Low
LPIS-61614056675_62A,Ley / Grass,33.150001525878906,0.678,0.444,,22.2,40,0.43,18.5,Low
LPIS-61484016712_59A,Spring Barley,32.720001220703125,0.832,0.683,,14.5,15,0.5,21.8,Low
LPIS-61584058105_6A,Rapeseed,32.65999984741211,0.796,0.639,,11.1,15,0.74,17.1,Low
LPIS-61483931194_2C,Spring Barley,32.619998931884766,0.683,0.546,,13.7,15,0.44,10.4,Low
LPIS-61563972387_29A,Winter Wheat,32.40999984741211,0.697,0.508,,18.5,15,0.54,10,Low
LPIS-61483931194_2B,Sugar Beet,31.969999313354492,0.678,0.545,,11.1,15,0.58,10.2,Low
LPIS-61493989554_45A,Rapeseed,31.760000228881836,0.812,0.647,,12,15,0.57,20,Low
LPIS-61544043304_60A,Winter Wheat,31.639999389648438,0.861,0.709,,9.2,15,0.4,27.5,Low
LPIS-61564066358_15A,Winter Wheat,31.110000610351562,0.713,0.558,,11.7,15,0.58,10,Low
LPIS-61474004028_23A,Winter Wheat,30.940000534057617,0.76,0.512,,10.1,15,0.58,8.5,Low
LPIS-61634001878_30A,Winter Barley,30.670000076293945,0.734,0.481,,15.4,40,0.62,17.8,Low
LPIS-61563972387_29G,Winter Wheat,29.989999771118164,0.743,0.595,,11.6,15,0.57,10.2,Low
LPIS-61534036509_5A,Spring Barley,29.520000457763672,0.755,0.594,,12.9,40,0.56,19.1,Low
LPIS-61483980639_8A,Winter Wheat,28.829999923706055,0.582,0.399,,24.7,15,0.53,10.1,Low
LPIS-61493945286_30A,Sugar Beet,28.299999237060547,0.744,0.504,,11.1,15,0.58,8.6,Low
LPIS-61503972874_9A,Winter Wheat,28.06999969482422,0.873,0.695,,11.2,15,0.71,30,Moderate
LPIS-61534005787_4A,Rapeseed,27.770000457763672,0.62,0.432,,20.6,15,0.69,9.8,Low
LPIS-61523929292_89B,Spring Barley,27.670000076293945,0.772,0.533,,10.5,15,0.65,8.7,Low
LPIS-61823975963_79A,Ley / Grass,27.010000228881836,0.516,0.311,,29.2,40,0.39,18.6,Low
LPIS-61513999735_14A,Rapeseed,26.690000534057617,0.619,0.429,,17,40,0.7,18.4,Low
LPIS-61573993063_26A,Sugar Beet,26.649999618530273,0.825,0.576,,10.9,15,0.61,20.2,Low
LPIS-61513983167_19A,Spring Barley,26.420000076293945,0.876,0.724,,7.5,15,0.79,29.9,Low
LPIS-61543965202_43A,Winter Wheat,26.1299991607666,0.839,0.657,,19.1,15,0.54,23.1,Low
LPIS-61534005787_4E,Winter Wheat,25.8799991607666,0.743,0.612,,12.6,15,0.68,10.5,Low
LPIS-61593962647_5A,Sugar Beet,25.850000381469727,0.767,0.549,,9.4,15,0.55,8.9,Low
LPIS-61763986126_8A,Ley / Grass,25.75,0.679,0.438,,21.6,40,0.3,18.3,Low
LPIS-61593969378_51A,Ley / Grass,25.75,0.329,0.21,,43.5,40,0.57,20.4,Low
LPIS-61684024001_43A,Ley / Grass,25.709999084472656,0.757,0.575,,11.3,40,0.67,27.4,Low
LPIS-61603977086_294A,Ley / Grass,25.700000762939453,0.553,0.363,,29,15,0.48,10.2,Low
LPIS-61594033913_5A,Maize,25.639999389648438,0.778,0.616,,5.3,15,0.65,23.5,Low
LPIS-61503934938_22A,Spring Barley,25.6200008392334,0.697,0.55,,11.9,15,0.64,10.1,Low
LPIS-61543930895_79A,Winter Wheat,25.420000076293945,0.755,0.582,,9.1,15,0.57,9.5,Low
LPIS-61453995929_2C,Winter Wheat,25.3700008392334,0.845,0.655,,14.9,15,0.47,23.8,Low
LPIS-61524009241_1C,Rapeseed,25.239999771118164,0.575,0.396,,17.5,15,0.72,9.4,Low
LPIS-61664014364_8A,Ley / Grass,25.209999084472656,0.789,0.521,,13.4,70,0.47,43.2,Moderate
LPIS-61553976663_16C,Sugar Beet,25.1299991607666,0.789,0.588,,11.5,15,0.65,10.5,Low
LPIS-61534005787_4C,Sugar Beet,25.1200008392334,0.778,0.625,,13.2,15,0.81,10.4,Low
LPIS-61504009112_12A,Rapeseed,24.989999771118164,0.657,0.49,,43.8,15,0.49,12.7,Low
LPIS-61573977405_202A,Rapeseed,24.969999313354492,0.703,0.496,,13.5,15,0.73,9.2,Low
LPIS-61523922072_20A,Winter Wheat,24.959999084472656,0.8,0.637,,14.2,15,0.49,14,Low
LPIS-61563986893_204A,Sugar Beet,24.93000030517578,0.782,0.615,,11.2,15,0.72,10,Low
LPIS-61554043276_33A,Rapeseed,24.84000015258789,0.537,0.369,,31.9,40,0.66,19.8,Low
LPIS-61573955934_4E,Winter Wheat,24.780000686645508,0.682,0.499,,30.3,15,0.64,11.2,Low
LPIS-61544012676_5A,Sugar Beet,24.75,0.818,0.637,,12.4,15,0.51,19.5,Low
LPIS-61483941485_31A,Fallow,24.75,0.63,0.505,,15.3,15,0.58,10.6,Low
LPIS-61664018928_4A,Ley / Grass,24.68000030517578,0.78,0.51,,12.8,70,0.66,41.4,Moderate
LPIS-61564056338_9A,Winter Wheat,24.600000381469727,0.784,0.64,,10.8,40,0.41,19.4,Low
LPIS-61533946132_86A,Winter Wheat,24.59000015258789,0.589,0.404,,31.4,15,0.55,10.8,Low
LPIS-61584031277_4A,Winter Wheat,24.059999465942383,0.795,0.624,,12.7,40,0.66,21.5,Low
LPIS-61473975215_63A,Winter Wheat,23.959999084472656,0.755,0.522,,12.6,15,0.64,9,Low
LPIS-61463966421_85A,Winter Wheat,23.889999389648438,0.774,0.587,,12.9,15,0.43,9.8,Low
LPIS-61503986665_58A,Spring Wheat,23.850000381469727,0.836,0.567,,5.1,40,0.63,35.5,Moderate
LPIS-61523922072_20C,Sugar Beet,23.799999237060547,0.819,0.566,,13.3,15,0.59,18.7,Low
LPIS-61593983365_4A,Rapeseed,23.510000228881836,0.614,0.418,,18.9,15,0.63,9.5,Low
LPIS-61554006153_7A,Spring Barley,23.440000534057617,0.794,0.633,,11.8,15,0.49,13.7,Low
LPIS-61753988906_133A,Ley / Grass,23.25,0.638,0.387,,22.6,40,0.54,17.9,Low
LPIS-61573984407_201A,Potato,23.139999389648438,0.827,0.548,,7.1,15,0.7,25.7,Low
LPIS-61604049466_28A,Maize,23.06999969482422,0.834,0.597,,23.7,15,0.46,28.1,Low
LPIS-61603968705_15A,Winter Wheat,22.8799991607666,0.649,0.462,,26.7,15,0.63,10.6,Low
LPIS-61694039555_81A,Ley / Grass,22.850000381469727,0.627,0.393,,32.5,40,0.74,19.2,Low
LPIS-61533971312_3A,Winter Wheat,22.81999969482422,0.889,0.707,,12.4,15,0.7,33.8,Moderate
LPIS-61494011471_17B,Sugar Beet,22.770000457763672,0.804,0.56,,12.9,15,0.46,14.5,Low
LPIS-61583996276_39C,Winter Wheat,22.770000457763672,0.643,0.471,,26,15,0.56,10.8,Low
LPIS-61504015133_2A,Spring Barley,22.690000534057617,0.781,0.621,,12.6,15,0.48,11.2,Low
LPIS-61584058105_6B,Spring Barley,22.520000457763672,0.794,0.551,,10.6,15,0.53,12.3,Low
LPIS-61763972907_132A,Ley / Grass,22.489999771118164,0.716,0.459,,17.5,40,0.47,18.9,Low
LPIS-61463996364_38B,Rapeseed,22.079999923706055,0.583,0.411,,28.3,15,0.35,10.7,Low
LPIS-61544041625_160A,Winter Wheat,22.059999465942383,0.86,0.706,,10,15,0.48,27.4,Low
LPIS-61584026698_43A,Sugar Beet,22.030000686645508,0.821,0.644,,9,15,0.67,20.1,Low
LPIS-61513957282_62H,Spring Barley,21.979999542236328,0.865,0.716,,18.5,15,0.3,28.7,Low
LPIS-61483968003_4A,Rapeseed,21.93000030517578,0.766,0.588,,9.4,15,0.69,10.9,Low
LPIS-61584017778_30A,Rapeseed,21.920000076293945,0.835,0.67,,17.5,15,0.58,25,Low
LPIS-61463950277_2A,Sugar Beet,21.889999389648438,0.764,0.512,,11.9,15,0.38,8.6,Low
LPIS-61504028661_1A,Sugar Beet,21.850000381469727,0.658,0.448,,17.8,15,0.47,9.3,Low
LPIS-61513925762_13D,Sugar Beet,21.84000015258789,0.752,0.518,,11.1,15,0.68,8.8,Low
LPIS-61534046135_67A,Sugar Beet,21.780000686645508,0.796,0.555,,10.5,15,0.61,11.9,Low
LPIS-61564027840_29A,Rapeseed,21.68000030517578,0.791,0.623,,10.9,40,0.55,25,Low
LPIS-61503930254_36A,Rapeseed,21.649999618530273,0.47,0.323,,22.9,15,0.43,10,Low
LPIS-61783986460_2A,Ley / Grass,21.5,0.573,0.334,,29.3,40,0.69,18.3,Low
LPIS-61484005349_55A,Sugar Beet,21.479999542236328,0.803,0.53,,15.3,15,0.5,13.8,Low
LPIS-61544002654_37A,Winter Barley,21.479999542236328,0.745,0.611,,16.8,40,0.69,19.9,Low
LPIS-61584060443_122A,Winter Wheat,21.440000534057617,0.836,0.688,,12,40,0.79,31,Moderate
LPIS-61773966461_3A,Ley / Grass,21.200000762939453,0.632,0.392,,14,40,0.51,17.2,Low
LPIS-61544062645_12A,Winter Wheat,21.18000030517578,0.673,0.453,,12.3,15,0.55,8.7,Low
LPIS-61463950277_2B,Spring Barley,21.100000381469727,0.795,0.638,,11.7,15,0.29,14,Low
LPIS-61573984407_201G,Spring Barley,21.100000381469727,0.793,0.532,,11.3,15,0.48,11.9,Low
LPIS-61604035247_10B,Spring Barley,21.079999923706055,0.768,0.597,,13.1,15,0.27,10,Low
LPIS-61483981682_3A,Winter Wheat,21.06999969482422,0.87,0.687,,12.6,15,0.5,29.4,Low
LPIS-61493962944_26A,Winter Wheat,21,0.766,0.606,,9,15,0.62,9.8,Low
LPIS-61753978942_146B,Sugar Beet,20.979999542236328,0.701,0.506,,20,40,0.68,19.1,Low
LPIS-61563957379_9B,Rapeseed,20.8799991607666,0.882,0.694,,9.9,15,0.42,32.7,Moderate
LPIS-61453987963_33A,Sugar Beet,20.739999771118164,0.81,0.54,,7.6,15,0.55,15.3,Low
LPIS-61473992689_34A,Spring Barley,20.59000015258789,0.709,0.569,,14.1,15,0.64,10.4,Low
LPIS-61613980699_240A,Winter Wheat,20.579999923706055,0.804,0.618,,11.2,15,0.58,14.3,Low
LPIS-61603987239_59A,Maize,20.489999771118164,0.694,0.45,,12.5,40,0.58,25.9,Low
LPIS-61443973799_14C,Rapeseed,20.450000762939453,0.721,0.561,,14.8,15,0.59,10.2,Low
LPIS-61533910870_74A,Unknown,20.389999389648438,0.779,0.606,,12.8,15,0.33,29.6,Low
LPIS-61634002623_6A,Rapeseed,20.3799991607666,0.77,0.596,,11.4,40,0.62,21,Low
LPIS-61583943388_1A,Rapeseed,20.3700008392334,0.797,0.64,,18.8,15,0.42,18.1,Low
LPIS-61654001541_48A,Ley / Grass,20.34000015258789,0.772,0.53,,14.1,40,0.47,29.6,Low
LPIS-61523971416_12A,Rapeseed,20.299999237060547,0.562,0.383,,26.6,15,0.75,10.3,Low
LPIS-61573955934_4F,Spring Barley,20.239999771118164,0.834,0.679,,10.6,15,0.58,21.7,Low
LPIS-61573969356_206A,Sugar Beet,20.239999771118164,0.894,0.697,,6.8,15,0.54,49,Moderate
LPIS-61533998270_6A,Winter Wheat,20.219999313354492,0.769,0.545,,13.2,15,0.53,9.2,Low
LPIS-61523987715_1B,Winter Wheat,20.170000076293945,0.562,0.383,,22.8,15,0.62,9.8,Low
LPIS-61513921046_18A,Rapeseed,20.139999389648438,0.778,0.621,,12.7,15,0.52,13.8,Low
LPIS-61554056149_44A,Winter Wheat,20.09000015258789,0.667,0.501,,22.3,15,0.42,10.6,Low
LPIS-61493942242_5A,Winter Wheat,20.09000015258789,0.642,0.475,,14.7,15,0.65,9.8,Low
LPIS-61693962638_5A,Maize,20,0.289,0.179,,70.9,40,0.42,22.9,Low
LPIS-61613950860_102A,Ley / Grass,19.969999313354492,0.759,0.527,,11.4,40,0.52,26.9,Low
LPIS-61553950564_79A,Winter Wheat,19.969999313354492,0.759,0.536,,14.6,15,0.46,9.3,Low
LPIS-61673943646_16A,Winter Wheat,19.920000076293945,0.876,0.654,,5.9,40,0.58,38.6,Moderate
LPIS-61594013259_5C,Winter Wheat,19.850000381469727,0.818,0.662,,10.9,15,0.65,17.9,Low
LPIS-61563957379_9A,Spring Barley,19.760000228881836,0.886,0.698,,7.1,15,0.37,31.2,Moderate
LPIS-61593997706_31C,Winter Wheat,19.75,0.603,0.445,,29.8,15,0.45,11.2,Low
LPIS-61513931258_27A,Spring Barley,19.68000030517578,0.833,0.676,,12.1,15,0.59,21.5,Low
LPIS-61493942242_5B,Rapeseed,19.530000686645508,0.704,0.546,,7,15,0.67,9.4,Low
LPIS-61523982962_4B,Sugar Beet,19.530000686645508,0.854,0.59,,6.7,15,0.64,28.4,Low
LPIS-61673963354_110A,Maize,19.5,0.407,0.273,,44.1,40,0.67,20.9,Low
LPIS-61513950680_66F,Sugar Beet,19.5,0.838,0.576,,5.2,15,0.48,23.3,Low
LPIS-61513990350_14A,Rapeseed,19.469999313354492,0.843,0.657,,18.9,15,0.53,26.3,Low
LPIS-61533928980_65B,Winter Wheat,19.440000534057617,0.78,0.604,,11.3,15,0.65,9.8,Low
LPIS-61594045645_17A,Winter Wheat,19.420000076293945,0.8,0.638,,12.9,40,0.71,22.9,Low
LPIS-61544057025_109A,Spring Barley,19.389999389648438,0.802,0.625,,10.3,15,0.57,14.9,Low
LPIS-61564074066_18A,Winter Wheat,19.3799991607666,0.71,0.576,,18.2,40,0.44,20,Low
LPIS-61514023518_49A,Spring Barley,19.3799991607666,0.815,0.651,,11.5,15,0.57,17.7,Low
LPIS-61563941281_3A,Rapeseed,19.290000915527344,0.806,0.657,,12.1,15,0.53,19.3,Low
LPIS-61563972387_29E,Spring Barley,19.219999313354492,0.783,0.629,,15.9,15,0.48,12.1,Low
LPIS-61593965717_4B,Winter Wheat,19.200000762939453,0.729,0.579,,10.2,15,0.56,9.9,Low
LPIS-61533970868_33B,Winter Wheat,19.200000762939453,0.846,0.684,,13.2,15,0.83,24.3,Low
LPIS-61463996364_38A,Sugar Beet,19.190000534057617,0.631,0.414,,24.1,15,0.57,9.7,Low
LPIS-61634016823_85A,Winter Barley,19.190000534057617,0.766,0.503,,18.2,15,0.51,9.1,Low
LPIS-61563986893_204B,Sugar Beet,19.059999465942383,0.843,0.664,,9.8,15,0.59,26.4,Low
LPIS-61564050140_7A,Winter Wheat,19.010000228881836,0.832,0.677,,7,40,0.47,29.7,Low
LPIS-61564005643_9A,Winter Wheat,18.969999313354492,0.799,0.631,,13.1,15,0.57,13.6,Low
LPIS-61524024396_19A,Spring Barley,18.8700008392334,0.727,0.503,,12.4,15,0.43,9,Low
LPIS-61473967932_107B,Winter Wheat,18.8700008392334,0.712,0.577,,11.7,40,0.56,19.3,Low
LPIS-61753966377_149A,Sugar Beet,18.65999984741211,0.801,0.602,,10.2,40,0.52,22.9,Low
LPIS-61553960633_9D,Spring Barley,18.6200008392334,0.786,0.553,,11.6,15,0.45,10.9,Low
LPIS-61543933393_12C,Winter Barley,18.610000610351562,0.794,0.647,,11.8,15,0.44,12.2,Low
LPIS-61553995194_101A,Rapeseed,18.530000686645508,0.81,0.656,,10.1,15,0.52,19.6,Low
LPIS-61603950478_6A,Spring Barley,18.5,0.795,0.549,,8.3,40,0.63,21.2,Low
LPIS-61563957379_9C,Winter Wheat,18.450000762939453,0.893,0.715,,7.2,15,0.37,40.9,Moderate
LPIS-61503934938_22B,Winter Wheat,18.31999969482422,0.737,0.567,,11,15,0.61,9.7,Low
LPIS-61493980327_4A,Rapeseed,18.260000228881836,0.608,0.438,,50.6,15,0.53,13.1,Low
LPIS-61593965717_4A,Rapeseed,18.260000228881836,0.745,0.58,,15.3,15,0.6,10.3,Low
LPIS-61584003577_22A,Winter Wheat,18.260000228881836,0.693,0.5,,18.2,40,0.6,18.9,Low
LPIS-61544067627_24A,Spring Barley,18.25,0.722,0.574,,11.9,15,0.53,10.1,Low
LPIS-61473964034_7A,Spring Barley,18.200000762939453,0.706,0.567,,12.6,5,0.62,6.7,Low
LPIS-61553972166_17A,Winter Wheat,18.149999618530273,0.786,0.592,,21.1,15,0.66,11,Low
LPIS-61503956112_35A,Winter Wheat,18.1299991607666,0.582,0.401,,25.7,15,0.47,10.2,Low
LPIS-61504008472_4A,Rapeseed,18.1200008392334,0.834,0.648,,12.8,40,0.6,33,Moderate
LPIS-61503958635_34A,Sugar Beet,18.079999923706055,0.822,0.564,,9.4,15,0.49,19.3,Low
LPIS-61554074212_198A,Spring Barley,18.06999969482422,0.602,0.395,,15.5,15,0.47,8.8,Low
LPIS-61574002529_66A,Spring Barley,18.040000915527344,0.839,0.58,,3.9,15,0.5,20.5,Low
LPIS-61513932598_1A,Spring Barley,18.010000228881836,0.827,0.66,,6.8,15,0.62,19.7,Low
LPIS-61573947656_2B,Sugar Beet,18.010000228881836,0.803,0.637,,10,15,0.62,15,Low
LPIS-61753962607_154A,Sugar Beet,17.829999923706055,0.811,0.61,,8.1,40,0.62,25.6,Low
LPIS-61673985827_22A,Ley / Grass,17.809999465942383,0.854,0.596,,5.2,40,0.64,44.1,Moderate
LPIS-61453999344_25A,Winter Wheat,17.790000915527344,0.727,0.545,,24,15,0.52,10.8,Low
LPIS-61603981856_33A,Spring Barley,17.75,0.867,0.722,,11.3,40,0.53,37.5,Moderate
LPIS-61463964603_13A,Winter Wheat,17.670000076293945,0.744,0.525,,10.2,15,0.31,8.9,Low
LPIS-61573984407_201B,Potato,17.649999618530273,0.812,0.54,,7.4,15,0.78,20.1,Low
LPIS-61523975470_19B,Winter Wheat,17.610000610351562,0.603,0.419,,20.2,15,0.8,9.8,Low
LPIS-61743968107_155A,Sugar Beet,17.600000381469727,0.806,0.595,,7.3,15,0.58,14.8,Low
LPIS-61474014702_2A,Winter Wheat,17.59000015258789,0.843,0.692,,15.8,15,0.4,24.1,Low
LPIS-61483957161_65A,Winter Wheat,17.59000015258789,0.712,0.507,,14.7,15,0.51,9.4,Low
LPIS-61533922526_23B,Winter Wheat,17.540000915527344,0.712,0.523,,31,15,0.57,11.3,Low
LPIS-61483993762_21B,Winter Wheat,17.540000915527344,0.862,0.702,,11.3,15,0.67,27.9,Low
LPIS-61453970723_17A,Winter Wheat,17.530000686645508,0.843,0.699,,14.4,15,0.49,24,Low
LPIS-61503954423_2A,Spring Barley,17.520000457763672,0.826,0.678,,17.5,15,0.47,20.9,Low
LPIS-61504000424_30A,Winter Wheat,17.489999771118164,0.808,0.544,,13.8,15,0.5,14.2,Low
LPIS-61614029471_53A,Ley / Grass,17.479999542236328,0.884,0.69,,11.3,15,0.77,50.8,Moderate
LPIS-61614025977_51A,Ley / Grass,17.469999313354492,0.883,0.694,,15.2,15,0.62,51.2,Moderate
LPIS-61554017218_15A,Winter Wheat,17.43000030517578,0.696,0.49,,20.2,15,0.83,9.9,Low
LPIS-61504004320_10A,Spring Barley,17.389999389648438,0.854,0.69,,9.2,15,0.65,25.4,Low
LPIS-61604017228_43A,Winter Wheat,17.389999389648438,0.834,0.656,,7.6,15,0.6,20.8,Low
LPIS-61584013637_21A,Spring Wheat,17.3799991607666,0.834,0.662,,12.7,15,0.54,28.3,Low
LPIS-61473980209_6C,Sugar Beet,17.360000610351562,0.641,0.432,,12.6,15,0.76,8.7,Low
LPIS-61524001855_1A,Winter Wheat,17.360000610351562,0.754,0.573,,13.7,15,0.57,9.9,Low
LPIS-61473998232_13A,Spring Barley,17.34000015258789,0.807,0.652,,9.7,15,0.67,16.1,Low
LPIS-61493956961_21A,Winter Wheat,17.31999969482422,0.754,0.533,,7.7,15,0.53,8.7,Low
LPIS-61534046584_96A,Winter Wheat,17.299999237060547,0.772,0.616,,9.9,15,0.67,10,Low
LPIS-61723967857_26C,Rapeseed,17.280000686645508,0.756,0.586,,13.5,40,0.52,19.1,Low
LPIS-61694012031_129A,Ley / Grass,17.25,0.796,0.639,,13.9,15,0.52,26.5,Low
LPIS-61753998908_1A,Ley / Grass,17.1200008392334,0.564,0.339,,22.2,40,0.71,17.8,Low
LPIS-61554059102_42A,Winter Wheat,17.06999969482422,0.855,0.696,,6.6,40,0.62,34.7,Moderate
LPIS-61604035247_10A,Unknown,17.040000915527344,0.793,0.541,,10.9,15,0.31,31.3,Moderate
LPIS-61573990738_23A,Rapeseed,17.020000457763672,0.625,0.433,,19.4,15,0.5,9.7,Low
LPIS-61603967029_26A,Ley / Grass,17.020000457763672,0.813,0.655,,13.6,40,0.59,38.5,Moderate
LPIS-61564043384_39A,Winter Wheat,17,0.824,0.679,,14.5,15,0.63,19.7,Low
LPIS-61503976107_72A,Winter Wheat,16.950000762939453,0.837,0.686,,16.2,15,0.34,22.8,Low
LPIS-61503901490_10B,Winter Wheat,16.950000762939453,0.799,0.581,,12.7,15,0.58,12.7,Low
LPIS-61593972661_24C,Winter Wheat,16.940000534057617,0.813,0.558,,8.7,15,0.71,15,Low
LPIS-61463973193_3A,Rapeseed,16.8799991607666,0.783,0.607,,15.2,15,0.57,14.9,Low
LPIS-61533986323_2A,Winter Wheat,16.8700008392334,0.87,0.717,,11.9,15,0.76,29.8,Low
LPIS-61554045506_35A,Winter Wheat,16.81999969482422,0.628,0.441,,17.1,15,0.64,9.5,Low
LPIS-61584049719_53A,Winter Wheat,16.809999465942383,0.665,0.476,,24.7,15,0.6,10.5,Low
LPIS-61513987567_13A,Rapeseed,16.739999771118164,0.663,0.454,,19.5,15,0.38,9.6,Low
LPIS-61523987715_1A,Sugar Beet,16.719999313354492,0.808,0.523,,16.8,15,0.62,15.4,Low
LPIS-61523949705_44A,Winter Wheat,16.690000534057617,0.609,0.403,,18.5,15,0.78,9.2,Low
LPIS-61574013554_16A,Winter Wheat,16.639999389648438,0.769,0.595,,18.9,15,0.63,10.6,Low
LPIS-61613992144_22A,Rapeseed,16.639999389648438,0.594,0.404,,26.5,40,0.4,19.2,Low
LPIS-61474014702_2B,Winter Wheat,16.639999389648438,0.828,0.551,,8.2,15,0.5,18.1,Low
LPIS-61634039649_12A,Ley / Grass,16.639999389648438,0.726,0.474,,14.1,40,0.43,20.5,Low
LPIS-61584013637_21B,Sugar Beet,16.610000610351562,0.848,0.579,,9,15,0.75,26.6,Low
LPIS-61473969469_105A,Rapeseed,16.59000015258789,0.392,0.268,,41.5,15,0.49,11.8,Low
LPIS-61564039352_84A,Maize,16.540000915527344,0.348,0.223,,53.1,40,0.57,21.4,Low
LPIS-61483984559_2A,Spring Barley,16.530000686645508,0.826,0.672,,12.2,15,0.41,20.2,Low
LPIS-61513975944_108A,Winter Wheat,16.479999542236328,0.82,0.64,,11.3,15,0.51,18,Low
LPIS-61554049107_31C,Potato,16.459999084472656,0.808,0.551,,9.4,15,0.53,19,Low
LPIS-61543933393_12A,Winter Wheat,16.3700008392334,0.758,0.618,,4.6,15,0.54,9.7,Low
LPIS-61473967932_107A,Winter Wheat,16.3700008392334,0.735,0.589,,6.2,15,0.51,9.6,Low
LPIS-61523942063_94A,Spring Barley,16.31999969482422,0.818,0.652,,11.1,15,0.52,18.4,Low
LPIS-61503989501_73A,Winter Wheat,16.290000915527344,0.837,0.571,,8.4,15,0.61,20.2,Low
LPIS-61524005235_121A,Sugar Beet,16.270000457763672,0.71,0.495,,10.7,15,0.71,8.8,Low
LPIS-61544037034_102A,Winter Wheat,16.260000228881836,0.799,0.615,,13.9,15,0.67,13.4,Low
LPIS-61583961906_8A,Winter Wheat,16.25,0.824,0.584,,11.6,15,0.72,18.1,Low
LPIS-61473967932_107C,Winter Wheat,16.239999771118164,0.727,0.598,,9.3,5,0.57,6.6,Low
LPIS-61484019249_61A,Winter Wheat,16.219999313354492,0.813,0.636,,33.2,15,0.46,18.7,Low
LPIS-61543956748_11C,Winter Wheat,16.18000030517578,0.56,0.382,,23.5,15,0.52,10,Low
LPIS-61554009490_12A,Rapeseed,16.18000030517578,0.792,0.614,,12.7,15,0.79,16.3,Low
LPIS-61574058236_35A,Winter Wheat,16.170000076293945,0.353,0.238,,80.6,40,0.53,24.5,Low
LPIS-61583968264_1B,Winter Wheat,16.149999618530273,0.777,0.618,,13.2,15,0.69,10.3,Low
LPIS-61574037528_3B,Sugar Beet,16.149999618530273,0.791,0.554,,10.6,15,0.5,10.5,Low
LPIS-61523911850_6A,Winter Wheat,16.1200008392334,0.685,0.493,,27.1,15,0.55,10.7,Low
LPIS-61614027725_52B,Spring Barley,16.110000610351562,0.878,0.623,,3.4,15,0.52,28.5,Low
LPIS-61603995881_2A,Rapeseed,16.100000381469727,0.772,0.574,,8.6,15,0.86,11.8,Low
LPIS-61534023314_2B,Ley / Grass,16.09000015258789,0.514,0.319,,21.8,40,0.3,18,Low
LPIS-61593972661_24B,Winter Wheat,16.059999465942383,0.856,0.7,,7.5,15,0.65,26.1,Low
LPIS-61593995781_2A,Sugar Beet,16.049999237060547,0.745,0.489,,10.6,15,0.54,8.3,Low
LPIS-61743952710_160B,Sugar Beet,16.040000915527344,0.88,0.633,,5.4,40,0.59,45,Moderate
LPIS-61474014702_2E,Spring Barley,15.9399995803833,0.861,0.659,,14,15,0.49,26.7,Low
LPIS-61533940241_87A,Unknown,15.9399995803833,0.535,0.372,,23.1,15,0.75,10,Low
LPIS-61584041319_17A,Rapeseed,15.899999618530273,0.6,0.428,,19.6,40,0.79,18.9,Low
LPIS-61523996033_3C,Rapeseed,15.890000343322754,0.832,0.681,,7.5,15,0.73,23.6,Low
LPIS-61503972235_48A,Winter Wheat,15.880000114440918,0.873,0.714,,5.3,15,0.55,29.7,Low
LPIS-61574075905_45A,Winter Wheat,15.84000015258789,0.717,0.583,,22,15,0.66,11.4,Low
LPIS-61603968375_2A,Spring Barley,15.779999732971191,0.722,0.505,,16.7,40,0.63,18.5,Low
LPIS-61523954847_21A,Sugar Beet,15.779999732971191,0.849,0.694,,14.8,40,0.63,38.2,Moderate
LPIS-61513966730_20A,Rapeseed,15.779999732971191,0.865,0.707,,10.5,15,0.67,30.1,Moderate
LPIS-61613957384_27B,Ley / Grass,15.760000228881836,0.278,0.175,,68.8,40,0.6,22.8,Low
LPIS-61473978796_7C,Oats,15.739999771118164,0.801,0.559,,12.1,15,0.46,20,Low
LPIS-61713993285_1A,Unknown,15.710000038146973,0.759,0.496,,10.7,15,0.77,23.8,Low
LPIS-61594031847_4A,Ley / Grass,15.65999984741211,0.785,0.56,,13.3,15,0.55,23.3,Low
LPIS-61463953298_34A,Winter Wheat,15.619999885559082,0.773,0.603,,13.7,15,0.21,10.1,Low
LPIS-61463975213_5A,Spring Barley,15.609999656677246,0.768,0.507,,10.7,15,0.74,8.4,Low
LPIS-61483990870_15A,Rapeseed,15.600000381469727,0.505,0.345,,42.4,15,0.6,11.9,Low
LPIS-61584002128_58A,Spring Barley,15.600000381469727,0.847,0.697,,14.6,15,0.59,24.7,Low
LPIS-61453986703_1A,Sugar Beet,15.569999694824219,0.845,0.697,,9.1,15,0.44,27.5,Low
LPIS-61594066348_80c,Winter Wheat,15.5600004196167,0.802,0.551,,13.1,40,0.69,21.9,Low
LPIS-61523982962_4A,Winter Wheat,15.5600004196167,0.862,0.721,,10.2,15,0.58,28,Low
LPIS-61524041556_8A,Rapeseed,15.550000190734863,0.788,0.638,,10.2,15,0.56,15.7,Low
LPIS-61453979910_34A,Rapeseed,15.529999732971191,0.686,0.544,,10.8,15,0.63,10,Low
LPIS-61563945897_1B,Spring Barley,15.510000228881836,0.765,0.611,,14.5,15,0.55,10.4,Low
LPIS-61493918843_11D,Spring Wheat,15.479999542236328,0.71,0.558,,10.4,15,0.16,9.9,Low
LPIS-61543983762_5B,Winter Wheat,15.470000267028809,0.866,0.688,,14.7,15,0.74,28.8,Low
LPIS-61543953008_6A,Winter Wheat,15.449999809265137,0.812,0.64,,12.4,15,0.57,16.5,Low
LPIS-61553963603_66A,Sugar Beet,15.449999809265137,0.808,0.575,,14.9,15,0.6,16.1,Low
LPIS-61473998076_14B,Winter Wheat,15.390000343322754,0.794,0.628,,19.9,15,0.59,13.1,Low
LPIS-61783972032_159A,Ley / Grass,15.350000381469727,0.598,0.38,,20,40,0.52,18,Low
LPIS-61563972387_29H,Rapeseed,15.34000015258789,0.713,0.568,,8.2,15,0.52,9.8,Low
LPIS-61723968985_27A,Spring Barley,15.260000228881836,0.726,0.561,,12,40,0.42,18.9,Low
LPIS-61554043353_36C,Winter Wheat,15.260000228881836,0.834,0.673,,11.1,15,0.5,21.4,Low
LPIS-61474014702_2D,Winter Wheat,15.229999542236328,0.837,0.678,,5.1,15,0.47,21.6,Low
LPIS-61483950747_3A,Spring Barley,15.229999542236328,0.681,0.547,,13.4,40,0.63,19.4,Low
LPIS-61544025485_2A,Rapeseed,15.229999542236328,0.692,0.511,,25,15,0.61,10.8,Low
LPIS-61724015449_12A,Spring Barley,15.170000076293945,0.875,0.676,,5.4,40,0.84,37.7,Moderate
LPIS-61753978306_148A,Sugar Beet,15.170000076293945,0.783,0.594,,10.7,40,0.6,18.6,Low
LPIS-61743986927_21A,Rapeseed,15.15999984741211,0.815,0.634,,8.2,40,0.48,29,Low
LPIS-61543933393_12B,Potato,15.15999984741211,0.733,0.562,,9,15,0.51,9.5,Low
LPIS-61593997706_31D,Rapeseed,15.119999885559082,0.821,0.64,,11.8,15,0.35,21.6,Low
LPIS-61453982104_124A,Spring Barley,15.119999885559082,0.75,0.6,,13.2,15,0.56,10.3,Low
LPIS-61463979032_6A,Winter Wheat,15.09000015258789,0.762,0.575,,15,15,0.64,10,Low
LPIS-61473953766_4A,Winter Wheat,15.079999923706055,0.682,0.524,,12,15,0.51,9.8,Low
LPIS-61633973686_1B,Ley / Grass,15.050000190734863,0.829,0.552,,8.1,40,0.59,39.4,Moderate
LPIS-61443973799_14B,Winter Wheat,15.039999961853027,0.566,0.394,,23.1,15,0.49,10.1,Low
LPIS-61543933393_12D,Rapeseed,15.020000457763672,0.705,0.503,,11.6,15,0.56,9.1,Low
LPIS-61603970424_61A,Rapeseed,15.010000228881836,0.449,0.296,,31.8,15,0.53,10.5,Low
LPIS-61604001391_39A,Sugar Beet,15,0.809,0.544,,20,15,0.76,16.2,Low
LPIS-61514023780_4A,Spring Barley,15,0.76,0.549,,15.1,15,0.5,9.6,Low
LPIS-61534015641_8C,Rapeseed,14.949999809265137,0.738,0.598,,10.9,40,0.74,19.2,Low
LPIS-61714014133_78A,Winter Wheat,14.920000076293945,0.756,0.458,,12.6,15,0.67,7.9,Low
LPIS-61604039988_21A,Ley / Grass,14.899999618530273,0.866,0.621,,9.7,15,0.75,38,Moderate
LPIS-61584026847_14B,Winter Wheat,14.899999618530273,0.846,0.704,,12.6,15,0.59,24.6,Low
LPIS-61464005819_43A,Spring Barley,14.850000381469727,0.641,0.513,,11,15,0.54,10.1,Low
LPIS-61573955934_4A,Winter Wheat,14.829999923706055,0.819,0.647,,6,15,0.6,17.3,Low
LPIS-61614004920_11A,Rapeseed,14.829999923706055,0.659,0.449,,12.1,15,0.58,8.8,Low
LPIS-61603972767_63A,Winter Wheat,14.819999694824219,0.829,0.672,,10.3,40,0.58,29.2,Low
LPIS-61564057375_12A,Spring Barley,14.800000190734863,0.697,0.565,,15.4,15,0.61,10.7,Low
LPIS-61624009190_30A,Ley / Grass,14.789999961853027,0.559,0.339,,19,15,0.77,8.6,Low
LPIS-61543933393_12F,Spring Barley,14.789999961853027,0.742,0.533,,10.2,15,0.56,9.1,Low
LPIS-61723995329_114A,Ley / Grass,14.75,0.741,0.55,,16.9,15,0.52,15.7,Low
LPIS-61493962509_3A,Winter Wheat,14.739999771118164,0.755,0.599,,10.4,15,0.65,10,Low
LPIS-61493956341_86A,Winter Wheat,14.6899995803833,0.759,0.582,,12.4,15,0.54,9.8,Low
LPIS-61503952967_1F,Winter Wheat,14.609999656677246,0.803,0.655,,10.1,15,0.51,14.4,Low
LPIS-61544005679_4A,Rapeseed,14.600000381469727,0.721,0.583,,14.7,40,0.79,19.6,Low
LPIS-61603999980_7A,Winter Wheat,14.600000381469727,0.838,0.663,,17.1,15,0.6,22.6,Low
LPIS-61513913256_4A,Sugar Beet,14.59000015258789,0.791,0.55,,12.1,15,0.43,10.4,Low
LPIS-61503952967_1C,Sugar Beet,14.579999923706055,0.749,0.587,,12.3,15,0.51,10,Low
LPIS-61513978260_37A,Winter Wheat,14.579999923706055,0.818,0.567,,12.8,15,0.81,16.7,Low
LPIS-61523997289_13A,Spring Wheat,14.40999984741211,0.759,0.513,,11.7,15,0.73,8.7,Low
LPIS-61554026343_10A,Potato,14.40999984741211,0.79,0.642,,7.5,15,0.87,13.6,Low
LPIS-61533939042_15A,Spring Barley,14.40999984741211,0.744,0.604,,6.7,15,0.57,9.8,Low
LPIS-61463987657_30A,Rapeseed,14.390000343322754,0.828,0.679,,16.3,15,0.68,23.8,Low
LPIS-61483996397_55C,Winter Wheat,14.380000114440918,0.853,0.679,,17.9,15,0.71,26.1,Low
LPIS-61493975819_2A,Winter Wheat,14.350000381469727,0.806,0.612,,12.6,40,0.55,23.7,Low
LPIS-61513936024_12A,Rapeseed,14.34000015258789,0.846,0.685,,4.2,15,0.75,25.7,Low
LPIS-61583984893_54A,Winter Wheat,14.3100004196167,0.804,0.628,,10.4,15,0.7,14.4,Low
LPIS-61773951568_59A,Rapeseed,14.3100004196167,0.78,0.585,,9.5,15,0.46,13.4,Low
LPIS-61513944259_3A,Winter Wheat,14.300000190734863,0.807,0.519,,8.4,15,0.62,13.2,Low
LPIS-61463979373_10A,Winter Wheat,14.270000457763672,0.774,0.547,,12.5,15,0.62,9.1,Low
LPIS-61523938213_47A,Unknown,14.25,0.836,0.692,,19,15,0.62,51.3,Moderate
LPIS-61563980984_2A,Sugar Beet,14.239999771118164,0.802,0.546,,8.8,15,0.65,13.2,Low
LPIS-61473980209_6A,Spring Barley,14.229999542236328,0.783,0.542,,11,15,0.59,10.1,Low
LPIS-61574050436_13A,Winter Wheat,14.229999542236328,0.744,0.5,,16,15,0.55,9.1,Low
LPIS-61633990533_39A,Ley / Grass,14.180000305175781,0.793,0.527,,8.6,15,0.62,23.7,Low
LPIS-61563949965_2A,Winter Wheat,14.15999984741211,0.798,0.645,,8.9,15,0.74,13.3,Low
LPIS-61473978545_33A,Winter Wheat,14.149999618530273,0.711,0.502,,11.9,15,0.65,9.1,Low
LPIS-61703971982_28A,Ley / Grass,14.130000114440918,0.676,0.433,,9.8,40,0.69,17.1,Low
LPIS-61624030585_16A,Maize,14.119999885559082,0.399,0.267,,59.7,15,0.5,13.4,Low
LPIS-61483963157_102D,Rapeseed,14.109999656677246,0.611,0.473,,12.3,40,0.58,18.9,Low
LPIS-61613991682_21A,Rapeseed,14.09000015258789,0.792,0.641,,17.3,15,0.5,17.1,Low
LPIS-61513976998_4A,Winter Wheat,14.079999923706055,0.879,0.697,,7.7,15,0.6,31,Moderate
LPIS-61534021466_3C,Sugar Beet,14,0.793,0.568,,11.2,40,0.64,20.3,Low
LPIS-61573996617_27A,Spring Barley,13.90999984741211,0.852,0.67,,15.7,15,0.69,25.4,Low
LPIS-61733972567_11A,Ley / Grass,13.90999984741211,0.826,0.553,,7.7,40,0.7,38.8,Moderate
LPIS-61634060518_134A,Winter Wheat,13.899999618530273,0.705,0.537,,13.6,40,0.76,18.9,Low
LPIS-61494017558_22A,Winter Wheat,13.869999885559082,0.813,0.648,,16.7,15,0.52,17.2,Low
LPIS-61674015082_4B,Spring Barley,13.869999885559082,0.721,0.444,,19,70,0.52,28.5,Low
LPIS-61514020299_1A,Winter Wheat,13.859999656677246,0.752,0.594,,15.1,15,0.5,10.4,Low
LPIS-61583968264_1G,Winter Wheat,13.850000381469727,0.832,0.654,,11.9,15,0.75,20.9,Low
LPIS-61653980130_3A,Ley / Grass,13.84000015258789,0.765,0.504,,12.4,40,0.61,27.8,Low
LPIS-61553960633_9B,Winter Wheat,13.8100004196167,0.858,0.61,,9,15,0.64,25.3,Low
LPIS-61614033774_12A,Rapeseed,13.8100004196167,0.832,0.669,,11.2,40,0.65,32.8,Moderate
LPIS-61813963303_106A,Ley / Grass,13.789999961853027,0.666,0.434,,19.7,70,0.54,29,Low
LPIS-61534027466_4A,Rapeseed,13.789999961853027,0.585,0.419,,46.8,40,0.69,21.7,Low
LPIS-61463973860_4A,Rapeseed,13.770000457763672,0.535,0.36,,24.7,15,0.65,9.9,Low
LPIS-61473978796_7A,Winter Wheat,13.739999771118164,0.822,0.569,,9.8,15,0.5,17.3,Low
LPIS-61513931013_28A,Winter Wheat,13.739999771118164,0.603,0.413,,27.7,15,0.61,10.4,Low
LPIS-61513924299_16A,Sugar Beet,13.739999771118164,0.797,0.545,,8.3,15,0.46,11.8,Low
LPIS-61733927352_163A,Fallow,13.710000038146973,0.635,0.422,,53.6,40,0.67,21.7,Low
LPIS-61473974063_2B,Peas,13.680000305175781,0.83,0.648,,8.3,15,0.61,30.4,Moderate
LPIS-61513948785_21A,Winter Wheat,13.65999984741211,0.646,0.444,,17,15,0.73,9.4,Low
LPIS-61513970554_10B,Rapeseed,13.630000114440918,0.606,0.431,,31.3,15,0.75,11.1,Low
LPIS-61513946391_84A,Peas,13.609999656677246,0.774,0.589,,11.7,15,0.58,9.7,Low
LPIS-61533921709_13A,Spring Barley,13.609999656677246,0.81,0.555,,8.4,15,0.57,15.2,Low
LPIS-61513970554_10A,Sugar Beet,13.600000381469727,0.739,0.516,,10.4,15,0.73,8.8,Low
LPIS-61494000347_45C,Spring Barley,13.600000381469727,0.848,0.689,,11.1,15,0.57,24.5,Low
LPIS-61453985233_34A,Sugar Beet,13.59000015258789,0.801,0.539,,7.2,15,0.54,12.7,Low
LPIS-61453968392_11A,Winter Wheat,13.579999923706055,0.711,0.555,,18,15,0.46,10.6,Low
LPIS-61493984802_42A,Winter Wheat,13.569999694824219,0.821,0.653,,14.4,40,0.6,27.6,Low
LPIS-61524017406_92A,Potato,13.5600004196167,0.77,0.606,,13.2,15,0.63,10.2,Low
LPIS-61523982962_4E,Spring Barley,13.5600004196167,0.854,0.693,,13,15,0.28,25.8,Low
LPIS-61543957924_75A,Winter Wheat,13.539999961853027,0.887,0.699,,10.7,15,0.48,33.1,Moderate
LPIS-61674005449_23A,Ley / Grass,13.539999961853027,0.801,0.504,,9.4,40,0.8,33.8,Moderate
LPIS-61553996779_3A,Spring Wheat,13.510000228881836,0.751,0.527,,14.4,15,0.77,9.3,Low
LPIS-61773945049_94A,Winter Wheat,13.470000267028809,0.819,0.651,,9.5,40,0.78,26.8,Low
LPIS-61753989440_311A,Sugar Beet,13.460000038146973,0.329,0.213,,85.3,15,0.54,15.7,Low
LPIS-61543972195_15B,Winter Wheat,13.449999809265137,0.866,0.663,,11.4,15,0.46,28.2,Low
LPIS-61493965182_50A,Spring Barley,13.4399995803833,0.805,0.647,,12.2,15,0.44,16,Low
LPIS-61714015657_36A,Winter Wheat,13.40999984741211,0.556,0.373,,20.2,15,0.87,9.5,Low
LPIS-61533954156_57A,Peas,13.40999984741211,0.799,0.547,,15.2,15,0.67,18.3,Low
LPIS-61604006668_38D,Spring Barley,13.40999984741211,0.873,0.72,,9.9,15,0.82,29.5,Low
LPIS-61613996114_202A,Maize,13.319999694824219,0.37,0.245,,80.7,40,0.5,24.4,Low
LPIS-61514000820_55A,Rapeseed,13.3100004196167,0.686,0.48,,14.9,40,0.58,18.3,Low
LPIS-61553957232_12C,Winter Wheat,13.289999961853027,0.885,0.69,,6.8,15,0.45,32,Moderate
LPIS-61564020583_7A,Sugar Beet,13.270000457763672,0.709,0.565,,14.8,40,0.46,19.4,Low
LPIS-61493982315_39A,Winter Wheat,13.270000457763672,0.817,0.624,,16.2,15,0.4,17.6,Low
LPIS-61503995848_106A,Rapeseed,13.25,0.846,0.631,,9.4,15,0.58,25.5,Low
LPIS-61524018758_9A,Spring Barley,13.229999542236328,0.734,0.587,,12,40,0.55,19.2,Low
LPIS-61543990909_25A,Spring Barley,13.210000038146973,0.869,0.68,,10.7,15,0.79,28.2,Low
LPIS-61513965192_40A,Rapeseed,13.199999809265137,0.85,0.689,,12.2,15,0.61,27.2,Low
LPIS-61543943541_16A,Sugar Beet,13.1899995803833,0.716,0.484,,14.7,15,0.53,9,Low
LPIS-61513998399_7A,Winter Wheat,13.1899995803833,0.823,0.557,,7.9,40,0.56,26,Low
LPIS-61534031178_30A,Ley / Grass,13.1899995803833,0.731,0.468,,13.4,40,0.75,21.3,Low
LPIS-61463987657_30B,Winter Wheat,13.170000076293945,0.832,0.689,,15.8,15,0.62,21.8,Low
LPIS-61624013475_1B,Winter Barley,13.149999618530273,0.843,0.663,,10.6,15,0.75,24.5,Low
LPIS-61584018730_10A,Spring Barley,13.140000343322754,0.834,0.682,,14.6,15,0.51,22.2,Low
LPIS-61713985191_196A,Spring Barley,13.130000114440918,0.712,0.551,,11,15,0.6,9.8,Low
LPIS-61554026343_10B,Winter Wheat,13.130000114440918,0.775,0.622,,9.7,40,0.68,19,Low
LPIS-61564049357_6A,Winter Wheat,13.119999885559082,0.819,0.552,,9.1,40,0.47,25.3,Low
LPIS-61513950680_66E,Rapeseed,13.109999656677246,0.873,0.71,,5.8,15,0.63,31,Moderate
LPIS-61504024522_5A,Maize,13.109999656677246,0.775,0.57,,22.7,15,0.77,24.3,Low
LPIS-61463982137_7A,Winter Wheat,13.100000381469727,0.788,0.633,,16.6,15,0.51,11.7,Low
LPIS-61533922526_23A,Rapeseed,13.100000381469727,0.857,0.694,,3.1,15,0.68,27.7,Low
LPIS-61553960633_9A,Spring Barley,13.100000381469727,0.808,0.621,,10,15,0.63,15.9,Low
LPIS-61603998483_1A,Spring Barley,13.09000015258789,0.823,0.671,,9.6,15,0.62,19.3,Low
LPIS-61584013637_21C,Fallow,13.0600004196167,0.859,0.685,,5.1,15,0.78,41.1,Moderate
LPIS-61473991647_32A,Rapeseed,13.0600004196167,0.624,0.437,,19.3,15,0.7,9.7,Low
LPIS-61574039638_16A,Spring Barley,13.050000190734863,0.763,0.624,,9.5,40,0.55,19.2,Low
LPIS-61643995415_31A,Winter Wheat,13.039999961853027,0.755,0.539,,12.8,15,0.68,9.2,Low
LPIS-61534015641_8A,Sugar Beet,13.029999732971191,0.779,0.643,,18.3,15,0.69,11.1,Low
LPIS-61493991390_52A,Winter Barley,13.010000228881836,0.657,0.463,,24.5,15,0.66,10.3,Low
LPIS-61553948794_57A,Rapeseed,12.989999771118164,0.806,0.639,,6.1,15,0.62,18.3,Low
LPIS-61583968264_1D,Spring Barley,12.979999542236328,0.838,0.683,,12.8,15,0.6,22.7,Low
LPIS-61604000567_41A,Maize,12.970000267028809,0.338,0.222,,68.9,15,0.64,14.2,Low
LPIS-61523936120_46A,Winter Wheat,12.970000267028809,0.88,0.725,,6.4,15,0.61,31.3,Moderate
LPIS-61513980668_20A,Winter Wheat,12.970000267028809,0.839,0.58,,7,40,0.75,29.7,Low
LPIS-61584009621_21A,Winter Wheat,12.960000038146973,0.752,0.611,,12.4,15,0.64,10.4,Low
LPIS-61533996336_9A,Winter Wheat,12.960000038146973,0.667,0.476,,18.4,15,0.65,9.8,Low
LPIS-61543933393_12E,Fallow,12.960000038146973,0.794,0.647,,10.1,15,0.54,23.3,Low
LPIS-61473974063_2A,Winter Wheat,12.960000038146973,0.764,0.626,,9.5,15,0.57,10.2,Low
LPIS-61593972661_24A,Rapeseed,12.949999809265137,0.813,0.637,,15.7,15,0.6,20.5,Low
LPIS-61483972570_2A,Winter Wheat,12.930000305175781,0.794,0.65,,18.2,15,0.44,13.4,Low
LPIS-61604021683_22B,Winter Barley,12.899999618530273,0.743,0.604,,13.9,15,0.64,10.5,Low
LPIS-61534015641_8B,Potato,12.890000343322754,0.736,0.493,,10.3,15,0.63,8.5,Low
LPIS-61493977677_6A,Winter Wheat,12.859999656677246,0.795,0.594,,18.1,40,0.59,21.7,Low
LPIS-61673960643_17A,Winter Wheat,12.84000015258789,0.73,0.571,,18.3,15,0.64,10.6,Low
LPIS-61533986357_17A,Winter Wheat,12.819999694824219,0.887,0.741,,10,15,0.6,33.4,Moderate
LPIS-61544051404_64A,Rapeseed,12.819999694824219,0.765,0.609,,13.3,15,0.76,11.5,Low
LPIS-61513985560_9A,Sugar Beet,12.800000190734863,0.828,0.553,,12.4,15,0.6,21,Low
LPIS-61523972593_2A,Winter Wheat,12.770000457763672,0.871,0.689,,17.2,15,0.87,30,Moderate
LPIS-61503976855_9A,Spring Barley,12.760000228881836,0.811,0.672,,13.7,15,0.78,17.7,Low
LPIS-61574009924_184A,Winter Wheat,12.710000038146973,0.887,0.707,,7.5,15,0.51,32.7,Moderate
LPIS-61594021101_1B,Winter Wheat,12.710000038146973,0.863,0.691,,16.5,15,0.66,28.4,Low
LPIS-61503952967_1G,Rapeseed,12.6899995803833,0.703,0.501,,23.6,15,0.56,10.3,Low
LPIS-61523959847_13A,Spring Barley,12.65999984741211,0.656,0.455,,19.7,15,0.44,9.7,Low
LPIS-61523932035_45A,Rapeseed,12.640000343322754,0.856,0.699,,7.9,15,0.58,28,Low
LPIS-61653988161_23A,Ley / Grass,12.630000114440918,0.861,0.604,,6.8,40,0.59,45.5,Moderate
LPIS-61534041992_70A,Sugar Beet,12.630000114440918,0.742,0.516,,12.7,15,0.56,9,Low
LPIS-61514012274_46A,Rapeseed,12.619999885559082,0.868,0.672,,8.5,15,0.59,29.9,Low
LPIS-61603984793_35A,Sugar Beet,12.609999656677246,0.865,0.713,,9,40,0.64,42.4,Moderate
LPIS-61463968358_3A,Winter Wheat,12.59000015258789,0.812,0.618,,11.3,5,0.67,12.4,Low
LPIS-61613977556_9A,Spring Barley,12.569999694824219,0.894,0.695,,9.1,15,0.67,33,Moderate
LPIS-61723970347_90A,Winter Wheat,12.5600004196167,0.768,0.55,,8.5,40,0.69,17.8,Low
LPIS-61503986630_6B,Spring Wheat,12.550000190734863,0.821,0.554,,11,15,0.72,23.4,Low
LPIS-61503965071_61B,Winter Wheat,12.539999961853027,0.813,0.57,,20.2,15,0.4,16.4,Low
LPIS-61543981732_4B,Sugar Beet,12.539999961853027,0.732,0.518,,11.7,15,0.57,9.1,Low
LPIS-61463972013_9A,Winter Wheat,12.529999732971191,0.7,0.489,,8.6,15,0.63,8.6,Low
LPIS-61554063670_9D,Winter Wheat,12.520000457763672,0.692,0.478,,7.8,40,0.42,17.5,Low
LPIS-61534023314_2A,Winter Wheat,12.5,0.699,0.521,,22.2,40,0.58,19.6,Low
LPIS-61524009241_1A,Spring Wheat,12.5,0.776,0.629,,12.2,15,0.77,14.5,Low
LPIS-61503947233_10B,Spring Barley,12.449999809265137,0.81,0.644,,14,15,0.64,17.1,Low
LPIS-61544067627_24B,Winter Wheat,12.420000076293945,0.752,0.575,,9.4,15,0.38,9.5,Low
LPIS-61613999260_40D,Spring Barley,12.420000076293945,0.846,0.592,,18.3,40,0.59,32.5,Moderate
LPIS-61724015449_12B,Spring Barley,12.420000076293945,0.781,0.606,,12,40,0.79,19.8,Low
LPIS-61613971831_21A,Maize,12.40999984741211,0.832,0.579,,13.8,40,0.58,35.7,Moderate
LPIS-61523944606_17B,Winter Wheat,12.399999618530273,0.875,0.699,,9.3,15,0.73,30.2,Moderate
LPIS-61573955934_4C,Sugar Beet,12.399999618530273,0.819,0.583,,4.5,15,0.59,18.1,Low
LPIS-61613951808_13A,Spring Barley,12.380000114440918,0.713,0.545,,16.2,15,0.61,10.2,Low
LPIS-61584034929_5A,Spring Barley,12.369999885559082,0.77,0.558,,12.9,15,0.49,9.4,Low
LPIS-61523922549_15A,Spring Barley,12.369999885559082,0.815,0.671,,16.2,15,0.5,18.6,Low
LPIS-61523912076_41A,Sugar Beet,12.359999656677246,0.83,0.611,,16.8,15,0.49,22.9,Low
LPIS-61594020960_8B,Rapeseed,12.34000015258789,0.696,0.531,,26.2,15,0.52,11.2,Low
LPIS-61623965688_40A,Ley / Grass,12.319999694824219,0.821,0.561,,11.2,40,0.54,38.4,Moderate
LPIS-61543940572_19B,Unknown,12.270000457763672,0.767,0.567,,10.9,15,0.66,26.5,Low
LPIS-61723975276_8A,Winter Wheat,12.260000228881836,0.617,0.439,,28.6,15,0.73,10.8,Low
LPIS-61714013080_39A,Winter Wheat,12.239999771118164,0.747,0.482,,11.7,15,0.89,8.3,Low
LPIS-61543963233_9A,Winter Wheat,12.229999542236328,0.892,0.695,,9.8,15,0.5,40.6,Moderate
LPIS-61524059126_6A,Winter Wheat,12.1899995803833,0.817,0.635,,9.6,15,0.55,17,Low
LPIS-61504017546_1A,Potato,12.1899995803833,0.804,0.561,,15.4,15,0.46,18.3,Low
LPIS-61673978311_14A,Sugar Beet,12.180000305175781,0.774,0.521,,11.8,40,0.73,17.7,Low
LPIS-61583955129_2A,Winter Wheat,12.15999984741211,0.752,0.613,,15,15,0.61,10.7,Low
LPIS-61523979737_34A,Rapeseed,12.15999984741211,0.839,0.679,,21.9,15,0.43,26.3,Low
LPIS-61614009644_4B,Spring Barley,12.149999618530273,0.803,0.628,,14.1,15,0.57,15.5,Low
LPIS-61494004976_23A,Spring Barley,12.140000343322754,0.814,0.549,,10.2,15,0.51,16,Low
LPIS-61613969725_33A,Ley / Grass,12.130000114440918,0.719,0.507,,16.1,40,0.51,20.1,Low
LPIS-61584056564_11A,Winter Wheat,12.119999885559082,0.844,0.68,,7.8,40,0.58,32.2,Moderate
LPIS-61593952658_17A,Winter Wheat,12.119999885559082,0.742,0.593,,13,15,0.64,10.3,Low
LPIS-61564005878_62A,Rapeseed,12.109999656677246,0.685,0.452,,12.1,15,0.51,8.5,Low
LPIS-61594025528_3A,Winter Wheat,12.100000381469727,0.808,0.655,,10,15,0.62,15.5,Low
LPIS-61763983722_139A,Unknown,12.09000015258789,0.792,0.541,,14.3,40,0.63,40.3,Moderate
LPIS-61484014361_10A,Sugar Beet,12.079999923706055,0.833,0.562,,9.3,15,0.52,22.2,Low
LPIS-61443988853_31B,Spring Barley,12.079999923706055,0.755,0.602,,16,15,0.42,10.6,Low
LPIS-61554063670_9A,Winter Wheat,12.079999923706055,0.622,0.489,,15.4,40,0.43,19.4,Low
LPIS-61624019523_80A,Ley / Grass,12.0600004196167,0.591,0.366,,18.6,15,0.49,8.7,Low
LPIS-61504013802_13C,Unknown,12.0600004196167,0.429,0.299,,64.5,15,0.47,14.2,Low
LPIS-61743954178_40A,Ley / Grass,12.020000457763672,0.661,0.433,,15.7,15,0.68,8.8,Low
LPIS-61593970379_9A,Spring Barley,12.010000228881836,0.822,0.652,,11.3,15,0.47,19.1,Low
LPIS-61544068895_80A,Rapeseed,12.010000228881836,0.652,0.522,,11,40,0.66,19.1,Low
LPIS-61704007854_4A,Ley / Grass,12,0.798,0.546,,33.3,40,0.54,36.4,Moderate
LPIS-61554054373_6A,Winter Wheat,12,0.751,0.518,,13.8,15,0.28,9,Low
LPIS-61554063670_9C,Spring Barley,11.979999542236328,0.709,0.57,,5.6,15,0.71,9.6,Low
LPIS-61604006668_38A,Sugar Beet,11.970000267028809,0.805,0.539,,11,15,0.55,14.1,Low
LPIS-61534023314_2C,Winter Wheat,11.960000038146973,0.611,0.47,,21.4,40,0.72,19.8,Low
LPIS-61543972195_15A,Rapeseed,11.949999809265137,0.564,0.39,,35.9,15,0.69,11.3,Low
LPIS-61543972195_15C,Winter Wheat,11.9399995803833,0.833,0.667,,15.2,15,0.49,21.6,Low
LPIS-61494028325_20A,Spring Barley,11.920000076293945,0.776,0.648,,12.8,15,0.54,10.7,Low
LPIS-61613999260_40B,Ley / Grass,11.90999984741211,0.863,0.662,,21.1,15,0.55,46.9,Moderate
LPIS-61513942935_2A,Spring Barley,11.890000343322754,0.856,0.66,,12.4,15,0.58,25.6,Low
LPIS-61594020960_8C,Unknown,11.890000343322754,0.775,0.644,,15,15,0.62,29.7,Low
LPIS-61564077509_12A,Winter Wheat,11.890000343322754,0.711,0.578,,12.1,15,0.51,10.4,Low
LPIS-61484000550_13A,Rapeseed,11.880000114440918,0.845,0.701,,10.6,15,0.35,26.4,Low
LPIS-61633960695_70A,Fallow,11.850000381469727,0.825,0.58,,7.4,40,0.34,36.2,Moderate
LPIS-61623985577_210A,Spring Barley,11.850000381469727,0.825,0.567,,21.8,15,0.37,19.5,Low
LPIS-61724004883_6A,Winter Wheat,11.84000015258789,0.724,0.466,,8.7,40,0.75,17,Low
LPIS-61543983762_5A,Spring Barley,11.84000015258789,0.798,0.653,,9.9,15,0.6,14.5,Low
LPIS-61524053337_45A,Rapeseed,11.829999923706055,0.684,0.545,,28.3,40,0.38,20.8,Low
LPIS-61623999009_49A,Ley / Grass,11.789999961853027,0.817,0.556,,15,15,0.4,29,Low
LPIS-61653983778_3A,Ley / Grass,11.75,0.679,0.433,,18.1,40,0.56,17.9,Low
LPIS-61543924667_10C,Winter Wheat,11.729999542236328,0.761,0.537,,6.9,15,0.63,8.6,Low
LPIS-61513988855_1A,Rapeseed,11.729999542236328,0.602,0.403,,17.5,15,0.45,9.2,Low
LPIS-61613974622_30A,Ley / Grass,11.649999618530273,0.826,0.581,,7.4,15,0.57,30.1,Moderate
LPIS-61473995480_201A,Spring Barley,11.640000343322754,0.783,0.633,,11.3,15,0.62,11.6,Low
LPIS-61803975379_116A,Ley / Grass,11.630000114440918,0.632,0.398,,37.4,40,0.41,19.7,Low
LPIS-61593950184_5A,Winter Wheat,11.609999656677246,0.753,0.608,,11.8,15,0.52,10.3,Low
LPIS-61674006993_24A,Ley / Grass,11.550000190734863,0.795,0.566,,14.5,40,0.45,34.3,Moderate
LPIS-61474016957_7A,Rapeseed,11.539999961853027,0.587,0.405,,32.7,15,0.58,10.9,Low
LPIS-61673978752_16A,Ley / Grass,11.520000457763672,0.774,0.519,,15.2,40,0.75,29.9,Low
LPIS-61533942196_7A,Winter Wheat,11.5,0.779,0.53,,15.9,15,0.75,9.2,Low
LPIS-61563980984_2B,Spring Barley,11.489999771118164,0.815,0.649,,7.8,15,0.52,17.5,Low
LPIS-61544013925_26A,Winter Wheat,11.489999771118164,0.569,0.421,,45.7,15,0.55,12.8,Low
LPIS-61513994732_13A,Rapeseed,11.479999542236328,0.852,0.659,,11.7,40,0.79,36.1,Moderate
LPIS-61493996578_65A,Winter Wheat,11.470000267028809,0.832,0.673,,15.5,15,0.48,21.4,Low
LPIS-61553989842_1A,Rapeseed,11.470000267028809,0.606,0.423,,31.2,15,0.5,10.9,Low
LPIS-61554036109_4A,Rapeseed,11.470000267028809,0.492,0.332,,37.7,15,0.35,11.3,Low
LPIS-61554055265_3A,Rapeseed,11.460000038146973,0.803,0.636,,15.7,15,0.31,18.7,Low
LPIS-61553955042_11A,Spring Barley,11.449999809265137,0.558,0.379,,33.9,15,0.64,10.9,Low
LPIS-61513946511_6A,Winter Wheat,11.4399995803833,0.865,0.678,,13.7,15,0.64,28.3,Low
LPIS-61564030898_131A,Spring Barley,11.430000305175781,0.812,0.552,,7.4,15,0.4,15.4,Low
LPIS-61533931214_50B,Rapeseed,11.420000076293945,0.826,0.666,,11.7,15,0.69,22.8,Low
LPIS-61603976448_121B,Ley / Grass,11.420000076293945,0.847,0.593,,7.2,15,0.45,34,Moderate
LPIS-61613955407_126A,Spring Barley,11.40999984741211,0.682,0.477,,13.1,15,0.51,9.1,Low
LPIS-61613999260_40C,Maize,11.399999618530273,0.849,0.597,,18.2,15,0.54,28.4,Low
LPIS-61574054956_32A,Winter Wheat,11.399999618530273,0.848,0.666,,5.4,40,0.66,32.6,Moderate
LPIS-61553955042_11B,Sugar Beet,11.369999885559082,0.828,0.673,,8.7,15,0.59,22.3,Low
LPIS-61583968264_1A,Winter Wheat,11.350000381469727,0.559,0.394,,21.8,15,0.71,10,Low
LPIS-61524035284_102A,Unknown,11.34000015258789,0.738,0.6,,10.1,15,0.55,21.3,Low
LPIS-61523950964_20A,Winter Wheat,11.329999923706055,0.871,0.677,,12.1,40,0.59,38.4,Moderate
LPIS-61653972979_145A,Maize,11.319999694824219,0.664,0.424,,20.4,40,0.57,24.6,Low
LPIS-61463988290_31A,Spring Barley,11.319999694824219,0.841,0.69,,13.8,15,0.42,23.5,Low
LPIS-61494018523_43A,Spring Barley,11.3100004196167,0.78,0.632,,20.9,15,0.56,12,Low
LPIS-61463982137_7B,Unknown,11.3100004196167,0.468,0.323,,46,5,0.66,8.7,Low
LPIS-61574016249_7A,Unknown,11.279999732971191,0.717,0.498,,31.4,15,0.53,17.5,Low
LPIS-61523975470_19A,Spring Wheat,11.279999732971191,0.844,0.698,,12.8,15,0.88,30.9,Moderate
LPIS-61493993521_4A,Spring Barley,11.270000457763672,0.854,0.686,,7.4,15,0.68,25.2,Low
LPIS-61674015506_20A,Rye,11.170000076293945,0.738,0.476,,12.8,40,0.38,18.8,Low
LPIS-61554018533_26A,Winter Wheat,11.170000076293945,0.753,0.563,,20.7,15,0.58,10.4,Low
LPIS-61583962874_7A,Winter Wheat,11.15999984741211,0.846,0.693,,7.5,15,0.61,24,Low
LPIS-61574071973_41A,Winter Wheat,11.15999984741211,0.765,0.626,,13.8,40,0.54,19.6,Low
LPIS-61573955934_4B,Winter Wheat,11.100000381469727,0.824,0.664,,9.2,15,0.17,18.9,Low
LPIS-61574016788_50A,Rapeseed,11.09000015258789,0.44,0.295,,46.5,15,0.77,12.1,Low
LPIS-61544056287_25A,Winter Wheat,11.069999694824219,0.759,0.58,,10.8,15,0.46,9.7,Low
LPIS-61614017090_30A,Winter Wheat,11.050000190734863,0.876,0.688,,10.4,40,0.75,39.5,Moderate
LPIS-61534010528_102B,Potato,11.050000190734863,0.781,0.587,,10.7,15,0.63,9.5,Low
LPIS-61614009261_1A,Winter Wheat,11.039999961853027,0.755,0.509,,19.9,40,0.29,18.5,Low
LPIS-61493995649_64A,Spring Barley,11.039999961853027,0.842,0.685,,9.7,15,0.56,23.3,Low
LPIS-61693963913_100A,Maize,11.029999732971191,0.364,0.222,,61.2,15,0.67,12.8,Low
LPIS-61584003941_8A,Rapeseed,11.020000457763672,0.83,0.665,,10.5,15,0.61,23.3,Low
LPIS-61614003357_37A,Sugar Beet,11.020000457763672,0.809,0.536,,9.3,15,0.43,15.1,Low
LPIS-61574027314_16A,Winter Wheat,11.010000228881836,0.794,0.552,,17.3,15,0.75,11.7,Low
LPIS-61534069468_21A,Sugar Beet,11.010000228881836,0.614,0.478,,14.9,15,0.51,10.2,Low
LPIS-61513935066_1B,Winter Wheat,11,0.857,0.707,,5,15,0.9,26.2,Low
LPIS-61534051458_71A,Rapeseed,11,0.72,0.58,,17.3,15,0.53,10.8,Low
LPIS-61723978469_3B,Sugar Beet,11,0.779,0.599,,9.7,15,0.62,9.6,Low
LPIS-61523965035_10A,Winter Wheat,10.989999771118164,0.864,0.676,,15.3,15,0.55,28.3,Low
LPIS-61573987287_205A,Winter Wheat,10.970000267028809,0.838,0.676,,12.9,15,0.67,22.5,Low
LPIS-61523991686_8A,Spring Barley,10.960000038146973,0.795,0.638,,10.9,40,0.44,22.8,Low
LPIS-61523917461_68A,Sugar Beet,10.949999809265137,0.866,0.646,,10.2,15,0.59,32.7,Moderate
LPIS-61743967274_165A,Sugar Beet,10.9399995803833,0.803,0.59,,6.1,40,0.59,22.8,Low
LPIS-61523934163_20C,Winter Wheat,10.899999618530273,0.764,0.534,,20.8,15,0.7,9.9,Low
LPIS-61523996033_3B,Winter Wheat,10.899999618530273,0.874,0.697,,11.2,15,0.68,30.3,Moderate
LPIS-61514045438_7A,Rye,10.880000114440918,0.765,0.512,,18.2,15,0.35,16.9,Low
LPIS-61724017530_2A,Winter Wheat,10.859999656677246,0.788,0.601,,9.7,70,0.64,36.3,Moderate
LPIS-61463959054_13C,Winter Wheat,10.859999656677246,0.735,0.554,,16.7,5,0.51,6.5,Low
LPIS-61604058206_132A,Fallow,10.850000381469727,0.851,0.672,,6.4,15,0.69,33,Moderate
LPIS-61713997239_194A,Spring Barley,10.84000015258789,0.721,0.562,,11.2,15,0.78,9.9,Low
LPIS-61584044672_36A,Spring Barley,10.84000015258789,0.764,0.601,,11.6,40,0.63,19,Low
LPIS-61473950556_10C,Rapeseed,10.8100004196167,0.662,0.512,,14.1,5,0.52,6.5,Low
LPIS-61484002654_39A,Winter Wheat,10.8100004196167,0.858,0.68,,14,15,0.42,26.9,Low
LPIS-61543983794_6A,Rapeseed,10.800000190734863,0.772,0.599,,32.3,15,0.82,14.4,Low
LPIS-61614011841_32A,Sugar Beet,10.789999961853027,0.73,0.525,,8.7,15,0.39,8.9,Low
LPIS-61513959371_63B,Winter Wheat,10.770000457763672,0.716,0.492,,19.2,15,0.38,9.6,Low
LPIS-61534056667_1C,Winter Wheat,10.760000228881836,0.715,0.581,,23.5,15,0.41,11.5,Low
LPIS-61523946159_5A,Rapeseed,10.760000228881836,0.847,0.692,,14,15,0.78,27,Low
LPIS-61614038072_10A,Maize,10.75,0.404,0.266,,45.7,15,0.72,11.9,Low
LPIS-61553943312_3A,Winter Wheat,10.739999771118164,0.814,0.638,,7.3,15,0.52,16.2,Low
LPIS-61484000550_13E,Sugar Beet,10.729999542236328,0.778,0.51,,7.2,15,0.6,8,Low
LPIS-61574019899_29A,Rapeseed,10.720000267028809,0.841,0.681,,14.7,15,0.51,25.8,Low
LPIS-61453986703_1C,Spring Barley,10.720000267028809,0.798,0.642,,11.9,15,0.51,14.5,Low
LPIS-61763973069_142A,Sugar Beet,10.720000267028809,0.316,0.2,,52.7,40,0.51,21.3,Low
LPIS-61613996114_202B,Maize,10.710000038146973,0.851,0.596,,8.3,15,0.58,27.4,Low
LPIS-61493991044_53A,Winter Wheat,10.670000076293945,0.841,0.68,,12.7,15,0.58,23.2,Low
LPIS-61463959054_13B,Rapeseed,10.65999984741211,0.702,0.553,,12.5,5,0.58,6.5,Low
LPIS-61513913193_4A,Winter Wheat,10.65999984741211,0.812,0.652,,10,15,0.51,16.4,Low
LPIS-61614024015_50A,Maize,10.65999984741211,0.366,0.249,,86.9,15,0.51,16.3,Low
LPIS-61523934163_20A,Winter Wheat,10.640000343322754,0.882,0.704,,11.2,15,0.86,32.1,Moderate
LPIS-61573999644_29A,Rapeseed,10.640000343322754,0.811,0.658,,11.7,15,0.68,20,Low
LPIS-61473980209_6B,Rapeseed,10.630000114440918,0.528,0.355,,36.6,15,0.67,11.1,Low
LPIS-61594025528_3C,Fallow,10.630000114440918,0.805,0.661,,8.4,15,0.67,25.2,Low
LPIS-61534046909_26A,Ley / Grass,10.609999656677246,0.754,0.502,,9.3,40,0.88,25.5,Low
LPIS-61513929407_84A,Rapeseed,10.600000381469727,0.83,0.676,,12.4,15,0.55,23.7,Low
LPIS-61534051082_99A,Rapeseed,10.569999694824219,0.686,0.542,,9.8,40,0.58,18.9,Low
LPIS-61564018729_15A,Rapeseed,10.569999694824219,0.684,0.476,,17.3,15,0.47,9.5,Low
LPIS-61573965901_17B,Winter Wheat,10.550000190734863,0.824,0.567,,3.7,15,0.64,17,Low
LPIS-61524048113_1A,Unknown,10.539999961853027,0.82,0.567,,12.4,40,0.81,46.1,Moderate
LPIS-61584059281_58A,Spring Barley,10.539999961853027,0.839,0.685,,12.9,40,0.49,31.9,Moderate
LPIS-61753975957_6A,Maize,10.520000457763672,0.381,0.235,,58.3,40,0.66,21.6,Low
LPIS-61573965901_17E,Sugar Beet,10.520000457763672,0.834,0.578,,4.3,15,0.53,22.4,Low
LPIS-61483953742_4A,Sugar Beet,10.520000457763672,0.708,0.482,,11.1,15,0.59,8.7,Low
LPIS-61664026550_1A,Ley / Grass,10.5,0.625,0.399,,13.5,70,0.72,28.2,Low
LPIS-61763955234_136A,Rapeseed,10.5,0.7,0.516,,16.5,40,0.89,18.9,Low
LPIS-61534056667_1D,Sugar Beet,10.5,0.705,0.472,,15.3,15,0.56,9,Low
LPIS-61574034123_11B,Spring Barley,10.5,0.796,0.627,,18.6,15,0.59,14.7,Low
LPIS-61604005834_4A,Winter Wheat,10.479999542236328,0.805,0.539,,8.8,15,0.87,13.1,Low
LPIS-61533951370_15A,Winter Wheat,10.479999542236328,0.892,0.703,,8.8,15,0.66,40.7,Moderate
LPIS-61604021325_9A,Rapeseed,10.470000267028809,0.499,0.346,,25.2,15,0.71,10.2,Low
LPIS-61753954785_23A,Winter Wheat,10.460000038146973,0.798,0.619,,9.5,40,0.38,21.8,Low
LPIS-61693968590_7A,Spring Barley,10.4399995803833,0.605,0.371,,17.3,40,0.66,17.5,Low
LPIS-61623992196_41A,Ley / Grass,10.430000305175781,0.799,0.642,,10.1,40,0.56,35.6,Moderate
LPIS-61494018523_43B,Winter Wheat,10.420000076293945,0.768,0.608,,19.4,15,0.58,10.8,Low
LPIS-61674009086_36A,Ley / Grass,10.399999618530273,0.528,0.325,,17.6,40,0.85,17.5,Low
LPIS-61493986113_8A,Rapeseed,10.390000343322754,0.804,0.597,,11.6,40,0.43,26.9,Low
LPIS-61544016541_6A,Spring Barley,10.380000114440918,0.796,0.552,,12.4,15,0.63,12.9,Low
LPIS-61624003524_13A,Spring Barley,10.380000114440918,0.803,0.632,,12.2,40,0.57,24.4,Low
LPIS-61483999149_54A,Sugar Beet,10.34000015258789,0.637,0.46,,21.5,15,0.58,10.2,Low
LPIS-61523975615_11A,Spring Barley,10.3100004196167,0.878,0.726,,8.4,15,0.94,30.4,Moderate
LPIS-61534069610_1A,Winter Wheat,10.289999961853027,0.699,0.483,,14.3,15,0.41,9.1,Low
LPIS-61723960816_21A,Rapeseed,10.270000457763672,0.612,0.465,,6.4,40,0.59,18.1,Low
LPIS-61644057720_98A,Ley / Grass,10.260000228881836,0.638,0.424,,28.3,70,0.38,30,Moderate
LPIS-61624029261_2A,Winter Barley,10.25,0.841,0.671,,8.3,40,0.6,32.9,Moderate
LPIS-61574068310_14A,Winter Wheat,10.25,0.312,0.216,,68.2,15,0.56,14.5,Low
LPIS-61523934163_20D,Fallow,10.25,0.864,0.7,,5.5,15,0.82,42.4,Moderate
LPIS-61483948680_24A,Sugar Beet,10.229999542236328,0.644,0.504,,11.8,15,0.7,10,Low
LPIS-61544052941_111A,Potato,10.229999542236328,0.681,0.468,,21,15,0.48,9.7,Low
LPIS-61594004015_280A,Spring Barley,10.220000267028809,0.808,0.644,,16.1,15,0.62,16.9,Low
LPIS-61614009644_4A,Winter Wheat,10.210000038146973,0.618,0.426,,22.6,15,0.56,9.9,Low
LPIS-61574021945_54A,Winter Barley,10.199999809265137,0.811,0.654,,14.6,15,0.89,16.8,Low
LPIS-61493958523_41A,Winter Wheat,10.199999809265137,0.783,0.599,,16.6,15,0.49,10.2,Low
LPIS-61463968358_3B,Rapeseed,10.199999809265137,0.624,0.465,,28.2,15,0.51,11.2,Low
LPIS-61644007316_33A,Ley / Grass,10.180000305175781,0.76,0.524,,19.1,40,0.51,27.9,Low
LPIS-61513900394_77A,Rapeseed,10.180000305175781,0.502,0.354,,50.2,15,0.59,12.9,Low
LPIS-61583982193_2A,Spring Barley,10.180000305175781,0.734,0.551,,18.7,15,0.61,10.3,Low
LPIS-61494007223_37C,Spring Barley,10.170000076293945,0.79,0.533,,8.1,15,0.49,11,Low
LPIS-61543998672_1A,Winter Wheat,10.170000076293945,0.854,0.685,,3.4,15,0.78,25,Low
LPIS-61513911927_25C,Rapeseed,10.149999618530273,0.796,0.647,,10.8,15,0.46,17.3,Low
LPIS-61514033369_22A,Winter Wheat,10.130000114440918,0.804,0.624,,14.8,40,0.95,23.8,Low
LPIS-61564033815_2A,Fallow,10.130000114440918,0.665,0.534,,16.8,15,0.66,10.7,Low
LPIS-61583980429_224A,Spring Barley,10.109999656677246,0.69,0.556,,18,15,0.56,10.9,Low
LPIS-61753967425_152A,Sugar Beet,10.09000015258789,0.748,0.558,,8.2,40,0.55,18.2,Low
LPIS-61543972237_16A,Spring Barley,10.09000015258789,0.829,0.67,,14.1,15,0.58,20.9,Low
LPIS-61523930813_9A,Unknown,10.09000015258789,0.806,0.566,,6,15,0.55,33.8,Moderate
LPIS-61513943287_30A,Winter Barley,10.079999923706055,0.82,0.638,,11,15,0.36,18.4,Low
LPIS-61603992966_6A,Rapeseed,10.069999694824219,0.526,0.36,,22.3,15,0.57,9.8,Low
LPIS-61513900394_77E,Winter Wheat,10.039999961853027,0.807,0.644,,7.2,15,0.72,15,Low
LPIS-61684027752_10A,Ley / Grass,10.029999732971191,0.755,0.609,,17.9,40,0.65,28.1,Low
LPIS-61474014240_6A,Spring Barley,10.029999732971191,0.816,0.676,,19.5,40,0.52,28.2,Low
LPIS-61503980908_10A,Winter Wheat,10.029999732971191,0.832,0.663,,12.5,15,0.48,21,Low
LPIS-61564020583_7B,Winter Wheat,10.029999732971191,0.51,0.385,,54.7,40,0.46,27.5,Low
LPIS-61524046674_13B,Rapeseed,10.029999732971191,0.783,0.611,,13.5,15,0.58,14.6,Low
LPIS-61543981732_4A,Sugar Beet,10.020000457763672,0.814,0.575,,6.3,15,0.71,16.9,Low
LPIS-61663999225_74A,Rapeseed,10.010000228881836,0.761,0.515,,12.5,40,0.59,18.3,Low
LPIS-61503940975_11C,Winter Wheat,10,0.813,0.548,,8.4,15,0.64,14.9,Low
LPIS-61604066008_13A,Sugar Beet,9.979999542236328,0.821,0.624,,10.5,40,0.65,28.8,Low
LPIS-61603971744_62A,Spring Barley,9.960000038146973,0.72,0.574,,19.7,15,0.49,10.9,Low
LPIS-61574024652_53A,Winter Barley,9.920000076293945,0.793,0.635,,17.8,15,0.86,12.3,Low
LPIS-61544038169_46A,Rapeseed,9.920000076293945,0.802,0.649,,8.8,5,0.76,14.5,Low
LPIS-61523965774_11A,Spring Barley,9.90999984741211,0.875,0.722,,6.6,40,0.88,38.6,Moderate
LPIS-61703998471_2A,Unknown,9.890000343322754,0.708,0.464,,10.9,15,0.68,13.2,Low
LPIS-61723957912_9A,Ley / Grass,9.869999885559082,0.74,0.491,,8,40,0.66,22.8,Low
LPIS-61524024246_7B,Sugar Beet,9.869999885559082,0.763,0.542,,14.4,40,0.5,18.4,Low
LPIS-61493983582_2C,Winter Wheat,9.869999885559082,0.857,0.661,,13.5,15,0.58,26.4,Low
LPIS-61513949501_16A,Winter Wheat,9.859999656677246,0.769,0.537,,9.8,15,0.88,8.8,Low
LPIS-61534066732_12A,Rapeseed,9.859999656677246,0.7,0.539,,20.4,40,0.57,19.7,Low
LPIS-61584041569_80A,Maize,9.850000381469727,0.891,0.701,,9,40,0.75,40.2,Moderate
LPIS-61604052265_85A,Rapeseed,9.84000015258789,0.789,0.611,,17.2,40,0.58,25,Low
LPIS-61604018597_28A,Sugar Beet,9.829999923706055,0.845,0.664,,10.2,15,0.42,27,Low
LPIS-61594013259_5B,Ley / Grass,9.8100004196167,0.657,0.456,,12.1,15,0.5,8.9,Low
LPIS-61524014277_4A,Winter Wheat,9.8100004196167,0.838,0.648,,16,15,0.64,22.3,Low
LPIS-61463958685_1A,Winter Wheat,9.800000190734863,0.658,0.446,,8.8,15,0.61,8.4,Low
LPIS-61584067182_163A,Winter Wheat,9.800000190734863,0.749,0.605,,14,40,0.45,19.5,Low
LPIS-61574039638_16B,Spring Barley,9.800000190734863,0.769,0.633,,7.9,15,0.57,10.1,Low
LPIS-61634021375_63A,Winter Wheat,9.789999961853027,0.827,0.657,,11.1,40,0.69,28.6,Low
LPIS-61524028783_22A,Rapeseed,9.789999961853027,0.67,0.458,,12.5,40,0.6,17.8,Low
LPIS-61553969849_14A,Fallow,9.770000457763672,0.717,0.493,,13,15,0.51,8.9,Low
LPIS-61533980252_6A,Rapeseed,9.75,0.614,0.429,,38.6,15,0.56,11.6,Low
LPIS-61513962158_5A,Potato,9.739999771118164,0.753,0.505,,17.1,15,0.6,9.2,Low
LPIS-61503946956_11B,Rapeseed,9.739999771118164,0.604,0.411,,27.5,15,0.58,10.3,Low
LPIS-61603992998_7A,Spring Barley,9.720000267028809,0.746,0.598,,16.1,15,0.56,10.6,Low
LPIS-61603950478_6B,Ley / Grass,9.710000038146973,0.785,0.548,,10.4,15,0.58,22.8,Low
LPIS-61524052863_42A,Peas,9.699999809265137,0.743,0.596,,17.6,40,0.53,19.8,Low
LPIS-61443975568_25A,Sugar Beet,9.699999809265137,0.717,0.483,,11.6,15,0.45,8.6,Low
LPIS-61494010198_11A,Winter Wheat,9.6899995803833,0.838,0.678,,11.6,15,0.54,22.5,Low
LPIS-61593951146_15A,Winter Wheat,9.680000305175781,0.622,0.46,,27.7,15,0.43,11.1,Low
LPIS-61684017166_1A,Ley / Grass,9.680000305175781,0.73,0.518,,10.4,40,0.57,21.6,Low
LPIS-61533962037_80A,Unknown,9.649999618530273,0.821,0.667,,11.3,15,0.78,46.4,Moderate
LPIS-61773945077_36A,Winter Wheat,9.640000343322754,0.875,0.663,,5.9,40,0.79,38.4,Moderate
LPIS-61474014702_2G,Winter Wheat,9.640000343322754,0.899,0.727,,5.8,15,0.48,42.6,Moderate
LPIS-61783976728_180A,Ley / Grass,9.640000343322754,0.65,0.427,,19.2,40,0.69,18.2,Low
LPIS-61583958330_2A,Winter Wheat,9.619999885559082,0.721,0.561,,14.9,15,0.52,10.2,Low
LPIS-61613980512_30A,Ley / Grass,9.619999885559082,0.648,0.431,,16.8,15,0.61,9.1,Low
LPIS-61563949965_2E,Rapeseed,9.59000015258789,0.66,0.471,,27.9,15,0.64,10.8,Low
LPIS-61684004678_51A,Ley / Grass,9.579999923706055,0.745,0.51,,11.4,40,0.56,24.3,Low
LPIS-61553947211_1A,Winter Wheat,9.569999694824219,0.834,0.646,,8.6,15,0.34,20.7,Low
LPIS-61513900394_77B,Winter Wheat,9.569999694824219,0.829,0.671,,5.4,15,0.55,19.8,Low
LPIS-61513924718_12A,Rapeseed,9.5600004196167,0.769,0.621,,14.4,15,0.51,12.5,Low
LPIS-61523953711_22A,Spring Barley,9.550000190734863,0.869,0.726,,12.7,15,0.67,29.1,Low
LPIS-61554021572_1I,Rapeseed,9.550000190734863,0.67,0.503,,22.4,15,0.51,10.6,Low
LPIS-61514013435_47A,Potato,9.539999961853027,0.792,0.622,,11.8,15,0.59,14.3,Low
LPIS-61684006658_400A,Spring Barley,9.5,0.75,0.544,,16.5,40,0.78,18.8,Low
LPIS-61443973799_14A,Winter Wheat,9.489999771118164,0.562,0.379,,25.4,15,0.45,10,Low
LPIS-61583987019_1A,Winter Wheat,9.489999771118164,0.718,0.492,,17.1,15,0.58,9.3,Low
LPIS-61553950730_76A,Winter Wheat,9.460000038146973,0.894,0.706,,4.9,15,0.56,40.8,Moderate
LPIS-61683967221_1A,Ley / Grass,9.4399995803833,0.677,0.451,,20.7,40,0.56,18.5,Low
LPIS-61763954769_136A,Spring Barley,9.430000305175781,0.71,0.53,,14.1,40,0.69,18.8,Low
LPIS-61763947091_23A,Rapeseed,9.430000305175781,0.835,0.631,,11.2,40,0.64,32.8,Moderate
LPIS-61593975525_7A,Spring Barley,9.430000305175781,0.729,0.564,,17.6,15,0.56,10.4,Low
LPIS-61513913256_4B,Winter Wheat,9.430000305175781,0.8,0.634,,12.1,15,0.41,13.6,Low
LPIS-61623987188_209A,Ley / Grass,9.40999984741211,0.368,0.234,,81.2,15,0.48,15.2,Low
LPIS-61493996578_65B,Sugar Beet,9.399999618530273,0.853,0.695,,8.3,15,0.5,29.7,Low
LPIS-61554014859_10A,Winter Wheat,9.390000343322754,0.824,0.653,,8.5,15,0.83,18.8,Low
LPIS-61574004403_185A,Winter Wheat,9.380000114440918,0.861,0.677,,15.2,15,0.51,27.7,Low
LPIS-61753981692_2A,Ley / Grass,9.369999885559082,0.623,0.386,,32.5,40,0.58,19.1,Low
LPIS-61513971110_3A,Rapeseed,9.359999656677246,0.822,0.657,,10.9,15,0.6,21.8,Low
LPIS-61614013103_33A,Sugar Beet,9.359999656677246,0.772,0.54,,11,15,0.67,8.9,Low
LPIS-61513912338_27A,Rapeseed,9.350000381469727,0.805,0.643,,11.1,15,0.37,18.7,Low
LPIS-61684019624_128A,Ley / Grass,9.34000015258789,0.775,0.628,,16.3,15,0.72,22.9,Low
LPIS-61503915148_1B,Spring Barley,9.34000015258789,0.744,0.59,,10.3,15,0.45,9.9,Low
LPIS-61553983889_9C,Winter Wheat,9.34000015258789,0.835,0.666,,12.7,15,0.86,21.6,Low
LPIS-61743971867_87A,Rapeseed,9.3100004196167,0.779,0.598,,11.8,40,0.61,22.5,Low
LPIS-61634024122_8F,Winter Wheat,9.289999961853027,0.641,0.451,,25.1,15,0.65,10.4,Low
LPIS-61534057618_5E,Winter Wheat,9.289999961853027,0.677,0.505,,15,15,0.6,9.8,Low
LPIS-61673980586_73A,Spring Barley,9.279999732971191,0.773,0.538,,8.9,15,0.6,8.6,Low
LPIS-61443985454_28A,Rapeseed,9.270000457763672,0.763,0.578,,13.8,15,0.49,10.7,Low
LPIS-61483983912_15A,Oats,9.229999542236328,0.802,0.568,,15.2,15,0.55,20.5,Low
LPIS-61574030792_14A,Rapeseed,9.229999542236328,0.657,0.476,,34.8,40,0.71,20.6,Low
LPIS-61524035874_2A,Unknown,9.220000267028809,0.777,0.535,,13.2,40,0.62,37.3,Moderate
LPIS-61693951724_145B,Spring Barley,9.220000267028809,0.663,0.406,,19.5,15,0.63,8.7,Low
LPIS-61573965901_17A,Winter Barley,9.220000267028809,0.863,0.698,,6,15,0.54,29.4,Low
LPIS-61564005643_9B,Fallow,9.210000038146973,0.734,0.506,,16.7,15,0.68,11.4,Low
LPIS-61704000892_3A,Ley / Grass,9.210000038146973,0.324,0.213,,59,40,0.54,22.2,Low
LPIS-61583965011_9A,Spring Barley,9.199999809265137,0.801,0.632,,12.5,15,0.71,15,Low
LPIS-61503965071_61A,Spring Barley,9.199999809265137,0.844,0.594,,9.1,15,0.47,22.2,Low
LPIS-61763936909_35A,Ley / Grass,9.1899995803833,0.686,0.449,,16.6,70,0.48,28.7,Low
LPIS-61513906981_8A,Spring Barley,9.180000305175781,0.861,0.705,,9.5,15,0.57,27,Low
LPIS-61494019678_47A,Winter Wheat,9.170000076293945,0.849,0.674,,10.9,15,0.52,24.5,Low
LPIS-61524010305_15A,Winter Wheat,9.170000076293945,0.701,0.474,,8.1,15,0.69,8.3,Low
LPIS-61524049154_19A,Rapeseed,9.15999984741211,0.762,0.592,,9.2,15,0.71,10.2,Low
LPIS-61704013749_10A,Unknown,9.149999618530273,0.686,0.439,,16.9,15,0.72,8.9,Low
LPIS-61663988038_10A,Winter Wheat,9.149999618530273,0.867,0.682,,6.5,40,0.6,37,Moderate
LPIS-61684029849_134A,Spring Barley,9.130000114440918,0.821,0.585,,9.1,40,0.65,26.6,Low
LPIS-61603956587_8A,Rapeseed,9.130000114440918,0.81,0.639,,14.3,40,0.65,28.8,Low
LPIS-61514037962_6A,Winter Wheat,9.130000114440918,0.769,0.519,,9.2,15,0.79,8.4,Low
LPIS-61624013475_1A,Winter Wheat,9.130000114440918,0.791,0.523,,12.4,15,0.59,10.3,Low
LPIS-61683980566_15A,Sugar Beet,9.119999885559082,0.888,0.694,,7.2,40,0.54,58,Moderate
LPIS-61724025210_17A,Rapeseed,9.109999656677246,0.759,0.59,,10.3,70,0.64,35.7,Moderate
LPIS-61594022685_9A,Winter Wheat,9.079999923706055,0.781,0.619,,9,15,0.64,9.8,Low
LPIS-61533948250_17A,Unknown,9.079999923706055,0.785,0.549,,9.8,15,0.34,29.7,Low
LPIS-61523980240_8A,Unknown,9.069999694824219,0.79,0.537,,12.4,15,0.73,30.8,Moderate
LPIS-61553989119_76A,Sugar Beet,9.0600004196167,0.825,0.671,,8,5,0.55,17.9,Low
LPIS-61574050867_14A,Winter Wheat,9.039999961853027,0.725,0.577,,16.8,15,0.52,10.6,Low
LPIS-61523996033_3E,Rapeseed,9.039999961853027,0.79,0.638,,13.9,15,0.79,16.4,Low
LPIS-61634034122_22A,Ley / Grass,9.029999732971191,0.743,0.458,,7.7,70,0.59,33.4,Moderate
LPIS-61534016881_94A,Sugar Beet,9.020000457763672,0.693,0.456,,18.4,40,0.6,18.1,Low
LPIS-61504025975_2A,Sugar Beet,9.010000228881836,0.28,0.186,,52.3,15,0.45,12.6,Low
LPIS-61584020395_9A,Spring Barley,9,0.749,0.538,,9.2,40,0.62,17.9,Low
LPIS-61524024246_7A,Spring Barley,9,0.785,0.631,,8.7,40,0.58,20.7,Low
LPIS-61634014036_81A,Ley / Grass,8.979999542236328,0.659,0.403,,15.1,40,0.87,17.2,Low
LPIS-61543996618_7A,Winter Wheat,8.970000267028809,0.873,0.724,,9.1,15,0.57,30.2,Moderate
LPIS-61493963271_51A,Spring Barley,8.960000038146973,0.773,0.619,,6.7,15,0.44,9.7,Low
LPIS-61543945972_13B,Winter Wheat,8.949999809265137,0.663,0.466,,15.5,15,0.5,9.4,Low
LPIS-61554052578_3A,Spring Barley,8.949999809265137,0.742,0.578,,3.9,15,0.6,9.1,Low
LPIS-61604014904_40A,Winter Wheat,8.930000305175781,0.862,0.674,,14.7,15,0.55,27.7,Low
LPIS-61533970868_33A,Unknown,8.930000305175781,0.831,0.557,,17,15,0.89,39.6,Moderate
LPIS-61694032953_7A,Unknown,8.90999984741211,0.7,0.469,,19,40,0.72,21.6,Low
LPIS-61563949965_2D,Winter Barley,8.90999984741211,0.768,0.625,,16.5,15,0.67,10.8,Low
LPIS-61494011471_17A,Rapeseed,8.90999984741211,0.851,0.671,,12.3,15,0.6,27.3,Low
LPIS-61473985241_3A,Winter Wheat,8.90999984741211,0.848,0.69,,11.5,15,0.61,24.6,Low
LPIS-61594028530_2A,Spring Barley,8.899999618530273,0.793,0.617,,21,15,0.48,14.2,Low
LPIS-61604037255_12A,Rapeseed,8.890000343322754,0.849,0.649,,7.3,15,0.4,26.1,Low
LPIS-61554062142_14A,Rapeseed,8.869999885559082,0.711,0.552,,5.8,15,0.55,9.3,Low
LPIS-61604019347_29A,Sugar Beet,8.859999656677246,0.747,0.581,,5.7,15,0.51,9.3,Low
LPIS-61733961383_2A,Ley / Grass,8.859999656677246,0.443,0.281,,51,15,0.52,12.1,Low
LPIS-61544048275_11A,Sugar Beet,8.84000015258789,0.831,0.582,,14.2,15,0.62,22.3,Low
LPIS-61463979032_6B,Winter Wheat,8.84000015258789,0.743,0.56,,6.9,15,0.63,9.1,Low
LPIS-61513924204_2A,Winter Wheat,8.84000015258789,0.824,0.67,,7.1,15,0.53,18.9,Low
LPIS-61534045853_29A,Sugar Beet,8.84000015258789,0.777,0.529,,10.3,15,0.51,8.6,Low
LPIS-61703998296_3A,Unknown,8.829999923706055,0.711,0.465,,12.7,40,0.71,22.9,Low
LPIS-61494000347_45B,Spring Barley,8.8100004196167,0.533,0.368,,33.3,15,0.56,11,Low
LPIS-61553989119_76G,Spring Barley,8.8100004196167,0.801,0.642,,10,15,0.47,15,Low
LPIS-61513906564_8A,Rapeseed,8.8100004196167,0.842,0.662,,7.2,15,0.65,25,Low
LPIS-61513994363_12A,Spring Barley,8.8100004196167,0.814,0.655,,18.5,40,0.48,27.4,Low
LPIS-61523958481_1A,Rapeseed,8.800000190734863,0.86,0.697,,9.5,15,0.68,29,Low
LPIS-61493983582_2A,Sugar Beet,8.789999961853027,0.833,0.573,,6.3,15,0.57,22.1,Low
LPIS-61564060443_12A,Spring Barley,8.789999961853027,0.702,0.561,,18.7,15,0.47,10.9,Low
LPIS-61494001429_20C,Potato,8.779999732971191,0.759,0.53,,19.3,15,0.52,9.7,Low
LPIS-61503986630_6A,Rapeseed,8.779999732971191,0.78,0.622,,7.6,15,0.72,13.8,Low
LPIS-61713997379_33A,Spring Barley,8.770000457763672,0.783,0.628,,8.6,15,0.7,11.2,Low
LPIS-61563949965_2C,Winter Wheat,8.75,0.822,0.56,,8,15,0.66,16.9,Low
LPIS-61793981630_3A,Ley / Grass,8.75,0.543,0.309,,18.1,40,0.5,17.1,Low
LPIS-61463981180_2A,Peas,8.739999771118164,0.677,0.428,,11.9,15,0.49,8.2,Low
LPIS-61453986703_1B,Sugar Beet,8.710000038146973,0.814,0.664,,7.3,15,0.49,18.3,Low
LPIS-61594020960_8A,Rapeseed,8.710000038146973,0.603,0.429,,23.7,15,0.54,10.3,Low
LPIS-61593981497_55A,Ley / Grass,8.710000038146973,0.653,0.429,,11,15,0.65,8.4,Low
LPIS-61603990126_2C,Rapeseed,8.699999809265137,0.825,0.644,,16.8,15,0.47,22.8,Low
LPIS-61763948876_7B,Rapeseed,8.699999809265137,0.751,0.545,,9.6,15,0.73,9.1,Low
LPIS-61524057703_14A,Rapeseed,8.6899995803833,0.737,0.58,,10.5,15,0.65,9.9,Low
LPIS-61753974119_20A,Winter Wheat,8.680000305175781,0.81,0.627,,9.3,40,0.63,24.5,Low
LPIS-61593955110_116D,Rapeseed,8.680000305175781,0.796,0.635,,14.9,15,0.77,17.5,Low
LPIS-61583956458_3A,Winter Wheat,8.670000076293945,0.763,0.618,,18.5,15,0.54,11,Low
LPIS-61753975957_6B,Ley / Grass,8.670000076293945,0.818,0.554,,9.9,40,0.58,37.6,Moderate
LPIS-61543966820_60A,Sugar Beet,8.640000343322754,0.794,0.572,,13.7,15,0.18,12,Low
LPIS-61634024122_8C,Winter Barley,8.640000343322754,0.803,0.624,,12.5,40,0.55,23.1,Low
LPIS-61743987096_16A,Unknown,8.630000114440918,0.785,0.519,,13.8,40,0.64,38.6,Moderate
LPIS-61543967146_12A,Winter Wheat,8.619999885559082,0.878,0.666,,6.2,15,0.51,30.1,Moderate
LPIS-61564043949_21A,Rapeseed,8.619999885559082,0.837,0.654,,10.1,15,0.55,24.3,Low
LPIS-61584023016_7A,Winter Wheat,8.609999656677246,0.825,0.579,,9.3,15,0.68,18.1,Low
LPIS-61533998289_5A,Ley / Grass,8.600000381469727,0.738,0.485,,9.4,40,0.46,22.4,Low
LPIS-61483983912_15B,Spring Barley,8.600000381469727,0.816,0.665,,14,15,0.57,18.4,Low
LPIS-61563949965_2B,Sugar Beet,8.59000015258789,0.759,0.602,,17.8,15,0.62,10.7,Low
LPIS-61563945897_1C,Winter Barley,8.569999694824219,0.787,0.639,,11.8,15,0.68,10.3,Low
LPIS-61574053416_15A,Spring Barley,8.550000190734863,0.832,0.652,,12.7,40,0.65,30.2,Moderate
LPIS-61514035961_19A,Spring Barley,8.550000190734863,0.812,0.648,,10.8,15,0.89,17.2,Low
LPIS-61494003823_34A,Winter Wheat,8.529999732971191,0.58,0.394,,28.6,15,0.47,10.4,Low
LPIS-61534069610_1C,Spring Barley,8.520000457763672,0.68,0.53,,8.2,15,0.4,9.6,Low
LPIS-61623974733_4A,Oats,8.520000457763672,0.881,0.644,,7.4,40,0.58,41.4,Moderate
LPIS-61513958229_22A,Winter Wheat,8.520000457763672,0.878,0.676,,8.1,15,0.5,30.6,Moderate
LPIS-61524025007_11A,Rapeseed,8.520000457763672,0.759,0.595,,16.4,40,0.57,19.5,Low
LPIS-61574034123_11A,Sugar Beet,8.510000228881836,0.8,0.559,,9.1,15,0.81,12.8,Low
LPIS-61763978250_7A,Ley / Grass,8.5,0.73,0.469,,19.8,40,0.62,21.7,Low
LPIS-61724021610_192A,Ley / Grass,8.489999771118164,0.784,0.566,,9.6,40,0.75,31.7,Moderate
LPIS-61714010142_117A,Ley / Grass,8.489999771118164,0.564,0.359,,16.5,15,0.84,8.7,Low
LPIS-61544058157_1A,Rapeseed,8.479999542236328,0.635,0.451,,29.8,15,0.63,10.9,Low
LPIS-61474017087_10A,Winter Wheat,8.479999542236328,0.793,0.593,,14.7,15,0.55,11.8,Low
LPIS-61683981432_16A,Winter Wheat,8.460000038146973,0.855,0.675,,7.4,40,0.67,34.6,Moderate
LPIS-61544072072_1A,Ley / Grass,8.449999809265137,0.608,0.387,,26.1,40,0.3,18.7,Low
LPIS-61614015540_4A,Fallow,8.449999809265137,0.791,0.625,,10.9,15,0.45,22.5,Low
LPIS-61553978407_9A,Ley / Grass,8.430000305175781,0.746,0.543,,25.7,15,0.57,17.4,Low
LPIS-61514026356_1B,Rapeseed,8.420000076293945,0.719,0.521,,11.8,15,0.49,9.3,Low
LPIS-61584020395_9C,Winter Wheat,8.40999984741211,0.764,0.575,,12.6,40,0.44,18.7,Low
LPIS-61564030747_5A,Rapeseed,8.399999618530273,0.442,0.32,,28.3,15,0.63,10.9,Low
LPIS-61523996033_3A,Rapeseed,8.399999618530273,0.792,0.647,,9.6,15,0.89,16.3,Low
LPIS-61574044651_36B,Rapeseed,8.390000343322754,0.673,0.467,,23.6,40,0.54,19.1,Low
LPIS-61503952967_1B,Winter Wheat,8.369999885559082,0.832,0.587,,6.5,15,0.68,19.3,Low
LPIS-61603989167_37A,Spring Barley,8.369999885559082,0.883,0.715,,6.1,15,0.42,30.9,Moderate
LPIS-61503994401_79A,Spring Barley,8.359999656677246,0.844,0.67,,11.4,15,0.54,23.4,Low
LPIS-61524021328_5A,Rapeseed,8.359999656677246,0.804,0.634,,11.7,15,0.6,18.5,Low
LPIS-61503915418_2B,Fallow,8.359999656677246,0.804,0.606,,10.3,15,0.48,24.3,Low
LPIS-61733969595_26A,Unknown,8.359999656677246,0.846,0.601,,8.8,70,0.43,74.7,High
LPIS-61624017651_3A,Rapeseed,8.359999656677246,0.795,0.598,,12,15,0.42,16.5,Low
LPIS-61574075977_44A,Ley / Grass,8.350000381469727,0.8,0.621,,18.8,15,0.74,27.4,Low
LPIS-61553946275_25A,Fallow,8.350000381469727,0.817,0.638,,13,15,0.49,27.3,Low
LPIS-61554014239_5A,Winter Wheat,8.350000381469727,0.813,0.629,,18,15,0.76,17,Low
LPIS-61613988591_203A,Maize,8.329999923706055,0.842,0.591,,17.4,40,0.77,36.8,Moderate
LPIS-61514026356_1C,Winter Wheat,8.329999923706055,0.749,0.583,,11.7,15,0.57,9.9,Low
LPIS-61694007677_1A,Ley / Grass,8.329999923706055,0.369,0.238,,70.9,40,0.62,23.2,Low
LPIS-61664029737_5A,Ley / Grass,8.329999923706055,0.601,0.377,,17.2,70,0.52,28.4,Low
LPIS-61693948296_80B,Spring Barley,8.319999694824219,0.64,0.403,,17.7,40,0.51,17.7,Low
LPIS-61534027466_4B,Winter Wheat,8.289999961853027,0.667,0.491,,41.7,15,0.62,12.4,Low
LPIS-61514026356_1A,Winter Barley,8.289999961853027,0.81,0.62,,14.9,15,0.48,15.9,Low
LPIS-61553944136_14A,Winter Wheat,8.279999732971191,0.81,0.569,,8.2,15,0.5,14.6,Low
LPIS-61503917792_3A,Spring Barley,8.279999732971191,0.747,0.619,,8.7,5,0.68,6.6,Low
LPIS-61543945972_13A,Winter Wheat,8.270000457763672,0.72,0.508,,12,15,0.56,9.1,Low
LPIS-61513904228_29B,Winter Wheat,8.270000457763672,0.865,0.712,,11.4,40,0.42,37.6,Moderate
LPIS-61563992981_11A,Sugar Beet,8.270000457763672,0.769,0.535,,10.5,15,0.53,8.8,Low
LPIS-61464005819_43B,Winter Wheat,8.260000228881836,0.675,0.528,,11.1,15,0.55,9.9,Low
LPIS-61524004778_126A,Sugar Beet,8.260000228881836,0.715,0.499,,9.2,15,0.58,8.7,Low
LPIS-61614061021_14A,Sugar Beet,8.25,0.76,0.57,,12.8,40,0.6,18.7,Low
LPIS-61743999318_16A,Unknown,8.239999771118164,0.726,0.473,,14.1,40,0.38,26.1,Low
LPIS-61533910788_4A,Spring Barley,8.239999771118164,0.831,0.669,,15.9,15,0.41,21.4,Low
LPIS-61543938256_17E,Spring Barley,8.180000305175781,0.612,0.44,,40.7,15,0.31,12.1,Low
LPIS-61753937057_109A,Ley / Grass,8.180000305175781,0.775,0.584,,10.4,40,0.51,30.5,Moderate
LPIS-61513993678_51A,Spring Barley,8.180000305175781,0.853,0.693,,8.4,15,0.64,25.1,Low
LPIS-61723991742_83A,Spring Barley,8.170000076293945,0.735,0.589,,12.6,15,0.68,10.3,Low
LPIS-61563950141_1B,Winter Wheat,8.15999984741211,0.877,0.696,,17.2,15,0.57,31.6,Moderate
LPIS-61634031820_18A,Ley / Grass,8.149999618530273,0.669,0.415,,16.6,70,0.68,28.3,Low
LPIS-61634052510_1A,Ley / Grass,8.149999618530273,0.75,0.51,,10.3,40,0.38,24.9,Low
LPIS-61594048242_15A,Winter Barley,8.149999618530273,0.812,0.651,,16.2,40,0.62,26,Low
LPIS-61483981682_3B,Sugar Beet,8.149999618530273,0.803,0.552,,7.3,15,0.5,13.5,Low
LPIS-61563962688_15A,Winter Wheat,8.149999618530273,0.729,0.51,,13.9,15,0.53,9.2,Low
LPIS-61513937868_3A,Spring Barley,8.149999618530273,0.878,0.698,,3.8,15,0.88,29.5,Low
LPIS-61584024561_12D,Rapeseed,8.130000114440918,0.848,0.636,,11.8,15,0.46,26.1,Low
LPIS-61513915870_11A,Rapeseed,8.130000114440918,0.811,0.658,,14.6,15,0.48,20.4,Low
LPIS-61514057516_19B,Maize,8.119999885559082,0.385,0.255,,32.8,15,0.59,10.6,Low
LPIS-61514040841_41A,Maize,8.109999656677246,0.418,0.293,,57.9,15,0.61,13.6,Low
LPIS-61604060663_2A,Winter Wheat,8.100000381469727,0.809,0.596,,14.1,40,0.62,24.3,Low
LPIS-61514028283_7A,Fallow,8.100000381469727,0.564,0.377,,25.8,15,0.47,10,Low
LPIS-61604022924_23A,Rapeseed,8.079999923706055,0.587,0.399,,32.7,15,0.74,10.8,Low
LPIS-61693951095_22A,Rapeseed,8.069999694824219,0.721,0.537,,12.8,15,0.78,9.6,Low
LPIS-61674010572_12A,Ley / Grass,8.0600004196167,0.752,0.481,,11,70,0.26,35.8,Moderate
LPIS-61553999524_2A,Winter Wheat,8.0600004196167,0.605,0.412,,23.6,15,0.45,9.9,Low
LPIS-61463965485_1A,Sugar Beet,8.050000190734863,0.808,0.622,,15,15,0.58,16.7,Low
LPIS-61564063002_97A,Winter Wheat,8.050000190734863,0.668,0.523,,8.9,40,0.54,18.7,Low
LPIS-61544075838_36A,Ley / Grass,8.039999961853027,0.66,0.453,,15,15,0.66,9.1,Low
LPIS-61514009529_63A,Sugar Beet,8.039999961853027,0.745,0.523,,8.7,15,0.73,8.7,Low
LPIS-61534052515_100A,Winter Wheat,8.039999961853027,0.826,0.658,,12,15,0.46,19.7,Low
LPIS-61533977128_6C,Winter Wheat,8.020000457763672,0.884,0.699,,9.7,5,0.8,28.7,Low
LPIS-61494007223_37B,Winter Wheat,8.020000457763672,0.781,0.541,,15.6,15,0.39,9.3,Low
LPIS-61513950680_66D,Spring Barley,8,0.861,0.708,,5.6,15,0.55,26.7,Low
LPIS-61514012274_46B,Fallow,8,0.845,0.654,,14,15,0.4,32.4,Moderate
LPIS-61494007355_76A,Rapeseed,7.989999771118164,0.713,0.485,,13.3,15,0.4,8.9,Low
LPIS-61743932304_5A,Ley / Grass,7.980000019073486,0.8,0.505,,6.2,40,0.77,33.2,Moderate
LPIS-61543937314_40A,Spring Barley,7.940000057220459,0.798,0.627,,10,15,0.36,14.2,Low
LPIS-61554002663_4D,Winter Barley,7.940000057220459,0.767,0.593,,6.8,40,0.82,18.4,Low
LPIS-61664024645_14A,Ley / Grass,7.940000057220459,0.654,0.417,,11.3,40,0.53,17.2,Low
LPIS-61614019632_2A,Ley / Grass,7.940000057220459,0.736,0.462,,17.9,40,0.58,22.4,Low
LPIS-61523910011_22A,Unknown,7.929999828338623,0.807,0.559,,10.4,15,0.64,34.2,Moderate
LPIS-61743913312_36A,Ley / Grass,7.920000076293945,0.713,0.464,,12.6,40,0.7,18.1,Low
LPIS-61683956252_140A,Spring Barley,7.909999847412109,0.515,0.312,,18.4,15,0.84,8.5,Low
LPIS-61563992437_6A,Sugar Beet,7.889999866485596,0.786,0.543,,7.7,15,0.61,8.7,Low
LPIS-61553966888_3A,Spring Barley,7.889999866485596,0.876,0.703,,5.1,15,0.56,29.4,Low
LPIS-61524040112_10C,Spring Barley,7.880000114440918,0.777,0.628,,11.8,15,0.92,10.4,Low
LPIS-61564078964_27A,Winter Wheat,7.880000114440918,0.739,0.615,,12.7,40,0.7,19.7,Low
LPIS-61594064678_78A,Winter Wheat,7.880000114440918,0.82,0.647,,9.3,40,0.43,27,Low
LPIS-61583987649_34A,Spring Barley,7.869999885559082,0.778,0.571,,8.8,15,0.73,9.5,Low
LPIS-61624020612_4A,Winter Wheat,7.860000133514404,0.874,0.675,,13.8,40,0.7,39.3,Moderate
LPIS-61523910011_22B,Winter Wheat,7.860000133514404,0.846,0.617,,9.2,15,0.59,23.1,Low
LPIS-61604035247_10C,Winter Barley,7.860000133514404,0.777,0.639,,11.4,15,0.7,10.4,Low
LPIS-61633973686_1A,Ley / Grass,7.849999904632568,0.852,0.593,,5.7,40,0.54,43.7,Moderate
LPIS-61463959054_13A,Winter Wheat,7.820000171661377,0.63,0.429,,10.6,5,0.65,5,Low
LPIS-61644010243_2A,Ley / Grass,7.809999942779541,0.683,0.466,,33.3,70,0.52,30.7,Moderate
LPIS-61574008208_180A,Winter Wheat,7.809999942779541,0.819,0.545,,9.4,15,0.68,16.1,Low
LPIS-61443972388_24A,Spring Barley,7.800000190734863,0.765,0.578,,10.2,15,0.6,9.5,Low
LPIS-61593987819_14E,Spring Barley,7.789999961853027,0.87,0.713,,14.6,40,0.58,38.3,Moderate
LPIS-61493945860_6A,Spring Barley,7.789999961853027,0.744,0.594,,9.6,15,0.56,9.9,Low
LPIS-61493978154_3A,Winter Wheat,7.789999961853027,0.812,0.656,,21.9,40,0.55,26.5,Low
LPIS-61563980984_2C,Winter Wheat,7.78000020980835,0.801,0.633,,8.3,15,0.59,13.6,Low
LPIS-61604000949_3A,Winter Wheat,7.769999980926514,0.688,0.52,,49.5,15,0.66,13.4,Low
LPIS-61473994137_200A,Rapeseed,7.760000228881836,0.809,0.661,,10.3,15,0.64,19.7,Low
LPIS-61463950277_2C,Spring Barley,7.760000228881836,0.685,0.54,,9.2,5,0.53,6.2,Low
LPIS-61623992196_41B,Ley / Grass,7.75,0.831,0.593,,5.5,15,0.53,31,Moderate
LPIS-61514000820_55B,Potato,7.75,0.837,0.651,,14.4,40,0.7,40.5,Moderate
LPIS-61723974711_32A,Unknown,7.739999771118164,0.674,0.443,,14.1,40,0.66,17.7,Low
LPIS-61583964578_6A,Fallow,7.730000019073486,0.806,0.663,,13.1,15,0.51,25.8,Low
LPIS-61594043406_50A,Rapeseed,7.730000019073486,0.57,0.391,,22,15,0.69,9.8,Low
LPIS-61604021683_22D,Rapeseed,7.730000019073486,0.738,0.581,,19.1,15,0.6,10.7,Low
LPIS-61534042066_69A,Sugar Beet,7.71999979019165,0.717,0.496,,11.2,15,0.47,8.8,Low
LPIS-61514015168_14A,Sugar Beet,7.710000038146973,0.83,0.659,,11.3,15,0.62,23,Low
LPIS-61514017143_6A,Ley / Grass,7.710000038146973,0.81,0.583,,12.2,15,0.66,27.9,Low
LPIS-61563950141_1A,Rapeseed,7.699999809265137,0.867,0.717,,10.7,15,0.67,30.5,Moderate
LPIS-61773985346_17D,Rye,7.699999809265137,0.603,0.393,,19.8,40,0.51,18.2,Low
LPIS-61503961992_8A,Spring Barley,7.699999809265137,0.872,0.705,,9,15,0.61,28.9,Low
LPIS-61523950416_27A,Spring Barley,7.699999809265137,0.859,0.71,,12.6,40,0.79,36,Moderate
LPIS-61733979163_39A,Spring Barley,7.690000057220459,0.867,0.637,,4.1,40,0.6,35.7,Moderate
LPIS-61483992821_4A,Sugar Beet,7.690000057220459,0.731,0.493,,10.6,15,0.71,8.6,Low
LPIS-61553994547_1C,Winter Wheat,7.690000057220459,0.807,0.648,,7,15,0.74,14.9,Low
LPIS-61514028283_7B,Spring Barley,7.679999828338623,0.82,0.652,,12.3,40,0.53,27.9,Low
LPIS-61534036509_5C,Winter Wheat,7.659999847412109,0.742,0.58,,18.7,15,0.69,10.6,Low
LPIS-61514042508_21A,Rapeseed,7.659999847412109,0.763,0.593,,17,15,0.68,11.2,Low
LPIS-61543995130_14A,Winter Wheat,7.659999847412109,0.872,0.713,,6.6,15,0.8,29.6,Low
LPIS-61584017778_30C,Winter Wheat,7.650000095367432,0.715,0.486,,10.1,15,0.5,8.6,Low
LPIS-61743922577_4A,Ley / Grass,7.650000095367432,0.758,0.487,,6.3,40,0.75,25.6,Low
LPIS-61594061974_75A,Winter Wheat,7.619999885559082,0.77,0.612,,14.7,40,0.54,19.4,Low
LPIS-61783966275_188A,Ley / Grass,7.590000152587891,0.629,0.393,,13.9,70,0.37,28.1,Low
LPIS-61514017295_48A,Rapeseed,7.579999923706055,0.697,0.51,,14.4,15,0.58,9.6,Low
LPIS-61544051768_114A,Spring Barley,7.570000171661377,0.662,0.438,,9.4,15,0.42,8.3,Low
LPIS-61514035621_13A,Winter Wheat,7.570000171661377,0.792,0.546,,8,15,0.41,10.2,Low
LPIS-61483971029_81A,Rapeseed,7.550000190734863,0.722,0.529,,16.5,15,0.61,9.8,Low
LPIS-61533952130_8A,Winter Wheat,7.539999961853027,0.815,0.549,,7.8,15,0.58,15.3,Low
LPIS-61494017093_21A,Rapeseed,7.53000020980835,0.507,0.358,,28.7,5,0.49,7.1,Low
LPIS-61574055991_20A,Winter Wheat,7.519999980926514,0.728,0.581,,14.8,15,0.56,10.5,Low
LPIS-61523956102_2A,Winter Wheat,7.510000228881836,0.849,0.688,,12.2,15,0.61,24.9,Low
LPIS-61783972261_174A,Ley / Grass,7.510000228881836,0.663,0.446,,19.1,40,0.55,18.4,Low
LPIS-61593987819_14F,Winter Wheat,7.5,0.862,0.601,,2.1,40,0.4,34.4,Moderate
LPIS-61503948382_33A,Unknown,7.489999771118164,0.828,0.656,,16.9,15,0.57,48.7,Moderate
LPIS-61504002177_49C,Sugar Beet,7.480000019073486,0.838,0.651,,15.8,40,0.48,34.5,Moderate
LPIS-61564000935_8A,Sugar Beet,7.480000019073486,0.653,0.458,,12.7,15,0.72,9.1,Low
LPIS-61494013813_25A,Spring Barley,7.46999979019165,0.808,0.548,,12.2,15,0.59,15.1,Low
LPIS-61534021466_3A,Fallow,7.46999979019165,0.558,0.39,,26.9,15,0.69,10.5,Low
LPIS-61683934184_7A,Winter Wheat,7.460000038146973,0.803,0.609,,9.1,40,0.72,22.8,Low
LPIS-61543974351_17A,Spring Barley,7.460000038146973,0.82,0.57,,10.7,15,0.6,17.5,Low
LPIS-61543992925_3A,Winter Wheat,7.460000038146973,0.865,0.681,,11.3,15,0.73,28.1,Low
LPIS-61483998202_7A,Sugar Beet,7.460000038146973,0.806,0.549,,6.6,15,0.42,14,Low
LPIS-61544004433_3A,Fallow,7.440000057220459,0.703,0.547,,12.2,40,0.57,19,Low
LPIS-61523910333_21A,Winter Wheat,7.440000057220459,0.844,0.647,,11.4,15,0.6,23.1,Low
LPIS-61503996687_18A,Winter Wheat,7.440000057220459,0.805,0.555,,11.6,15,0.56,13.5,Low
LPIS-61583971510_203A,Rapeseed,7.440000057220459,0.707,0.499,,13.9,15,0.43,9.3,Low
LPIS-61463992304_8B,Rapeseed,7.420000076293945,0.819,0.606,,13.9,15,0.56,20.8,Low
LPIS-61553990615_14A,Rye,7.420000076293945,0.829,0.587,,10.4,15,0.84,31.3,Moderate
LPIS-61593984831_5A,Winter Wheat,7.409999847412109,0.849,0.586,,2.5,15,0.5,22.5,Low
LPIS-61533996505_18A,Rapeseed,7.400000095367432,0.868,0.698,,12,15,0.68,30.6,Moderate
LPIS-61584010129_5A,Spring Barley,7.400000095367432,0.838,0.59,,5.4,15,0.78,20.6,Low
LPIS-61524018758_9B,Winter Wheat,7.389999866485596,0.694,0.534,,19.7,15,0.31,10.6,Low
LPIS-61593987380_34A,Sugar Beet,7.380000114440918,0.855,0.695,,7.9,15,0.59,30.2,Moderate
LPIS-61763972123_147A,Sugar Beet,7.369999885559082,0.585,0.349,,19.9,40,0.73,17.6,Low
LPIS-61504049015_20A,Fallow,7.369999885559082,0.693,0.543,,17.3,15,0.59,10.5,Low
LPIS-61624011543_1A,Winter Wheat,7.369999885559082,0.78,0.541,,16.2,40,0.34,18.3,Low
LPIS-61543987792_13A,Winter Wheat,7.360000133514404,0.855,0.704,,10.9,15,0.85,26.3,Low
LPIS-61623984565_211A,Maize,7.360000133514404,0.407,0.26,,68.5,15,0.42,13.9,Low
LPIS-61523910333_21B,Winter Wheat,7.349999904632568,0.838,0.674,,18.1,15,0.65,23,Low
LPIS-61584010145_24A,Spring Barley,7.349999904632568,0.86,0.661,,14,15,0.45,26.6,Low
LPIS-61564046811_17A,Ley / Grass,7.340000152587891,0.73,0.464,,10.1,40,0.49,20.7,Low
LPIS-61614060260_23A,Ley / Grass,7.340000152587891,0.712,0.467,,25.9,40,0.64,19.2,Low
LPIS-61584008454_13A,Rapeseed,7.329999923706055,0.766,0.555,,17.3,15,0.7,11.2,Low
LPIS-61593990136_32B,Winter Wheat,7.309999942779541,0.664,0.476,,20.8,15,0.41,10.1,Low
LPIS-61703998354_101A,Rapeseed,7.309999942779541,0.792,0.627,,11,15,0.73,16.2,Low
LPIS-61733963095_2D,Fallow,7.309999942779541,0.538,0.33,,24.1,15,0.79,9.2,Low
LPIS-61704007878_73A,Fallow,7.300000190734863,0.806,0.609,,11.6,40,0.72,33.9,Moderate
LPIS-61743955429_78A,Rye,7.28000020980835,0.871,0.65,,7.1,15,0.54,41.2,Moderate
LPIS-61613984874_6A,Ley / Grass,7.260000228881836,0.777,0.48,,4.2,15,0.74,19.7,Low
LPIS-61604044889_121A,Rapeseed,7.25,0.841,0.672,,14.4,15,0.56,25.7,Low
LPIS-61513952706_31A,Spring Barley,7.239999771118164,0.816,0.62,,7.2,15,0.56,17.1,Low
LPIS-61554052578_3B,Sugar Beet,7.230000019073486,0.781,0.507,,8.4,15,0.71,8,Low
LPIS-61554049107_31A,Spring Barley,7.230000019073486,0.814,0.558,,7.2,15,0.52,15.8,Low
LPIS-61603958837_14A,Spring Barley,7.21999979019165,0.838,0.656,,5.8,40,0.41,30.6,Moderate
LPIS-61523962673_13A,Oats,7.21999979019165,0.855,0.699,,14.7,15,0.55,30.1,Moderate
LPIS-61523964320_7A,Winter Wheat,7.210000038146973,0.872,0.682,,13.3,15,0.51,29.8,Low
LPIS-61554070137_35A,Winter Wheat,7.210000038146973,0.607,0.473,,21.1,15,0.65,10.9,Low
LPIS-61604015044_4A,Rapeseed,7.199999809265137,0.805,0.546,,6.2,15,0.48,16.9,Low
LPIS-61773982519_15A,Ley / Grass,7.199999809265137,0.574,0.355,,15.5,40,0.85,17.4,Low
LPIS-61604066478_46A,Spring Barley,7.199999809265137,0.802,0.633,,26.1,40,0.61,25.5,Low
LPIS-61624072202_47A,Ley / Grass,7.199999809265137,0.673,0.436,,15.2,40,0.58,17.7,Low
LPIS-61523944606_17A,Sugar Beet,7.199999809265137,0.803,0.591,,19.3,15,0.77,15.3,Low
LPIS-61743984554_22A,Unknown,7.199999809265137,0.766,0.497,,8.3,40,0.71,34,Moderate
LPIS-61644053924_111A,Rapeseed,7.190000057220459,0.689,0.508,,9.8,40,0.62,18.2,Low
LPIS-61723984804_71A,Rapeseed,7.179999828338623,0.653,0.469,,46,15,0.79,12.6,Low
LPIS-61453999074_39B,Spring Barley,7.170000076293945,0.677,0.467,,18.5,15,0.51,9.5,Low
LPIS-61543940572_19A,Rapeseed,7.170000076293945,0.815,0.657,,14.1,15,0.5,21,Low
LPIS-61523958319_53A,Spring Barley,7.139999866485596,0.539,0.364,,32.6,15,0.57,10.8,Low
LPIS-61694037302_3A,Ley / Grass,7.130000114440918,0.666,0.425,,25.6,40,0.68,18.6,Low
LPIS-61594049280_151A,Winter Wheat,7.119999885559082,0.827,0.561,,5.9,40,0.7,26.8,Low
LPIS-61533996505_18C,Winter Wheat,7.110000133514404,0.847,0.573,,5.2,15,0.79,22.2,Low
LPIS-61533977680_7A,Sugar Beet,7.110000133514404,0.81,0.562,,16.4,15,0.59,16.3,Low
LPIS-61553980341_8A,Fallow,7.099999904632568,0.763,0.615,,10.2,15,0.61,17.5,Low
LPIS-61483983912_15E,Rapeseed,7.099999904632568,0.523,0.35,,39.7,5,0.49,7.8,Low
LPIS-61504022468_27A,Spring Barley,7.099999904632568,0.728,0.577,,22.7,15,0.64,11.2,Low
LPIS-61544058157_1B,Winter Wheat,7.099999904632568,0.821,0.643,,10.9,15,0.62,18.3,Low
LPIS-61613955329_1A,Maize,7.099999904632568,0.503,0.335,,27,15,0.47,10.1,Low
LPIS-61584018730_10C,Sugar Beet,7.099999904632568,0.791,0.547,,24.2,15,0.63,11.6,Low
LPIS-61593969229_5A,Winter Wheat,7.090000152587891,0.768,0.557,,23.8,15,0.57,10.5,Low
LPIS-61583989291_9A,Ley / Grass,7.090000152587891,0.63,0.422,,10.6,15,0.74,8.5,Low
LPIS-61773977804_1A,Ley / Grass,7.079999923706055,0.65,0.414,,16.3,70,0.76,28.5,Low
LPIS-61763959347_60A,Rapeseed,7.059999942779541,0.767,0.573,,12.5,40,0.5,20.2,Low
LPIS-61594026775_6A,Unknown,7.050000190734863,0.799,0.619,,6.4,15,0.66,33.1,Moderate
LPIS-61803968716_107A,Ley / Grass,7.050000190734863,0.643,0.406,,13.5,40,0.61,17.3,Low
LPIS-61583956872_8A,Sugar Beet,7.050000190734863,0.742,0.532,,14.9,15,0.59,9.5,Low
LPIS-61633996268_1A,Ley / Grass,7.039999961853027,0.612,0.396,,26.8,40,0.53,18.8,Low
LPIS-61644030711_6A,Ley / Grass,7.039999961853027,0.8,0.551,,6.6,40,0.68,34.1,Moderate
LPIS-61723994052_15A,Spring Barley,7.019999980926514,0.802,0.585,,10.4,40,0.66,23.3,Low
LPIS-61693949153_1A,Unknown,7.019999980926514,0.67,0.433,,10.8,40,0.72,17.2,Low
LPIS-61753971233_2A,Ley / Grass,7.019999980926514,0.777,0.525,,23.9,40,0.47,31.4,Moderate
LPIS-61514059844_41A,Maize,7.019999980926514,0.69,0.456,,23.1,15,0.53,17.9,Low
LPIS-61473965688_5A,Winter Wheat,7.019999980926514,0.688,0.564,,19.3,5,0.79,7.6,Low
LPIS-61534021466_3B,Potato,7.010000228881836,0.786,0.566,,17.7,40,0.62,20.8,Low
LPIS-61763944286_19C,Rapeseed,7.010000228881836,0.86,0.664,,7.8,70,0.64,57.7,Moderate
LPIS-61503940241_12A,Winter Wheat,7,0.777,0.598,,8.3,15,0.43,9.5,Low
LPIS-61603989280_230A,Winter Wheat,7,0.881,0.669,,6.4,15,0.37,30.8,Moderate
LPIS-61723986735_82A,Ley / Grass,7,0.693,0.475,,13.3,15,0.81,9,Low
LPIS-61594014108_2A,Sugar Beet,7,0.775,0.522,,14.4,15,0.66,8.9,Low
LPIS-61524043113_103A,Winter Wheat,7,0.769,0.637,,10.9,15,0.9,10.4,Low
LPIS-61783951428_5A,Ley / Grass,6.989999771118164,0.8,0.563,,15.5,70,0.64,45.9,Moderate
LPIS-61733983529_5A,Ley / Grass,6.989999771118164,0.615,0.408,,10.1,15,0.82,8.4,Low
LPIS-61513975621_1A,Winter Wheat,6.989999771118164,0.809,0.655,,19.6,15,0.6,16.8,Low
LPIS-61503968967_70A,Winter Wheat,6.980000019073486,0.829,0.67,,20,15,0.55,21.2,Low
LPIS-61553983889_9A,Rapeseed,6.96999979019165,0.64,0.448,,24.5,15,0.76,10.2,Low
LPIS-61753955515_6A,Rapeseed,6.949999809265137,0.7,0.498,,24.2,70,0.66,30.2,Moderate
LPIS-61513925762_13A,Winter Wheat,6.949999809265137,0.808,0.635,,9.7,15,0.55,15.1,Low
LPIS-61503914589_17A,Spring Barley,6.940000057220459,0.731,0.59,,9.5,15,0.62,10,Low
LPIS-61484015681_11A,Unknown,6.929999828338623,0.836,0.558,,8.8,15,0.53,39.9,Moderate
LPIS-61693993398_33B,Spring Barley,6.929999828338623,0.826,0.636,,14.1,40,0.57,29,Low
LPIS-61613999210_210A,Rapeseed,6.920000076293945,0.783,0.534,,10.6,40,0.66,22.3,Low
LPIS-61584008454_13B,Sugar Beet,6.909999847412109,0.804,0.654,,14,15,0.77,15.8,Low
LPIS-61724012308_1A,Ley / Grass,6.909999847412109,0.574,0.371,,21.1,15,0.74,9.3,Low
LPIS-61773953800_3A,Ley / Grass,6.900000095367432,0.759,0.475,,10.9,70,0.6,36.9,Moderate
LPIS-61594007031_4F,Spring Barley,6.900000095367432,0.773,0.571,,13.3,15,0.68,9.6,Low
LPIS-61644008241_50A,Ley / Grass,6.900000095367432,0.804,0.557,,8.4,40,0.47,35,Moderate
LPIS-61624025708_20A,Ley / Grass,6.900000095367432,0.78,0.515,,5.4,15,0.76,20.9,Low
LPIS-61594014108_2C,Unknown,6.900000095367432,0.597,0.415,,46.1,15,0.56,12.4,Low
LPIS-61553980564_12A,Winter Wheat,6.889999866485596,0.826,0.67,,8.9,15,0.8,19.5,Low
LPIS-61543998325_20A,Spring Barley,6.869999885559082,0.872,0.713,,9.7,15,0.82,29.2,Low
LPIS-61464008757_304B,Maize,6.869999885559082,0.376,0.25,,61.6,40,0.56,22.6,Low
LPIS-61593997706_31B,Sugar Beet,6.860000133514404,0.787,0.622,,11.5,15,0.64,10.5,Low
LPIS-61613978929_19A,Ley / Grass,6.860000133514404,0.818,0.534,,6.6,15,0.56,28,Low
LPIS-61533940769_21A,Spring Barley,6.849999904632568,0.824,0.67,,17.6,15,0.72,20.3,Low
LPIS-61583994425_5A,Spring Barley,6.849999904632568,0.756,0.593,,9.8,15,0.55,9.8,Low
LPIS-61733975906_1A,Maize,6.829999923706055,0.706,0.441,,17.6,15,0.46,18,Low
LPIS-61574050906_14A,Winter Wheat,6.829999923706055,0.816,0.635,,18.3,40,0.64,26.7,Low
LPIS-61514047307_8A,Rapeseed,6.820000171661377,0.786,0.599,,17.9,40,0.62,24.5,Low
LPIS-61703989548_1A,Unknown,6.820000171661377,0.736,0.49,,12.4,40,0.8,28.3,Low
LPIS-61833981350_46A,Unknown,6.809999942779541,0.72,0.484,,13.2,40,0.67,25,Low
LPIS-61623993152_42A,Fallow,6.789999961853027,0.828,0.569,,15.8,40,0.39,37.4,Moderate
LPIS-61553973797_23A,Winter Wheat,6.789999961853027,0.789,0.601,,9.2,5,0.57,7,Low
LPIS-61634014658_48A,Ley / Grass,6.769999980926514,0.648,0.4,,17,40,0.65,17.5,Low
LPIS-61493956385_23A,Winter Wheat,6.769999980926514,0.706,0.489,,6.2,15,0.58,8.3,Low
LPIS-61554077616_199A,Winter Wheat,6.769999980926514,0.611,0.399,,13.6,15,0.38,8.6,Low
LPIS-61594000801_53A,Spring Barley,6.769999980926514,0.795,0.642,,11.4,15,0.64,14,Low
LPIS-61483996257_20A,Sugar Beet,6.75,0.802,0.572,,9.5,15,0.5,13.7,Low
LPIS-61604065148_5A,Sugar Beet,6.75,0.855,0.683,,6.7,40,0.72,38.8,Moderate
LPIS-61473961349_6A,Spring Barley,6.75,0.725,0.584,,15.1,5,0.69,7,Low
LPIS-61723979433_30A,Ley / Grass,6.75,0.738,0.485,,16.1,40,0.52,23.1,Low
LPIS-61524023684_9A,Rapeseed,6.75,0.722,0.507,,15.6,15,0.53,9.4,Low
LPIS-61583954601_1B,Fallow,6.75,0.542,0.378,,23.1,40,0.47,19.1,Low
LPIS-61494025421_48A,Spring Barley,6.739999771118164,0.802,0.666,,19.6,15,0.55,16.3,Low
LPIS-61574030206_12A,Winter Wheat,6.739999771118164,0.84,0.648,,10,40,0.62,31.2,Moderate
LPIS-61584018730_10B,Winter Wheat,6.739999771118164,0.836,0.578,,8.8,15,0.82,20.3,Low
LPIS-61753988071_145A,Sugar Beet,6.730000019073486,0.308,0.202,,64.5,40,0.53,22.7,Low
LPIS-61604042757_5A,Sugar Beet,6.730000019073486,0.835,0.598,,5.9,15,0.7,23,Low
LPIS-61704027254_1A,Ley / Grass,6.730000019073486,0.746,0.498,,8.3,70,0.78,34.7,Moderate
LPIS-61563992981_11B,Winter Wheat,6.71999979019165,0.626,0.438,,24.3,15,0.44,10.2,Low
LPIS-61594021101_1A,Winter Wheat,6.710000038146973,0.79,0.579,,9.5,15,0.61,10.6,Low
LPIS-61703927825_25B,Ley / Grass,6.710000038146973,0.652,0.423,,12.5,15,0.71,8.4,Low
LPIS-61553991675_4A,Spring Wheat,6.699999809265137,0.809,0.57,,5.7,15,0.63,20.4,Low
LPIS-61613985225_3A,Ley / Grass,6.699999809265137,0.674,0.417,,24,40,0.3,18.2,Low
LPIS-61623981308_16A,Ley / Grass,6.699999809265137,0.821,0.54,,8.4,15,0.46,28.7,Low
LPIS-61583965011_9B,Winter Wheat,6.639999866485596,0.738,0.586,,17.2,15,0.68,10.7,Low
LPIS-61554053406_108A,Rapeseed,6.639999866485596,0.486,0.333,,40,40,0.58,20.6,Low
LPIS-61733986635_61A,Rapeseed,6.639999866485596,0.633,0.472,,12,40,0.79,18.5,Low
LPIS-61703977507_9A,Ley / Grass,6.639999866485596,0.663,0.405,,13.7,40,0.64,17.1,Low
LPIS-61564052380_159A,Winter Wheat,6.630000114440918,0.705,0.57,,14.4,40,0.42,19.5,Low
LPIS-61544025244_3A,Winter Wheat,6.619999885559082,0.748,0.593,,13.7,15,0.65,10.3,Low
LPIS-61703992790_5A,Unknown,6.610000133514404,0.664,0.448,,27.5,40,0.84,19.2,Low
LPIS-61554038705_3A,Sugar Beet,6.599999904632568,0.664,0.452,,23.4,15,0.56,9.9,Low
LPIS-61683958316_142A,Rapeseed,6.590000152587891,0.775,0.547,,15.7,15,0.68,12.5,Low
LPIS-61493979106_16A,Winter Wheat,6.579999923706055,0.801,0.558,,11.4,15,0.58,12.8,Low
LPIS-61614042282_26A,Ley / Grass,6.550000190734863,0.355,0.241,,56.3,15,0.75,13.2,Low
LPIS-61543976286_78A,Winter Wheat,6.53000020980835,0.795,0.612,,13.5,15,0.41,12.5,Low
LPIS-61723987885_4A,Winter Wheat,6.53000020980835,0.521,0.335,,14.9,15,0.56,8.6,Low
LPIS-61624010180_2A,Spring Barley,6.519999980926514,0.875,0.68,,14.2,15,0.74,29.7,Low
LPIS-61713999680_1A,Unknown,6.519999980926514,0.73,0.496,,10.4,40,0.59,26.9,Low
LPIS-61763924209_3A,Ley / Grass,6.519999980926514,0.589,0.371,,17.3,40,0.66,17.7,Low
LPIS-61574047450_4A,Spring Wheat,6.510000228881836,0.866,0.699,,11.4,15,0.56,43,Moderate
LPIS-61514005397_7A,Fallow,6.5,0.668,0.484,,28,15,0.66,10.9,Low
LPIS-61593987819_14A,Spring Barley,6.5,0.651,0.466,,28.7,15,0.59,10.8,Low
LPIS-61704016330_44A,Spring Barley,6.5,0.734,0.576,,16.5,15,0.54,10.5,Low
LPIS-61564048782_152A,Ley / Grass,6.5,0.626,0.409,,14.6,15,0.63,8.7,Low
LPIS-61593987819_14D,Sugar Beet,6.5,0.82,0.644,,21.6,15,0.59,21,Low
LPIS-61544020542_6A,Ley / Grass,6.489999771118164,0.724,0.482,,14.3,40,0.46,20.4,Low
LPIS-61574010828_14A,Rapeseed,6.489999771118164,0.643,0.453,,31.4,15,0.4,11,Low
LPIS-61593995256_1A,Winter Wheat,6.489999771118164,0.835,0.629,,12.7,15,0.34,21.2,Low
LPIS-61683981432_16B,Winter Wheat,6.489999771118164,0.901,0.698,,2.4,40,0.52,52.9,Moderate
LPIS-61763969448_3B,Ley / Grass,6.480000019073486,0.644,0.444,,13.6,40,0.65,18,Low
LPIS-61674015082_4A,Ley / Grass,6.480000019073486,0.709,0.432,,17.6,40,0.91,17.5,Low
LPIS-61604058272_173A,Spring Barley,6.480000019073486,0.833,0.635,,10.1,40,0.72,29.8,Low
LPIS-61443974455_26A,Rye,6.46999979019165,0.787,0.604,,10.2,15,0.36,22.4,Low
LPIS-61564046877_20A,Unknown,6.460000038146973,0.778,0.633,,11.3,15,0.72,29.7,Low
LPIS-61684001891_37A,Ley / Grass,6.460000038146973,0.58,0.36,,18.6,40,0.91,17.7,Low
LPIS-61473957172_13A,Rapeseed,6.460000038146973,0.738,0.549,,6.8,15,0.63,9,Low
LPIS-61514028283_7C,Winter Wheat,6.449999809265137,0.82,0.613,,12,40,0.64,26.6,Low
LPIS-61553985332_10A,Sugar Beet,6.440000057220459,0.752,0.592,,16,15,0.49,10.4,Low
LPIS-61473949140_7B,Unknown,6.429999828338623,0.681,0.51,,13.3,15,0.64,9.7,Low
LPIS-61714014133_78B,Winter Wheat,6.420000076293945,0.722,0.451,,20,15,0.95,8.9,Low
LPIS-61743984101_22A,Rapeseed,6.400000095367432,0.789,0.608,,11.6,40,0.41,24.4,Low
LPIS-61564024450_8A,Potato,6.400000095367432,0.809,0.604,,10.5,15,0.56,20.3,Low
LPIS-61523962905_6A,Winter Wheat,6.400000095367432,0.884,0.689,,6.8,15,0.49,31.9,Moderate
LPIS-61554059090_1A,Winter Wheat,6.389999866485596,0.714,0.57,,11.5,15,0.55,10.1,Low
LPIS-61584018730_10D,Rapeseed,6.380000114440918,0.524,0.356,,42.5,15,0.51,11.8,Low
LPIS-61684022942_1A,Unknown,6.380000114440918,0.614,0.42,,18.2,40,0.78,18.4,Low
LPIS-61514005170_56B,Fallow,6.369999885559082,0.665,0.494,,22.6,40,0.72,19.6,Low
LPIS-61723998695_7A,Ley / Grass,6.369999885559082,0.606,0.401,,19.3,40,0.46,18.3,Low
LPIS-61604029538_18A,Spring Barley,6.369999885559082,0.864,0.671,,9.8,15,0.46,27,Low
LPIS-61553975923_15B,Sugar Beet,6.369999885559082,0.797,0.599,,9.3,15,0.54,12.7,Low
LPIS-61544044567_62A,Winter Wheat,6.369999885559082,0.816,0.655,,16.3,15,0.53,18,Low
LPIS-61513920293_110A,Fallow,6.349999904632568,0.726,0.514,,17.8,15,0.51,10.3,Low
LPIS-61773949342_66A,Ley / Grass,6.340000152587891,0.772,0.491,,8.7,70,0.68,39.1,Moderate
LPIS-61514049256_25A,Winter Wheat,6.329999923706055,0.741,0.597,,10.2,40,0.63,19.1,Low
LPIS-61614017647_31A,Winter Wheat,6.320000171661377,0.833,0.653,,8.5,40,0.57,29.6,Low
LPIS-61514057516_19A,Rapeseed,6.320000171661377,0.412,0.281,,24.4,15,0.56,10,Low
LPIS-61593987819_14B,Winter Wheat,6.300000190734863,0.894,0.706,,8.9,40,0.62,52,Moderate
LPIS-61554014998_3A,Sugar Beet,6.289999961853027,0.781,0.562,,8.4,40,0.88,17.9,Low
LPIS-61534027816_9A,Ley / Grass,6.289999961853027,0.627,0.416,,13.3,15,0.39,8.7,Low
LPIS-61513984006_114A,Spring Barley,6.289999961853027,0.861,0.703,,8.7,15,0.79,26.8,Low
LPIS-61713946931_20A,Ley / Grass,6.28000020980835,0.655,0.469,,15.2,40,0.75,18.5,Low
LPIS-61533921709_13C,Winter Wheat,6.260000228881836,0.867,0.675,,15.2,15,0.65,28.8,Low
LPIS-61503940975_11B,Winter Wheat,6.25,0.791,0.535,,8.8,15,0.45,10.1,Low
LPIS-61574029073_10A,Winter Wheat,6.239999771118164,0.82,0.607,,7.5,15,0.6,17.2,Low
LPIS-61773968307_14A,Rye,6.230000019073486,0.671,0.462,,9.6,40,0.62,17.6,Low
LPIS-61514019796_2A,Winter Wheat,6.210000038146973,0.818,0.639,,8.8,15,0.57,17.3,Low
LPIS-61683958771_5A,Fallow,6.199999809265137,0.611,0.395,,18,15,0.46,9,Low
LPIS-61714007483_1A,Winter Wheat,6.199999809265137,0.605,0.422,,45.5,15,0.88,12.3,Low
LPIS-61453974737_2A,Peas,6.190000057220459,0.817,0.666,,11.1,15,0.44,26.2,Low
LPIS-61584021106_26A,Peas,6.190000057220459,0.854,0.674,,11.1,15,0.41,47.6,Moderate
LPIS-61564067610_33A,Winter Wheat,6.179999828338623,0.637,0.507,,10,15,0.59,10,Low
LPIS-61603951730_17A,Winter Wheat,6.170000076293945,0.731,0.487,,10.7,15,0.47,8.5,Low
LPIS-61473999309_30A,Winter Wheat,6.170000076293945,0.85,0.675,,5.8,15,0.58,24.3,Low
LPIS-61564000552_1A,Winter Wheat,6.170000076293945,0.715,0.553,,12,15,0.87,9.9,Low
LPIS-61604052628_84A,Ley / Grass,6.159999847412109,0.614,0.395,,19.2,40,0.66,18,Low
LPIS-61564011871_16A,Spring Barley,6.159999847412109,0.739,0.607,,23.7,15,0.82,11.6,Low
LPIS-61783953572_5A,Ley / Grass,6.159999847412109,0.77,0.513,,16,40,0.58,29.2,Low
LPIS-61534005116_2A,Winter Wheat,6.139999866485596,0.789,0.617,,21,15,0.59,12,Low
LPIS-61623998439_48A,Fallow,6.139999866485596,0.484,0.303,,53.2,15,0.46,12.2,Low
LPIS-61574008682_10A,Winter Barley,6.130000114440918,0.804,0.638,,14.3,15,0.72,14.8,Low
LPIS-61583987394_23A,Rapeseed,6.130000114440918,0.768,0.553,,9.3,15,0.52,10.8,Low
LPIS-61524040112_10A,Rapeseed,6.130000114440918,0.793,0.61,,14,40,0.5,25.5,Low
LPIS-61554002663_4B,Peas,6.119999885559082,0.78,0.523,,7.9,15,0.66,10.5,Low
LPIS-61673965649_22A,Ley / Grass,6.119999885559082,0.752,0.48,,9.8,40,0.87,24.9,Low
LPIS-61494001577_53A,Fallow,6.119999885559082,0.859,0.705,,7.7,5,0.54,37.5,Moderate
LPIS-61763981548_312A,Unknown,6.119999885559082,0.738,0.5,,18.6,40,0.8,29.5,Low
LPIS-61533977680_7B,Rapeseed,6.099999904632568,0.617,0.418,,38.2,15,0.46,11.3,Low
LPIS-61624065443_46A,Ley / Grass,6.099999904632568,0.704,0.463,,10.1,40,0.75,17.3,Low
LPIS-61613984915_32A,Ley / Grass,6.099999904632568,0.481,0.311,,59.7,40,0.36,22.1,Low
LPIS-61773954074_9A,Rapeseed,6.099999904632568,0.772,0.593,,15.8,40,0.61,21.7,Low
LPIS-61563996387_10C,Winter Wheat,6.090000152587891,0.826,0.664,,9.7,15,0.49,19.4,Low
LPIS-61664008930_55A,Winter Wheat,6.070000171661377,0.858,0.633,,10.6,40,0.7,34.8,Moderate
LPIS-61733977891_1B,Ley / Grass,6.070000171661377,0.69,0.42,,15.7,40,0.74,17.3,Low
LPIS-61653991384_60A,Ley / Grass,6.059999942779541,0.552,0.354,,27,40,0.59,18.8,Low
LPIS-61713966001_8A,Ley / Grass,6.059999942779541,0.676,0.439,,10.7,40,0.6,17.3,Low
LPIS-61604013764_5A,Ley / Grass,6.059999942779541,0.679,0.427,,19.1,15,0.55,8.9,Low
LPIS-61674038763_20A,Unknown,6.050000190734863,0.729,0.478,,13.9,40,0.58,26.8,Low
LPIS-61773954074_9D,Maize,6.050000190734863,0.731,0.533,,17.6,40,0.69,29.9,Low
LPIS-61533921709_13B,Winter Wheat,6.050000190734863,0.857,0.651,,11.3,40,0.64,34.9,Moderate
LPIS-61584068620_48A,Winter Wheat,6.050000190734863,0.792,0.614,,12.1,15,0.5,11.7,Low
LPIS-61534056667_1A,Potato,6.039999961853027,0.551,0.388,,25.3,15,0.55,10.4,Low
LPIS-61594038425_23A,Rapeseed,6.039999961853027,0.725,0.571,,23.2,15,0.66,11.2,Low
LPIS-61673929112_124A,Ley / Grass,6.039999961853027,0.849,0.614,,6.8,40,0.66,43.6,Moderate
LPIS-61554014784_2A,Sugar Beet,6.039999961853027,0.836,0.636,,8.4,40,0.78,33,Moderate
LPIS-61553978407_9C,Sugar Beet,6.03000020980835,0.846,0.667,,14.5,15,0.41,27.8,Low
LPIS-61554072641_201A,Spring Barley,6.019999980926514,0.606,0.419,,24.9,15,0.58,10.2,Low
LPIS-61544023927_91A,Rapeseed,6.019999980926514,0.647,0.454,,16.4,15,0.55,9.5,Low
LPIS-61713980580_28A,Rapeseed,6.010000228881836,0.719,0.558,,12,15,0.63,9.9,Low
LPIS-61684008613_30A,Spring Barley,6.010000228881836,0.854,0.649,,12.5,40,0.73,34.2,Moderate
LPIS-61574031908_13A,Winter Wheat,6.010000228881836,0.813,0.64,,22.6,15,0.58,17.7,Low
LPIS-61503997815_115C,Spring Barley,6,0.846,0.635,,12.9,15,0.5,23.5,Low
LPIS-61624022776_11A,Ley / Grass,5.980000019073486,0.753,0.512,,13.7,40,0.58,25.9,Low
LPIS-61634024122_8D,Sugar Beet,5.96999979019165,0.656,0.446,,23.8,40,0.45,18.9,Low
LPIS-61593995256_1B,Spring Barley,5.96999979019165,0.834,0.656,,11.3,15,0.47,21.5,Low
LPIS-61773954074_9C,Rapeseed,5.960000038146973,0.787,0.606,,8.9,40,0.52,23.9,Low
LPIS-61494029255_23A,Rapeseed,5.929999828338623,0.533,0.371,,27.7,15,0.52,10.5,Low
LPIS-61463959213_12A,Winter Wheat,5.929999828338623,0.764,0.524,,9.3,5,0.67,5,Low
LPIS-61713993140_5A,Fallow,5.920000076293945,0.752,0.536,,8.2,15,0.73,14.1,Low
LPIS-61534042606_19B,Rapeseed,5.920000076293945,0.551,0.369,,15.9,40,0.71,18,Low
LPIS-61703994992_31A,Unknown,5.909999847412109,0.705,0.476,,16.3,15,0.78,13.4,Low
LPIS-61723978469_3C,Winter Wheat,5.900000095367432,0.802,0.62,,12,15,0.47,14,Low
LPIS-61493956608_40A,Winter Wheat,5.900000095367432,0.747,0.565,,11.4,15,0.71,9.6,Low
LPIS-61524013308_6A,Spring Wheat,5.889999866485596,0.759,0.587,,7.8,15,0.57,9.5,Low
LPIS-61453973347_24A,Rapeseed,5.889999866485596,0.851,0.663,,8.3,15,0.44,26.8,Low
LPIS-61613962249_1A,Spring Barley,5.880000114440918,0.767,0.58,,9.9,15,0.72,9.5,Low
LPIS-61603984212_58A,Maize,5.869999885559082,0.67,0.429,,20.6,40,0.6,25.1,Low
LPIS-61664023989_1A,Ley / Grass,5.849999904632568,0.708,0.457,,15.3,40,0.43,17.7,Low
LPIS-61574074271_43A,Rapeseed,5.840000152587891,0.818,0.635,,7.7,15,0.75,20.6,Low
LPIS-61624026373_1A,Ley / Grass,5.840000152587891,0.774,0.524,,8.6,40,0.48,29.3,Low
LPIS-61554031073_45A,Rapeseed,5.829999923706055,0.779,0.63,,7.1,15,0.59,13.7,Low
LPIS-61613984048_4A,Ley / Grass,5.809999942779541,0.739,0.447,,7.8,15,0.64,12.9,Low
LPIS-61624000285_3A,Ley / Grass,5.800000190734863,0.749,0.501,,11,40,0.37,24.7,Low
LPIS-61624033878_18A,Maize,5.800000190734863,0.406,0.27,,64.2,15,0.56,13.8,Low
LPIS-61594047283_1A,Winter Wheat,5.789999961853027,0.787,0.612,,9,40,0.54,19.3,Low
LPIS-61683936115_1A,Winter Wheat,5.789999961853027,0.703,0.487,,5.8,70,0.6,28.1,Low
LPIS-61513900394_77C,Spring Barley,5.789999961853027,0.767,0.617,,26.2,15,0.47,11.7,Low
LPIS-61483965709_6A,Fallow,5.78000020980835,0.729,0.538,,9.3,40,0.39,19.3,Low
LPIS-61654042049_2A,Ley / Grass,5.78000020980835,0.597,0.36,,23.9,40,0.53,18,Low
LPIS-61534053928_101A,Winter Wheat,5.769999980926514,0.796,0.634,,16.4,15,0.49,13.3,Low
LPIS-61553980341_8C,Spring Barley,5.769999980926514,0.788,0.644,,7.9,15,0.67,12.3,Low
LPIS-61773953208_1A,Ley / Grass,5.760000228881836,0.713,0.466,,16.2,40,0.67,18.3,Low
LPIS-61594042030_12A,Winter Wheat,5.75,0.756,0.583,,15.9,15,0.71,10.2,Low
LPIS-61544024607_15A,Rapeseed,5.75,0.672,0.473,,16.9,15,0.51,9.5,Low
LPIS-61504006982_3A,Fallow,5.739999771118164,0.789,0.531,,20.7,15,0.59,21.7,Low
LPIS-61613985001_73A,Ley / Grass,5.739999771118164,0.822,0.637,,20.2,40,0.44,40.6,Moderate
LPIS-61503950574_22A,Winter Wheat,5.739999771118164,0.739,0.515,,4.3,15,0.56,8.2,Low
LPIS-61523917038_7A,Fallow,5.739999771118164,0.83,0.659,,14.8,15,0.59,30,Moderate
LPIS-61544076004_8A,Rapeseed,5.730000019073486,0.719,0.541,,10.4,15,0.61,9.5,Low
LPIS-61463950277_2D,Sugar Beet,5.71999979019165,0.718,0.477,,3.1,5,0.4,4.1,Low
LPIS-61564022016_114A,Spring Barley,5.710000038146973,0.853,0.695,,6.7,40,0.47,34.1,Moderate
LPIS-61663991155_78A,Ley / Grass,5.710000038146973,0.579,0.358,,22.4,40,0.59,18.1,Low
LPIS-61514033045_14A,Spring Barley,5.710000038146973,0.838,0.659,,9.2,15,0.92,22.1,Low
LPIS-61823963944_58A,Unknown,5.710000038146973,0.631,0.384,,17,40,0.78,17.4,Low
LPIS-61783954701_9A,Ley / Grass,5.690000057220459,0.637,0.386,,23.2,40,0.59,18,Low
LPIS-61603969495_45A,Ley / Grass,5.690000057220459,0.633,0.417,,15.7,40,0.59,17.9,Low
LPIS-61724001681_5A,Ley / Grass,5.690000057220459,0.73,0.475,,11,40,0.89,21,Low
LPIS-61663968740_21B,Rye,5.679999828338623,0.735,0.564,,12.3,40,0.41,19.5,Low
LPIS-61603990126_2A,Winter Wheat,5.679999828338623,0.836,0.594,,7,15,0.3,20.2,Low
LPIS-61733986211_205A,Unknown,5.670000076293945,0.592,0.366,,15.2,40,0.81,17.3,Low
LPIS-61564011871_16B,Winter Wheat,5.670000076293945,0.836,0.687,,9.3,15,0.59,21.9,Low
LPIS-61524056545_7A,Winter Wheat,5.670000076293945,0.782,0.531,,16.5,40,0.56,18.2,Low
LPIS-61783983400_168A,Ley / Grass,5.650000095367432,0.592,0.381,,27.3,40,0.62,18.8,Low
LPIS-61564064122_22A,Ley / Grass,5.650000095367432,0.687,0.462,,9.3,15,0.58,8.4,Low
LPIS-61503915148_1A,Winter Wheat,5.639999866485596,0.768,0.605,,12.1,15,0.64,10.1,Low
LPIS-61713995889_17B,Spring Barley,5.639999866485596,0.794,0.602,,5.5,40,0.48,21.5,Low
LPIS-61593975850_25A,Rapeseed,5.630000114440918,0.741,0.573,,20.7,15,0.49,10.7,Low
LPIS-61573947656_2A,Unknown,5.630000114440918,0.78,0.64,,5.7,15,0.44,29.7,Low
LPIS-61714001079_82A,Fallow,5.630000114440918,0.692,0.493,,21.1,40,0.77,19.1,Low
LPIS-61694015073_16A,Spring Barley,5.619999885559082,0.859,0.609,,3.3,40,0.78,33.7,Moderate
LPIS-61513949853_8B,Spring Barley,5.619999885559082,0.759,0.577,,11.3,15,0.63,9.7,Low
LPIS-61503952967_1A,Spring Barley,5.619999885559082,0.806,0.567,,9.1,15,0.7,14.7,Low
LPIS-61693926383_34A,Ley / Grass,5.610000133514404,0.709,0.473,,12.7,40,0.67,17.7,Low
LPIS-61683968935_7A,Maize,5.610000133514404,0.309,0.206,,72.2,40,0.55,23.6,Low
LPIS-61634038220_17A,Ley / Grass,5.599999904632568,0.733,0.453,,10.3,40,0.61,21.1,Low
LPIS-61544043996_63A,Winter Wheat,5.599999904632568,0.796,0.634,,14.8,15,0.62,13.1,Low
LPIS-61563991212_3A,Winter Wheat,5.590000152587891,0.82,0.64,,8.5,15,0.68,17.8,Low
LPIS-61534066732_12B,Winter Wheat,5.579999923706055,0.762,0.528,,7.7,40,0.54,17.5,Low
LPIS-61733995709_9A,Unknown,5.579999923706055,0.755,0.505,,11.3,40,0.52,32.2,Moderate
LPIS-61684005401_118A,Ley / Grass,5.579999923706055,0.816,0.558,,6,40,0.81,36.8,Moderate
LPIS-61614043642_12B,Ley / Grass,5.579999923706055,0.382,0.253,,67.3,15,0.43,14.1,Low
LPIS-61743944237_58A,Ley / Grass,5.570000171661377,0.823,0.588,,11.7,40,0.5,39.1,Moderate
LPIS-61604058794_174A,Spring Barley,5.570000171661377,0.835,0.649,,7.9,40,0.72,30.2,Moderate
LPIS-61684009183_126A,Spring Barley,5.559999942779541,0.787,0.544,,19,40,0.59,20.6,Low
LPIS-61604026137_6A,Ley / Grass,5.550000190734863,0.783,0.537,,6.5,15,0.64,21.9,Low
LPIS-61503941608_26A,Spring Barley,5.550000190734863,0.682,0.54,,17.2,15,0.64,10.6,Low
LPIS-61733982477_22A,Fallow,5.53000020980835,0.713,0.54,,13.2,40,0.63,18.8,Low
LPIS-61573998283_179A,Winter Wheat,5.53000020980835,0.797,0.528,,16.7,15,0.52,12,Low
LPIS-61473951391_2A,Rapeseed,5.53000020980835,0.654,0.505,,11.4,15,0.56,9.8,Low
LPIS-61723987153_11A,Spring Barley,5.519999980926514,0.68,0.506,,15,40,0.91,18.8,Low
LPIS-61514022052_3A,Winter Barley,5.519999980926514,0.723,0.572,,11,15,0.49,10,Low
LPIS-61523950964_20C,Winter Wheat,5.510000228881836,0.856,0.659,,5.6,15,0.62,25.3,Low
LPIS-61753973572_4A,Ley / Grass,5.510000228881836,0.803,0.553,,16.5,40,0.39,35.6,Moderate
LPIS-61533982763_15A,Winter Wheat,5.510000228881836,0.873,0.694,,11.3,15,0.85,30.1,Moderate
LPIS-61574063207_45A,Winter Wheat,5.5,0.712,0.576,,24.4,15,0.71,11.6,Low
LPIS-61584035375_161A,Rapeseed,5.5,0.742,0.571,,13.2,15,0.55,10,Low
LPIS-61533977128_6A,Rapeseed,5.5,0.864,0.704,,8.7,15,0.74,29.7,Low
LPIS-61634021375_63B,Ley / Grass,5.5,0.768,0.542,,14.6,40,0.68,29.1,Low
LPIS-61703988272_29A,Rapeseed,5.489999771118164,0.741,0.576,,13.8,15,0.67,10.1,Low
LPIS-61594014108_2E,Winter Wheat,5.489999771118164,0.896,0.687,,6.8,15,0.69,41.1,Moderate
LPIS-61763954847_4A,Ley / Grass,5.480000019073486,0.56,0.336,,23.7,40,0.68,18,Low
LPIS-61783970607_186A,Ley / Grass,5.46999979019165,0.58,0.358,,15.9,40,0.58,17.4,Low
LPIS-61743974580_1A,Winter Wheat,5.460000038146973,0.811,0.62,,4.1,40,0.61,24,Low
LPIS-61594035156_7A,Maize,5.449999809265137,0.747,0.583,,18.7,15,0.57,22.6,Low
LPIS-61733942946_45A,Ley / Grass,5.449999809265137,0.629,0.399,,15.8,40,0.75,17.6,Low
LPIS-61613962564_3A,Spring Barley,5.449999809265137,0.394,0.249,,53.6,15,0.56,12.3,Low
LPIS-61684006087_127A,Maize,5.440000057220459,0.365,0.24,,68.2,40,0.67,23.1,Low
LPIS-61614061704_162A,Spring Barley,5.440000057220459,0.771,0.593,,10.5,40,0.76,18.7,Low
LPIS-61503928719_3A,Rapeseed,5.440000057220459,0.711,0.563,,13,15,0.56,10.2,Low
LPIS-61693990586_34A,Spring Barley,5.429999828338623,0.799,0.607,,16.5,15,0.62,14.6,Low
LPIS-61614048004_13A,Maize,5.429999828338623,0.458,0.305,,55.8,15,0.54,13,Low
LPIS-61503947209_36A,Spring Wheat,5.420000076293945,0.749,0.57,,16.4,40,0.56,19.2,Low
LPIS-61693950181_6A,Winter Wheat,5.420000076293945,0.799,0.602,,15.2,15,0.71,13.5,Low
LPIS-61733945144_21C,Spring Barley,5.420000076293945,0.736,0.494,,18.7,40,0.65,18.3,Low
LPIS-61524014277_4B,Winter Wheat,5.409999847412109,0.659,0.453,,16.7,40,0.54,18.3,Low
LPIS-61773938453_104A,Winter Wheat,5.409999847412109,0.716,0.465,,7,40,0.67,16.9,Low
LPIS-61584037942_2A,Ley / Grass,5.409999847412109,0.809,0.574,,9.8,40,0.39,36.3,Moderate
LPIS-61594007031_4B,Rapeseed,5.400000095367432,0.724,0.52,,11.9,15,0.62,9.2,Low
LPIS-61534056667_1B,Spring Barley,5.400000095367432,0.527,0.364,,18.2,15,0.57,9.5,Low
LPIS-61684020095_6A,Unknown,5.400000095367432,0.542,0.349,,19.7,40,0.54,18.1,Low
LPIS-61453998431_29A,Fallow,5.400000095367432,0.628,0.455,,25.8,15,0.31,10.7,Low
LPIS-61513951640_1A,Winter Wheat,5.389999866485596,0.849,0.576,,4.9,15,0.63,22.6,Low
LPIS-61504019313_33A,Ley / Grass,5.389999866485596,0.595,0.389,,17.2,15,0.62,9,Low
LPIS-61644055109_94A,Rapeseed,5.389999866485596,0.683,0.506,,11.9,40,0.61,18.5,Low
LPIS-61554002663_4A,Winter Wheat,5.380000114440918,0.763,0.561,,8.6,40,0.62,18.1,Low
LPIS-61583965780_5A,Winter Wheat,5.369999885559082,0.812,0.647,,9.5,15,0.5,16.2,Low
LPIS-61624007210_16A,Winter Wheat,5.369999885559082,0.671,0.472,,19.9,40,0.56,18.8,Low
LPIS-61564011871_16C,Rapeseed,5.369999885559082,0.636,0.462,,23.5,15,0.82,10.5,Low
LPIS-61674026562_156A,Maize,5.369999885559082,0.387,0.258,,59.6,40,0.45,22.4,Low
LPIS-61533954425_22A,Spring Barley,5.369999885559082,0.847,0.675,,14.2,15,0.61,24.5,Low
LPIS-61713994542_175A,Spring Barley,5.349999904632568,0.725,0.563,,8.7,15,0.56,9.6,Low
LPIS-61683913486_121A,Ley / Grass,5.340000152587891,0.663,0.447,,10.4,70,0.46,28.3,Low
LPIS-61664000635_1A,Unknown,5.329999923706055,0.718,0.462,,16.7,40,0.65,24.6,Low
LPIS-61513918483_1A,Winter Wheat,5.329999923706055,0.824,0.67,,23.2,15,0.58,20.5,Low
LPIS-61703995528_1A,Ley / Grass,5.329999923706055,0.584,0.373,,24.9,40,0.62,18.5,Low
LPIS-61503928984_21A,Winter Wheat,5.320000171661377,0.76,0.587,,7.1,15,0.56,9.4,Low
LPIS-61604061901_88A,Rapeseed,5.320000171661377,0.844,0.67,,6.3,40,0.83,34.4,Moderate
LPIS-61513965770_24A,Winter Wheat,5.309999942779541,0.788,0.543,,14.3,15,0.53,10,Low
LPIS-61513974282_106A,Spring Barley,5.309999942779541,0.797,0.646,,13.5,15,0.75,14.6,Low
LPIS-61524014445_7A,Winter Wheat,5.309999942779541,0.829,0.561,,9.7,40,0.48,27.5,Low
LPIS-61604038748_8A,Winter Barley,5.309999942779541,0.85,0.681,,7.4,15,0.36,26.2,Low
LPIS-61723972185_6A,Winter Wheat,5.300000190734863,0.849,0.671,,16.5,15,0.63,25.2,Low
LPIS-61733980192_104A,Ley / Grass,5.300000190734863,0.523,0.329,,19.7,15,0.58,8.9,Low
LPIS-61483997554_6A,Winter Wheat,5.300000190734863,0.809,0.637,,16,15,0.59,16,Low
LPIS-61513910481_9A,Winter Wheat,5.289999961853027,0.774,0.617,,10.4,15,0.73,10,Low
LPIS-61703924166_1A,Spring Barley,5.28000020980835,0.403,0.249,,44.3,40,0.49,20.2,Low
LPIS-61534010528_102A,Spring Barley,5.28000020980835,0.792,0.611,,17.9,15,0.55,13.5,Low
LPIS-61704039155_72A,Ley / Grass,5.28000020980835,0.558,0.363,,27.2,70,0.53,29.7,Low
LPIS-61713987029_12A,Peas,5.28000020980835,0.739,0.451,,8.6,15,0.71,7.6,Low
LPIS-61594062737_78A,Rapeseed,5.269999980926514,0.838,0.663,,7.7,40,0.6,33.4,Moderate
LPIS-61584041344_35A,Sugar Beet,5.260000228881836,0.781,0.552,,4.9,15,0.73,8.4,Low
LPIS-61544028473_14A,Ley / Grass,5.25,0.785,0.553,,16.4,40,0.58,32.4,Moderate
LPIS-61733954028_23A,Maize,5.25,0.765,0.527,,14.1,40,0.72,31.3,Moderate
LPIS-61753984620_7A,Ley / Grass,5.25,0.436,0.277,,46.7,40,0.47,20.7,Low
LPIS-61633994891_30A,Ley / Grass,5.25,0.656,0.436,,24.8,40,0.44,18.9,Low
LPIS-61593987819_14C,Rapeseed,5.239999771118164,0.867,0.699,,2.3,40,0.66,38.4,Moderate
LPIS-61524051074_49A,Ley / Grass,5.239999771118164,0.727,0.479,,19,40,0.61,21.3,Low
LPIS-61514058265_48A,Ley / Grass,5.21999979019165,0.803,0.556,,15.3,15,0.56,26.5,Low
LPIS-61574028362_51A,Sugar Beet,5.21999979019165,0.781,0.533,,8.7,40,0.6,17.5,Low
LPIS-61693954882_37A,Ley / Grass,5.210000038146973,0.776,0.506,,14,40,0.76,29.8,Low
LPIS-61654040350_5A,Ley / Grass,5.199999809265137,0.568,0.342,,13.4,40,0.39,17,Low
LPIS-61523963185_12A,Winter Wheat,5.199999809265137,0.761,0.568,,23,15,0.96,10.7,Low
LPIS-61654002961_83A,Ley / Grass,5.199999809265137,0.815,0.617,,7.4,40,0.47,37.8,Moderate
LPIS-61563943817_6A,Sugar Beet,5.199999809265137,0.709,0.51,,6.4,15,0.66,8.7,Low
LPIS-61564072403_11B,Ley / Grass,5.190000057220459,0.589,0.411,,13,15,0.56,9.1,Low
LPIS-61614031975_8A,Maize,5.190000057220459,0.881,0.686,,7,40,0.74,39.3,Moderate
LPIS-61594007283_62A,Ley / Grass,5.190000057220459,0.726,0.462,,20.7,40,0.4,21,Low
LPIS-61733993920_24A,Ley / Grass,5.190000057220459,0.67,0.432,,23.2,40,0.62,18.5,Low
LPIS-61823989225_106A,Ley / Grass,5.179999828338623,0.577,0.35,,16.3,40,0.58,17.3,Low
LPIS-61524045234_21A,Winter Wheat,5.179999828338623,0.784,0.533,,7.9,15,0.72,8.3,Low
LPIS-61523955588_4A,Ley / Grass,5.179999828338623,0.757,0.487,,12.6,15,0.64,17,Low
LPIS-61513965351_23B,Sugar Beet,5.170000076293945,0.789,0.544,,14.9,15,0.58,10.3,Low
LPIS-61514045771_2A,Ley / Grass,5.170000076293945,0.77,0.539,,17.2,40,0.34,29.6,Low
LPIS-61634043470_17A,Ley / Grass,5.170000076293945,0.666,0.432,,18.6,40,0.42,18,Low
LPIS-61694013058_28A,Spring Barley,5.159999847412109,0.851,0.606,,3.7,40,0.77,32.2,Moderate
LPIS-61493953516_84A,Winter Wheat,5.159999847412109,0.711,0.542,,9.2,15,0.67,9.5,Low
LPIS-61514028634_8A,Winter Wheat,5.150000095367432,0.783,0.588,,27.9,15,0.46,11.2,Low
LPIS-61604042296_167A,Winter Wheat,5.150000095367432,0.83,0.665,,16.9,40,0.71,30,Moderate
LPIS-61723987885_4B,Rapeseed,5.139999866485596,0.616,0.426,,14.6,15,0.7,9.2,Low
LPIS-61683956610_52A,Ley / Grass,5.139999866485596,0.736,0.487,,14.3,15,0.7,13.5,Low
LPIS-61683971009_17A,Fallow,5.139999866485596,0.675,0.453,,30,40,0.66,19.5,Low
LPIS-61753958378_14A,Ley / Grass,5.139999866485596,0.699,0.435,,8.9,40,0.44,16.8,Low
LPIS-61743977502_84A,Ley / Grass,5.139999866485596,0.84,0.568,,7.1,40,0.47,41.4,Moderate
LPIS-61563943817_6B,Spring Barley,5.130000114440918,0.718,0.578,,17.8,15,0.65,10.8,Low
LPIS-61604019688_8A,Spring Barley,5.130000114440918,0.837,0.651,,25.1,15,0.43,23.3,Low
LPIS-61783965868_21A,Unknown,5.130000114440918,0.565,0.346,,14.7,70,0.33,28,Low
LPIS-61514000820_55C,Winter Wheat,5.130000114440918,0.853,0.65,,13.4,40,0.64,34.3,Moderate
LPIS-61483953021_32A,Winter Barley,5.130000114440918,0.716,0.566,,11.6,15,0.5,10.1,Low
LPIS-61484018190_24A,Winter Wheat,5.119999885559082,0.671,0.474,,24.7,15,0.42,10.3,Low
LPIS-61574070622_1A,Rapeseed,5.119999885559082,0.635,0.457,,16.4,15,0.49,9.7,Low
LPIS-61763955385_58A,Spring Barley,5.119999885559082,0.73,0.543,,11.1,40,0.81,18.4,Low
LPIS-61514037818_1A,Winter Wheat,5.119999885559082,0.78,0.645,,22.5,15,0.35,11.6,Low
LPIS-61743986972_69A,Rapeseed,5.119999885559082,0.862,0.638,,13.8,40,0.55,37.8,Moderate
LPIS-61513949853_8A,Fallow,5.119999885559082,0.76,0.583,,9,15,0.67,16.3,Low
LPIS-61783977394_166A,Ley / Grass,5.110000133514404,0.69,0.444,,20.1,40,0.47,18.1,Low
LPIS-61743942234_73A,Ley / Grass,5.099999904632568,0.842,0.624,,8.6,40,0.57,42.7,Moderate
LPIS-61513995904_1A,Rapeseed,5.090000152587891,0.86,0.671,,12.9,40,0.67,37.8,Moderate
LPIS-61533994993_15A,Ley / Grass,5.090000152587891,0.719,0.474,,8.9,15,0.37,9.8,Low
LPIS-61564009184_64A,Winter Wheat,5.090000152587891,0.745,0.486,,11.8,40,0.59,17.4,Low
LPIS-61733981288_1A,Unknown,5.079999923706055,0.644,0.408,,12.6,40,0.56,17.3,Low
LPIS-61694013490_27A,Fallow,5.070000171661377,0.843,0.593,,5,70,0.75,50,Moderate
LPIS-61683957851_141A,Rapeseed,5.070000171661377,0.752,0.537,,12.5,15,0.59,9.2,Low
LPIS-61523946159_5B,Spring Barley,5.070000171661377,0.86,0.709,,15.7,15,0.66,27.4,Low
LPIS-61753980930_18A,Ley / Grass,5.070000171661377,0.657,0.443,,17.8,40,0.65,18.3,Low
LPIS-61713982752_3A,Unknown,5.059999942779541,0.735,0.491,,11.1,40,0.48,28.1,Low
LPIS-61653956269_4A,Ley / Grass,5.059999942779541,0.766,0.525,,14.7,70,0.61,39.3,Moderate
LPIS-61613999260_40A,Spring Barley,5.059999942779541,0.483,0.333,,71.1,15,0.35,14.8,Low
LPIS-61554028732_101A,Ley / Grass,5.059999942779541,0.801,0.545,,7.2,40,0.59,34.3,Moderate
LPIS-61613987367_8A,Winter Wheat,5.059999942779541,0.802,0.51,,5.7,15,0.63,11.8,Low
LPIS-61493973668_1A,Winter Wheat,5.050000190734863,0.801,0.606,,19.6,40,0.54,23.3,Low
LPIS-61514016418_1A,Ley / Grass,5.050000190734863,0.739,0.527,,13.5,15,0.42,14.7,Low
LPIS-61554010258_9A,Winter Wheat,5.050000190734863,0.809,0.626,,11.5,15,0.87,15.5,Low
LPIS-61714017718_2A,Ley / Grass,5.03000020980835,0.571,0.351,,15.8,15,0.89,8.4,Low
LPIS-61773941444_93A,Ley / Grass,5.03000020980835,0.74,0.49,,16.7,40,0.75,23.5,Low
LPIS-61523969044_141A,Fallow,5.019999980926514,0.871,0.687,,6.5,15,0.69,43.8,Moderate
LPIS-61594066348_80A,Rapeseed,5.019999980926514,0.818,0.659,,20,40,0.58,31.2,Moderate
LPIS-61733962847_225A,Ley / Grass,5.019999980926514,0.698,0.442,,15,40,0.66,17.5,Low
LPIS-61554067216_15A,Rapeseed,5.019999980926514,0.714,0.553,,9.2,40,0.43,18.6,Low
LPIS-61594014108_2F,Winter Wheat,5.019999980926514,0.892,0.683,,6.1,15,0.62,40.2,Moderate
LPIS-61483975569_2A,Spring Barley,5.010000228881836,0.824,0.683,,14.4,15,0.66,20.2,Low
LPIS-61773979084_4A,Ley / Grass,5.010000228881836,0.589,0.36,,20.8,40,0.82,17.8,Low
LPIS-61763976525_3A,Ley / Grass,5.010000228881836,0.619,0.387,,17.4,70,0.58,28.4,Low
LPIS-61684018606_1A,Spring Barley,5,0.667,0.482,,39.7,40,0.62,21.1,Low
LPIS-61783965129_190A,Ley / Grass,5,0.601,0.36,,12.2,40,0.64,16.8,Low
LPIS-61543938256_17B,Fallow,5,0.77,0.579,,7.3,15,0.56,17.8,Low
LPIS-61683983154_17A,Fallow,5,0.712,0.476,,21,40,0.8,18.5,Low
LPIS-61734000755_18A,Unknown,4.989999771118164,0.737,0.495,,13.7,40,0.56,28.6,Low
LPIS-61583993486_182A,Winter Wheat,4.989999771118164,0.77,0.614,,18.4,15,0.6,10.8,Low
LPIS-61604010252_3A,Winter Wheat,4.989999771118164,0.795,0.613,,12.8,15,0.71,12.4,Low
LPIS-61723946594_34A,Winter Wheat,4.980000019073486,0.798,0.583,,10.1,15,0.71,12.4,Low
LPIS-61574003841_1A,Spring Wheat,4.980000019073486,0.839,0.659,,16.6,15,0.53,29.6,Low
LPIS-61513969880_13A,Winter Wheat,4.980000019073486,0.871,0.675,,13,15,0.77,29.4,Low
LPIS-61473954816_6A,Winter Wheat,4.980000019073486,0.623,0.421,,9.1,15,0.67,8.4,Low
LPIS-61504018855_35A,Spring Barley,4.980000019073486,0.537,0.365,,23.2,15,0.59,9.9,Low
LPIS-61473944262_5A,Spring Barley,4.980000019073486,0.622,0.399,,19.2,15,0.59,9,Low
LPIS-61614012676_2A,Winter Wheat,4.96999979019165,0.822,0.633,,13.7,15,0.58,18.5,Low
LPIS-61584041344_35B,Winter Wheat,4.96999979019165,0.79,0.592,,12.1,15,0.63,11.1,Low
LPIS-61684032827_13A,Unknown,4.960000038146973,0.561,0.365,,23.3,40,0.56,18.5,Low
LPIS-61534079407_2A,Fallow,4.960000038146973,0.676,0.489,,21,40,0.53,19.2,Low
LPIS-61823989256_102A,Unknown,4.960000038146973,0.646,0.416,,25.1,40,0.65,18.6,Low
LPIS-61623971094_33A,Ley / Grass,4.960000038146973,0.673,0.418,,20.1,40,0.59,17.9,Low
LPIS-61433988722_75A,Winter Wheat,4.949999809265137,0.669,0.508,,13.8,15,0.75,9.9,Low
LPIS-61593995781_2B,Unknown,4.949999809265137,0.765,0.5,,6.3,15,0.88,24.6,Low
LPIS-61493983582_2D,Spring Barley,4.940000057220459,0.519,0.354,,30.8,15,0.65,10.7,Low
LPIS-61713983513_11A,Peas,4.940000057220459,0.698,0.416,,14.7,15,0.53,8,Low
LPIS-61504024701_19A,Maize,4.929999828338623,0.406,0.282,,59.3,15,0.76,13.7,Low
LPIS-61723999746_11A,Spring Wheat,4.909999847412109,0.676,0.512,,19.2,15,0.42,10.4,Low
LPIS-61604013128_2A,Winter Wheat,4.900000095367432,0.846,0.665,,6.9,15,0.8,23.5,Low
LPIS-61674037027_18A,Unknown,4.900000095367432,0.661,0.424,,12.2,40,0.62,17.3,Low
LPIS-61614046160_29A,Ley / Grass,4.900000095367432,0.372,0.255,,59.7,15,0.81,13.6,Low
LPIS-61674018639_6A,Ley / Grass,4.889999866485596,0.753,0.501,,9.6,70,0.79,36.2,Moderate
LPIS-61533978767_13A,Spring Barley,4.889999866485596,0.897,0.712,,5.6,15,0.86,33.4,Moderate
LPIS-61554008701_102A,Rapeseed,4.880000114440918,0.743,0.602,,11,15,0.65,10.2,Low
LPIS-61654013519_2A,Ley / Grass,4.880000114440918,0.727,0.472,,17.8,70,0.51,31.8,Moderate
LPIS-61604064689_51A,Spring Barley,4.880000114440918,0.853,0.677,,12.8,40,0.58,34.5,Moderate
LPIS-61574025850_52A,Sugar Beet,4.880000114440918,0.781,0.54,,9.8,15,0.57,8.7,Low
LPIS-61463997389_41A,Winter Wheat,4.880000114440918,0.664,0.519,,18.2,15,0.39,10.6,Low
LPIS-61533996505_18B,Winter Wheat,4.880000114440918,0.871,0.68,,13.1,15,0.76,29.6,Low
LPIS-61753900286_133A,Ley / Grass,4.880000114440918,0.72,0.474,,10.7,40,0.84,19.1,Low
LPIS-61583971510_203C,Spring Barley,4.869999885559082,0.788,0.529,,16.7,15,0.54,11.4,Low
LPIS-61554014872_12D,Unknown,4.860000133514404,0.858,0.627,,4.7,15,0.85,44.8,Moderate
LPIS-61504018855_35B,Spring Barley,4.860000133514404,0.784,0.57,,23.4,15,0.65,12,Low
LPIS-61614007108_12A,Rapeseed,4.860000133514404,0.661,0.452,,12.5,15,0.46,8.9,Low
LPIS-61604011563_1A,Ley / Grass,4.860000133514404,0.646,0.395,,9.9,15,0.78,7.7,Low
LPIS-61554067090_160A,Spring Barley,4.860000133514404,0.67,0.45,,8.1,15,0.6,8.3,Low
LPIS-61524040593_22A,Winter Wheat,4.860000133514404,0.685,0.524,,24,40,0.64,20,Low
LPIS-61683983772_10A,Winter Wheat,4.849999904632568,0.867,0.665,,10.1,40,0.74,37.3,Moderate
LPIS-61664023823_11A,Ley / Grass,4.849999904632568,0.716,0.465,,11.5,70,0.67,29.2,Low
LPIS-61463972050_8A,Unknown,4.849999904632568,0.68,0.451,,14.1,15,0.7,8.8,Low
LPIS-61584050069_189A,Ley / Grass,4.849999904632568,0.792,0.623,,16,40,0.55,34.8,Moderate
LPIS-61783965708_196A,Ley / Grass,4.840000152587891,0.609,0.363,,13.1,40,0.7,16.9,Low
LPIS-61723992813_13A,Ley / Grass,4.840000152587891,0.627,0.426,,12.8,15,0.57,8.8,Low
LPIS-61574069424_1A,Unknown,4.829999923706055,0.659,0.449,,36.9,15,0.61,11.3,Low
LPIS-61624009619_2A,Ley / Grass,4.829999923706055,0.69,0.459,,12.2,40,0.49,17.6,Low
LPIS-61683953043_47A,Ley / Grass,4.829999923706055,0.644,0.424,,14.9,15,0.3,8.8,Low
LPIS-61523967644_11A,Ley / Grass,4.820000171661377,0.818,0.546,,6.4,15,0.76,28.2,Low
LPIS-61613974066_8A,Maize,4.820000171661377,0.837,0.583,,10.2,40,0.64,35.7,Moderate
LPIS-61653992179_54A,Ley / Grass,4.809999942779541,0.728,0.488,,12.2,40,0.52,20.9,Low
LPIS-61624008609_201A,Ley / Grass,4.809999942779541,0.833,0.641,,16.7,15,0.53,33.2,Moderate
LPIS-61474012813_5A,Rye,4.809999942779541,0.749,0.552,,16.7,15,0.44,13.9,Low
LPIS-61653955636_3A,Ley / Grass,4.800000190734863,0.797,0.558,,18.8,70,0.52,45.7,Moderate
LPIS-61773936589_106A,Winter Wheat,4.800000190734863,0.685,0.447,,12.4,40,0.55,17.5,Low
LPIS-61544065276_9C,Rapeseed,4.800000190734863,0.696,0.511,,7,15,0.55,8.9,Low
LPIS-61613971077_58A,Spring Barley,4.800000190734863,0.855,0.631,,13.4,40,0.34,34.2,Moderate
LPIS-61634056442_130A,Winter Wheat,4.789999961853027,0.771,0.576,,14.2,40,0.51,18.8,Low
LPIS-61564069134_5A,Spring Barley,4.789999961853027,0.655,0.508,,14,15,0.72,10.1,Low
LPIS-61614013051_3A,Winter Wheat,4.789999961853027,0.764,0.587,,8.1,15,0.59,9.4,Low
LPIS-61543942220_3A,Ley / Grass,4.78000020980835,0.574,0.388,,20.6,15,0.39,9.6,Low
LPIS-61483972625_1A,Peas,4.78000020980835,0.713,0.578,,22.4,15,0.49,11.4,Low
LPIS-61603981986_30A,Rapeseed,4.78000020980835,0.866,0.688,,4.6,40,0.5,38.4,Moderate
LPIS-61674025425_155A,Maize,4.78000020980835,0.343,0.228,,77.6,40,0.65,24.1,Low
LPIS-61723996194_6A,Unknown,4.769999980926514,0.677,0.438,,11.8,40,0.61,17.3,Low
LPIS-61564071173_17A,Ley / Grass,4.769999980926514,0.737,0.474,,13.6,40,0.62,22.4,Low
LPIS-61573990581_11A,Rapeseed,4.769999980926514,0.821,0.629,,9,15,0.56,21.1,Low
LPIS-61763984560_140A,Unknown,4.760000228881836,0.715,0.492,,12.8,15,0.66,15.2,Low
LPIS-61603976012_113A,Ley / Grass,4.760000228881836,0.785,0.513,,8.7,15,0.46,22.1,Low
LPIS-61613977616_18A,Ley / Grass,4.75,0.82,0.539,,5.8,15,0.43,28.3,Low
LPIS-61544017478_8A,Winter Wheat,4.739999771118164,0.804,0.63,,8.9,15,0.81,14.1,Low
LPIS-61653980179_1A,Spring Barley,4.739999771118164,0.733,0.49,,15.2,40,0.59,17.9,Low
LPIS-61533920273_51A,Winter Wheat,4.730000019073486,0.762,0.603,,15.8,15,0.77,10.5,Low
LPIS-61714001213_8A,Spring Barley,4.730000019073486,0.793,0.605,,14.4,40,0.75,22.3,Low
LPIS-61513909598_25A,Spring Barley,4.730000019073486,0.823,0.577,,4.7,15,0.37,17.6,Low
LPIS-61484002109_50A,Winter Wheat,4.730000019073486,0.771,0.519,,21.7,15,0.56,9.6,Low
LPIS-61743979103_16A,Winter Wheat,4.71999979019165,0.847,0.606,,13.6,40,0.62,32.4,Moderate
LPIS-61624068942_9A,Ley / Grass,4.71999979019165,0.668,0.448,,21.2,40,0.67,18.6,Low
LPIS-61533977680_7C,Spring Barley,4.71999979019165,0.867,0.713,,10.6,15,0.8,28.3,Low
LPIS-61733955538_24A,Maize,4.71999979019165,0.853,0.592,,7.7,40,0.72,36.5,Moderate
LPIS-61783971291_171A,Unknown,4.71999979019165,0.674,0.431,,17.1,40,0.48,17.8,Low
LPIS-61763955756_13A,Ley / Grass,4.710000038146973,0.56,0.356,,19.1,40,0.69,17.9,Low
LPIS-61693938826_1A,Ley / Grass,4.710000038146973,0.556,0.354,,25.8,40,0.72,18.6,Low
LPIS-61594060708_73A,Spring Barley,4.699999809265137,0.784,0.631,,15.1,40,0.58,21.1,Low
LPIS-61464003513_33B,Spring Barley,4.690000057220459,0.562,0.39,,12.3,15,0.44,9,Low
LPIS-61504011197_2A,Winter Wheat,4.690000057220459,0.816,0.657,,5.7,15,0.41,16.7,Low
LPIS-61544065276_9B,Rapeseed,4.690000057220459,0.69,0.507,,8,40,0.41,18,Low
LPIS-61523946159_5C,Fallow,4.679999828338623,0.883,0.733,,3.8,15,0.76,46.8,Moderate
LPIS-61723988858_2A,Ley / Grass,4.679999828338623,0.597,0.396,,14.8,40,0.69,17.8,Low
LPIS-61643995348_32A,Ley / Grass,4.679999828338623,0.606,0.414,,33.7,40,0.74,20,Low
LPIS-61594013259_5A,Ley / Grass,4.670000076293945,0.699,0.489,,18.6,15,0.48,9.7,Low
LPIS-61683910587_2A,Ley / Grass,4.670000076293945,0.646,0.397,,10.2,40,0.62,16.8,Low
LPIS-61704013107_15A,Spring Barley,4.670000076293945,0.661,0.502,,13.1,40,0.9,18.8,Low
LPIS-61473965167_7A,Spring Barley,4.670000076293945,0.639,0.506,,19.1,5,0.7,7.2,Low
LPIS-61544019782_1A,Sugar Beet,4.670000076293945,0.805,0.601,,12.9,15,0.88,15.1,Low
LPIS-61684026387_2A,Unknown,4.659999847412109,0.574,0.393,,26.9,40,0.67,19.3,Low
LPIS-61554056006_43A,Winter Wheat,4.659999847412109,0.817,0.647,,11.7,40,0.43,26.5,Low
LPIS-61733984251_25A,Winter Wheat,4.659999847412109,0.726,0.56,,19,40,0.86,19.5,Low
LPIS-61554060343_13A,Rapeseed,4.659999847412109,0.713,0.565,,4,15,0.63,9.3,Low
LPIS-61574085209_51A,Rapeseed,4.659999847412109,0.892,0.698,,4.8,40,0.74,51.6,Moderate
LPIS-61584010959_9A,Spring Wheat,4.659999847412109,0.318,0.229,,100,15,0.56,18,Low
LPIS-61763955722_117A,Rapeseed,4.650000095367432,0.673,0.466,,21.2,40,0.99,18.8,Low
LPIS-61653995645_89A,Ley / Grass,4.650000095367432,0.532,0.34,,20,40,0.74,18.1,Low
LPIS-61564069315_6A,Spring Wheat,4.630000114440918,0.641,0.484,,10.1,15,0.46,9.5,Low
LPIS-61683943605_8A,Winter Wheat,4.630000114440918,0.859,0.662,,11.7,40,0.76,35.5,Moderate
LPIS-61583990718_1A,Winter Wheat,4.619999885559082,0.725,0.513,,14.7,15,0.71,9.4,Low
LPIS-61473957231_55A,Spring Barley,4.619999885559082,0.652,0.502,,12,40,0.42,18.9,Low
LPIS-61624054313_12A,Ley / Grass,4.610000133514404,0.639,0.417,,25.5,40,0.43,18.8,Low
LPIS-61574051897_9A,Sugar Beet,4.610000133514404,0.739,0.566,,18.7,15,0.61,10.5,Low
LPIS-61714029127_18A,Winter Wheat,4.599999904632568,0.743,0.556,,10.2,40,0.84,18.4,Low
LPIS-61534041134_68A,Sugar Beet,4.599999904632568,0.801,0.54,,12.6,15,0.51,13.4,Low
LPIS-61704013424_46A,Fallow,4.599999904632568,0.725,0.554,,11.9,15,0.81,10.2,Low
LPIS-61474012813_5B,Winter Wheat,4.590000152587891,0.805,0.657,,16.3,15,0.47,15.6,Low
LPIS-61604037399_9A,Winter Barley,4.590000152587891,0.872,0.701,,10.8,15,0.61,32.3,Moderate
LPIS-61644031571_7A,Ley / Grass,4.590000152587891,0.796,0.553,,9.5,40,0.65,33.7,Moderate
LPIS-61654017510_23A,Maize,4.590000152587891,0.361,0.234,,73,40,0.6,23.5,Low
LPIS-61613954489_48A,Winter Wheat,4.590000152587891,0.309,0.195,,51.7,40,0.5,21.2,Low
LPIS-61554069466_3A,Unknown,4.579999923706055,0.649,0.515,,32,15,0.5,12.1,Low
LPIS-61513908991_12A,Spring Barley,4.579999923706055,0.853,0.668,,6.7,15,0.37,24.7,Low
LPIS-61684038601_9A,Maize,4.579999923706055,0.352,0.226,,72.1,40,0.7,23.3,Low
LPIS-61623999677_83A,Ley / Grass,4.570000171661377,0.757,0.489,,21.4,40,0.67,27.1,Low
LPIS-61574022113_55A,Winter Barley,4.570000171661377,0.812,0.663,,21.7,40,0.91,26.8,Low
LPIS-61624025363_10A,Ley / Grass,4.570000171661377,0.782,0.522,,6.7,15,0.51,21.5,Low
LPIS-61534057618_5C,Rapeseed,4.570000171661377,0.727,0.586,,8.8,15,0.43,9.9,Low
LPIS-61613962136_16A,Winter Wheat,4.550000190734863,0.753,0.566,,8.5,15,0.61,9.3,Low
LPIS-61604050833_106A,Ley / Grass,4.550000190734863,0.595,0.374,,17.9,40,0.59,17.7,Low
LPIS-61743974580_1B,Winter Wheat,4.550000190734863,0.802,0.613,,6.7,40,0.44,22.3,Low
LPIS-61514058265_48B,Ley / Grass,4.550000190734863,0.75,0.509,,24.3,15,0.37,17.4,Low
LPIS-61624030444_72A,Ley / Grass,4.550000190734863,0.726,0.478,,11.7,40,0.72,20.3,Low
LPIS-61704017205_13A,Spring Barley,4.539999961853027,0.762,0.603,,16.4,15,0.65,10.5,Low
LPIS-61584039054_108A,Ley / Grass,4.539999961853027,0.656,0.428,,21.5,15,0.6,9.4,Low
LPIS-61534029408_4A,Sugar Beet,4.53000020980835,0.721,0.566,,12.7,15,0.59,10.1,Low
LPIS-61474028203_8A,Winter Wheat,4.519999980926514,0.847,0.664,,10.3,15,0.55,23.9,Low
LPIS-61514030769_21A,Winter Wheat,4.519999980926514,0.69,0.516,,12.3,40,0.75,18.6,Low
LPIS-61564020712_20A,Sugar Beet,4.510000228881836,0.81,0.578,,8.1,40,0.43,24.8,Low
LPIS-61813989571_15A,Ley / Grass,4.510000228881836,0.413,0.234,,23.5,15,0.97,8.5,Low
LPIS-61614054611_15A,Ley / Grass,4.510000228881836,0.657,0.432,,20.5,15,0.56,9.3,Low
LPIS-61574045080_21A,Ley / Grass,4.5,0.676,0.455,,18,40,0.71,18.3,Low
LPIS-61683940297_20A,Sugar Beet,4.5,0.689,0.446,,8,40,0.59,17,Low
LPIS-61534040102_29A,Ley / Grass,4.5,0.655,0.42,,17.9,40,0.91,17.9,Low
LPIS-61514006760_58A,Unknown,4.5,0.536,0.364,,34.4,40,0.79,20,Low
LPIS-61494010514_31A,Winter Wheat,4.489999771118164,0.617,0.445,,22.7,15,0.48,10.3,Low
LPIS-61463995110_9B,Oats,4.480000019073486,0.706,0.478,,9.9,15,0.56,8.5,Low
LPIS-61544047809_2A,Rapeseed,4.480000019073486,0.842,0.666,,8.6,15,0.71,25.2,Low
LPIS-61723986824_10A,Rapeseed,4.46999979019165,0.695,0.477,,14,15,0.93,9,Low
LPIS-61623964910_21A,Ley / Grass,4.46999979019165,0.609,0.401,,13.3,15,0.49,8.6,Low
LPIS-61624013412_22A,Winter Wheat,4.46999979019165,0.724,0.49,,24,40,0.62,18.9,Low
LPIS-61733973292_2A,Unknown,4.46999979019165,0.655,0.423,,18.5,15,0.83,9,Low
LPIS-61674013306_5A,Ley / Grass,4.46999979019165,0.697,0.436,,13.8,40,0.61,17.3,Low
LPIS-61564032977_112A,Rapeseed,4.460000038146973,0.797,0.602,,17.3,15,0.68,17.3,Low
LPIS-61593978812_2A,Winter Wheat,4.460000038146973,0.657,0.477,,14.6,15,0.43,9.6,Low
LPIS-61584038363_1A,Ley / Grass,4.460000038146973,0.72,0.473,,17.7,40,0.56,19.9,Low
LPIS-61703988194_179A,Spring Barley,4.449999809265137,0.791,0.611,,8.4,15,0.62,12.5,Low
LPIS-61554003413_1A,Winter Barley,4.449999809265137,0.851,0.65,,4.5,15,0.56,25.8,Low
LPIS-61783957156_3A,Ley / Grass,4.449999809265137,0.604,0.397,,20.2,95,0.63,38.1,Moderate
LPIS-61703922094_19A,Ley / Grass,4.449999809265137,0.608,0.387,,20.1,15,0.57,9.1,Low
LPIS-61683971445_18A,Ley / Grass,4.449999809265137,0.742,0.528,,15.2,15,0.85,15.5,Low
LPIS-61494022857_51A,Unknown,4.440000057220459,0.447,0.282,,38.5,15,0.51,10.8,Low
LPIS-61564015936_27A,Winter Wheat,4.440000057220459,0.67,0.451,,18.1,40,0.59,18.3,Low
LPIS-61634061560_6A,Unknown,4.429999828338623,0.654,0.437,,18,40,0.52,18.2,Low
LPIS-61584068584_71A,Winter Wheat,4.429999828338623,0.687,0.532,,22.7,40,0.55,20,Low
LPIS-61544052941_111B,Spring Barley,4.420000076293945,0.681,0.47,,8.9,15,0.33,8.6,Low
LPIS-61553944845_9A,Rapeseed,4.420000076293945,0.799,0.625,,13.9,15,0.42,17.7,Low
LPIS-61674015229_8A,Ley / Grass,4.420000076293945,0.656,0.417,,24.3,40,0.56,18.5,Low
LPIS-61573965678_219A,Ley / Grass,4.409999847412109,0.858,0.593,,3.4,40,0.71,44.7,Moderate
LPIS-61623997075_46A,Ley / Grass,4.400000095367432,0.803,0.538,,12.2,40,0.74,34.9,Moderate
LPIS-61743945993_74A,Ley / Grass,4.389999866485596,0.828,0.551,,11.6,40,0.67,39.5,Moderate
LPIS-61543968657_22A,Rapeseed,4.380000114440918,0.884,0.665,,7.1,15,0.54,32.4,Moderate
LPIS-61544051768_114C,Rapeseed,4.380000114440918,0.686,0.469,,11.8,40,0.58,17.8,Low
LPIS-61513947651_7A,Rapeseed,4.360000133514404,0.774,0.588,,15.6,15,0.63,13,Low
LPIS-61604008334_3B,Winter Wheat,4.360000133514404,0.829,0.566,,5.6,15,0.81,18.2,Low
LPIS-61573999166_166A,Winter Wheat,4.360000133514404,0.814,0.554,,9.9,15,0.56,15.4,Low
LPIS-61514044055_24A,Winter Wheat,4.360000133514404,0.774,0.588,,14.4,15,0.36,10,Low
LPIS-61554003413_1C,Rapeseed,4.349999904632568,0.802,0.614,,10.8,40,0.6,26.7,Low
LPIS-61564079222_26A,Winter Wheat,4.349999904632568,0.691,0.566,,10.6,15,0.61,10.3,Low
LPIS-61553980804_7A,Winter Wheat,4.349999904632568,0.743,0.576,,17.7,15,0.66,10.5,Low
LPIS-61743971155_4A,Winter Wheat,4.349999904632568,0.821,0.628,,4.9,40,0.71,26.5,Low
LPIS-61544062487_3B,Winter Wheat,4.349999904632568,0.677,0.437,,12.3,15,0.34,8.4,Low
LPIS-61583958406_2A,Winter Wheat,4.340000152587891,0.734,0.565,,11,40,0.49,18.7,Low
LPIS-61713999909_86A,Spring Barley,4.340000152587891,0.701,0.547,,7,15,0.63,9.5,Low
LPIS-61733952528_10A,Ley / Grass,4.329999923706055,0.687,0.436,,13.9,40,0.73,17.4,Low
LPIS-61584051895_167A,Rapeseed,4.320000171661377,0.781,0.616,,21.2,15,0.61,15.1,Low
LPIS-61663976009_19A,Ley / Grass,4.320000171661377,0.754,0.509,,14.5,40,0.44,26.2,Low
LPIS-61604055418_131A,Winter Wheat,4.320000171661377,0.78,0.523,,13.2,15,0.64,8.8,Low
LPIS-61513993330_17A,Winter Wheat,4.320000171661377,0.868,0.671,,4.8,40,0.62,36.9,Moderate
LPIS-61574036062_12A,Sugar Beet,4.309999942779541,0.755,0.527,,16.9,40,0.63,18.5,Low
LPIS-61593980315_32A,Rapeseed,4.309999942779541,0.816,0.603,,18.4,15,0.56,20.8,Low
LPIS-61524009380_91A,Sugar Beet,4.309999942779541,0.691,0.481,,17.2,15,0.62,9.5,Low
LPIS-61763969448_3A,Fallow,4.309999942779541,0.59,0.357,,20.2,40,0.58,17.7,Low
LPIS-61524031831_2A,Winter Wheat,4.309999942779541,0.818,0.636,,21.3,40,0.65,27.5,Low
LPIS-61633999572_2A,Spring Barley,4.300000190734863,0.689,0.428,,19.3,40,0.52,17.8,Low
LPIS-61684009354_403A,Rapeseed,4.300000190734863,0.737,0.542,,24.2,40,0.69,19.7,Low
LPIS-61594060445_76A,Rapeseed,4.300000190734863,0.682,0.514,,25.5,15,0.45,11,Low
LPIS-61713977962_91A,Winter Wheat,4.289999961853027,0.821,0.582,,8.3,40,0.56,26.1,Low
LPIS-61494016627_44A,Spring Barley,4.289999961853027,0.819,0.663,,16.6,15,0.58,19.3,Low
LPIS-61724021627_193A,Ley / Grass,4.289999961853027,0.749,0.542,,9,40,0.86,25.2,Low
LPIS-61733999694_1A,Unknown,4.269999980926514,0.658,0.422,,21.5,40,0.54,18.2,Low
LPIS-61503982730_63A,Rapeseed,4.269999980926514,0.837,0.673,,7.2,40,0.57,33.4,Moderate
LPIS-61763945947_22A,Rapeseed,4.269999980926514,0.715,0.538,,17.7,40,0.61,19.2,Low
LPIS-61594064308_61A,Spring Barley,4.269999980926514,0.791,0.532,,11.6,40,0.49,20.5,Low
LPIS-61723980872_16A,Winter Wheat,4.260000228881836,0.719,0.558,,8.7,40,0.75,18.6,Low
LPIS-61574004754_5A,Winter Wheat,4.260000228881836,0.82,0.644,,15.9,15,0.55,18.5,Low
LPIS-61634001101_19A,Ley / Grass,4.260000228881836,0.679,0.441,,14.2,40,0.51,17.6,Low
LPIS-61683911399_3A,Ley / Grass,4.260000228881836,0.709,0.448,,11.2,40,0.72,17.1,Low
LPIS-61703925637_7A,Ley / Grass,4.25,0.442,0.27,,24.7,15,0.69,9.2,Low
LPIS-61544048223_1B,Winter Wheat,4.25,0.858,0.688,,12.8,15,0.6,26.9,Low
LPIS-61594027893_16A,Spring Barley,4.25,0.722,0.532,,8,15,0.56,9,Low
LPIS-61664002756_5A,Unknown,4.239999771118164,0.675,0.417,,19.9,40,0.64,17.8,Low
LPIS-61594002466_11A,Ley / Grass,4.239999771118164,0.706,0.449,,13.8,40,0.78,17.4,Low
LPIS-61624044773_15A,Ley / Grass,4.230000019073486,0.715,0.533,,12.1,40,0.47,19.5,Low
LPIS-61604065228_156A,Rapeseed,4.230000019073486,0.832,0.657,,7.9,40,0.71,32.3,Moderate
LPIS-61654003511_52A,Winter Wheat,4.230000019073486,0.747,0.493,,16.9,40,0.5,18,Low
LPIS-61653976065_3A,Ley / Grass,4.21999979019165,0.829,0.587,,12.3,40,0.6,40.3,Moderate
LPIS-61683978989_4A,Ley / Grass,4.210000038146973,0.745,0.492,,13.2,40,0.7,24.1,Low
LPIS-61524039852_1A,Ley / Grass,4.210000038146973,0.766,0.5,,10.7,40,0.72,27.8,Low
LPIS-61733984476_6A,Unknown,4.210000038146973,0.733,0.499,,18.7,40,0.69,28.4,Low
LPIS-61624026243_4A,Ley / Grass,4.210000038146973,0.764,0.5,,7.5,15,0.81,18,Low
LPIS-61534036236_8A,Ley / Grass,4.199999809265137,0.557,0.355,,25.8,40,0.53,18.6,Low
LPIS-61763960114_9A,Ley / Grass,4.199999809265137,0.622,0.377,,12.3,40,0.6,16.9,Low
LPIS-61644051903_3A,Unknown,4.190000057220459,0.7,0.474,,21.4,40,0.56,21.9,Low
LPIS-61604019980_10A,Ley / Grass,4.190000057220459,0.635,0.411,,22.5,15,0.55,9.4,Low
LPIS-61644052648_95A,Ley / Grass,4.190000057220459,0.74,0.495,,22.9,70,0.55,35,Moderate
LPIS-61683962266_10A,Ley / Grass,4.179999828338623,0.759,0.499,,8.7,40,0.84,26.2,Low
LPIS-61624046046_22A,Spring Barley,4.179999828338623,0.644,0.464,,11.8,40,0.4,18.2,Low
LPIS-61634014074_300A,Fallow,4.179999828338623,0.753,0.521,,10,40,0.75,23.2,Low
LPIS-61733977507_45A,Spring Barley,4.179999828338623,0.829,0.609,,7,15,0.62,19.4,Low
LPIS-61664035480_7A,Unknown,4.159999847412109,0.649,0.428,,20.9,15,0.53,9.4,Low
LPIS-61693968560_7A,Ley / Grass,4.159999847412109,0.726,0.514,,11,40,0.73,20.9,Low
LPIS-61564025547_31A,Rapeseed,4.159999847412109,0.733,0.583,,20.9,40,0.49,20,Low
LPIS-61623995035_43A,Ley / Grass,4.150000095367432,0.802,0.535,,18,15,0.61,26.4,Low
LPIS-61583979604_3A,Spring Barley,4.150000095367432,0.862,0.705,,11.4,15,0.7,27.3,Low
LPIS-61684014236_4A,Unknown,4.139999866485596,0.602,0.405,,19.1,40,0.45,18.4,Low
LPIS-61584054851_13A,Winter Wheat,4.139999866485596,0.805,0.637,,22.4,40,0.41,24.8,Low
LPIS-61553970190_24A,Winter Wheat,4.139999866485596,0.719,0.555,,13.3,15,0.54,10,Low
LPIS-61714025527_17A,Spring Barley,4.139999866485596,0.705,0.548,,13.8,15,0.76,10.1,Low
LPIS-61544008082_5A,Rapeseed,4.139999866485596,0.657,0.492,,11.8,40,0.67,18.6,Low
LPIS-61624041928_24A,Ley / Grass,4.130000114440918,0.688,0.429,,15.6,40,0.57,17.4,Low
LPIS-61713976896_11A,Spring Barley,4.130000114440918,0.829,0.648,,16.6,15,0.86,20.8,Low
LPIS-61643988325_6A,Ley / Grass,4.130000114440918,0.831,0.591,,10.9,40,0.62,40.6,Moderate
LPIS-61523930268_10A,Rapeseed,4.119999885559082,0.791,0.597,,31.7,15,0.85,17.7,Low
LPIS-61544015173_89A,Rapeseed,4.119999885559082,0.663,0.473,,19,15,0.52,9.9,Low
LPIS-61683949191_2A,Ley / Grass,4.119999885559082,0.829,0.616,,15.7,15,0.55,32.1,Moderate
LPIS-61763968373_2B,Fallow,4.119999885559082,0.593,0.353,,21.7,40,0.55,17.7,Low
LPIS-61674009247_8A,Ley / Grass,4.119999885559082,0.814,0.535,,10.5,40,0.73,36.6,Moderate
LPIS-61663987188_8A,Ley / Grass,4.119999885559082,0.894,0.669,,6,40,0.61,52.2,Moderate
LPIS-61573955934_4G,Fallow,4.110000133514404,0.849,0.687,,7.3,15,0.66,32.9,Moderate
LPIS-61554001170_2B,Peas,4.099999904632568,0.793,0.591,,8.7,40,0.78,25.1,Low
LPIS-61583993142_36B,Rapeseed,4.099999904632568,0.791,0.613,,8.3,15,0.65,15.6,Low
LPIS-61773985346_17G,Sugar Beet,4.099999904632568,0.714,0.514,,26.3,40,0.65,19.7,Low
LPIS-61564046449_19A,Unknown,4.099999904632568,0.804,0.648,,12,15,0.7,42.2,Moderate
LPIS-61503983772_54A,Rapeseed,4.099999904632568,0.818,0.645,,12.9,40,0.52,30.2,Moderate
LPIS-61614022518_5A,Rapeseed,4.090000152587891,0.793,0.649,,35.9,15,0.51,19.2,Low
LPIS-61693961265_9A,Ley / Grass,4.090000152587891,0.641,0.45,,26,40,0.67,19.4,Low
LPIS-61473947445_6B,Unknown,4.090000152587891,0.69,0.502,,15.3,40,0.76,19.7,Low
LPIS-61743943167_80A,Ley / Grass,4.090000152587891,0.775,0.514,,10.6,40,0.61,29.5,Low
LPIS-61624052824_2A,Ley / Grass,4.090000152587891,0.78,0.519,,6.3,40,0.47,30,Moderate
LPIS-61604011734_2A,Ley / Grass,4.079999923706055,0.636,0.425,,22.2,15,0.84,9.6,Low
LPIS-61763946935_2A,Spring Barley,4.079999923706055,0.685,0.519,,19.3,15,0.76,10.4,Low
LPIS-61674010076_3A,Rapeseed,4.079999923706055,0.735,0.473,,13.4,70,0.22,28.3,Low
LPIS-61603953832_16A,Ley / Grass,4.079999923706055,0.661,0.406,,13.8,40,0.66,17.1,Low
LPIS-61604062780_65A,Ley / Grass,4.070000171661377,0.639,0.419,,25.9,40,0.58,18.9,Low
LPIS-61574014625_6A,Winter Wheat,4.070000171661377,0.607,0.449,,43.8,15,0.52,12.7,Low
LPIS-61564022830_43B,Rye,4.070000171661377,0.809,0.586,,12.9,40,0.57,36.1,Moderate
LPIS-61513971590_101A,Winter Wheat,4.070000171661377,0.775,0.524,,16.4,15,0.8,9.2,Low
LPIS-61683921823_125A,Ley / Grass,4.059999942779541,0.867,0.618,,3.2,70,0.67,68.7,High
LPIS-61713998638_2A,Rapeseed,4.059999942779541,0.733,0.547,,12.3,15,0.59,9.6,Low
LPIS-61593957372_3A,Fallow,4.059999942779541,0.456,0.319,,50.8,15,0.58,12.9,Low
LPIS-61713964448_14A,Ley / Grass,4.059999942779541,0.727,0.455,,8.3,40,0.53,19.8,Low
LPIS-61564053882_158A,Winter Wheat,4.059999942779541,0.679,0.544,,9.1,40,0.53,18.9,Low
LPIS-61564047947_164A,Ley / Grass,4.050000190734863,0.69,0.445,,11.8,15,0.71,8.3,Low
LPIS-61783972261_174B,Ley / Grass,4.050000190734863,0.625,0.416,,20.2,40,0.6,18.4,Low
LPIS-61523929292_89A,Unknown,4.050000190734863,0.789,0.615,,11.5,15,0.67,31.6,Moderate
LPIS-61533932968_67C,Spring Barley,4.039999961853027,0.737,0.579,,10,15,0.45,9.8,Low
LPIS-61753971384_1A,Ley / Grass,4.039999961853027,0.871,0.592,,3.6,70,0.66,69.3,High
LPIS-61534032954_31A,Ley / Grass,4.039999961853027,0.75,0.483,,11.5,15,0.74,15.7,Low
LPIS-61753985612_18A,Ley / Grass,4.03000020980835,0.657,0.42,,22.5,40,0.6,18.3,Low
LPIS-61624016188_3A,Fallow,4.03000020980835,0.782,0.513,,8,15,0.54,18.9,Low
LPIS-61703931624_39A,Ley / Grass,4.03000020980835,0.743,0.522,,8.3,40,0.48,23.8,Low
LPIS-61624022147_60A,Ley / Grass,4.03000020980835,0.874,0.679,,9.2,40,0.75,59,Moderate
LPIS-61823965201_93A,Ley / Grass,4.03000020980835,0.601,0.376,,21.8,40,0.62,18.1,Low
LPIS-61823965866_95A,Ley / Grass,4.019999980926514,0.617,0.393,,20,40,0.87,18,Low
LPIS-61723940215_26A,Spring Barley,4.019999980926514,0.777,0.568,,10.4,40,0.72,18.4,Low
LPIS-61553966888_3C,Spring Barley,4.019999980926514,0.829,0.589,,2.2,15,0.64,18.7,Low
LPIS-61513963325_22A,Oats,4.019999980926514,0.8,0.542,,10.5,15,0.67,19.5,Low
LPIS-61724003557_103A,Winter Wheat,4.019999980926514,0.758,0.495,,13.3,40,0.76,17.6,Low
LPIS-61563996387_10E,Winter Wheat,4.010000228881836,0.864,0.672,,9.6,15,0.41,27.7,Low
LPIS-61563996387_10A,Winter Wheat,4,0.832,0.585,,5.2,15,0.42,19.1,Low
LPIS-61724019376_1A,Spring Barley,4,0.773,0.582,,12.3,40,0.58,18.7,Low
LPIS-61683954337_48A,Ley / Grass,4,0.664,0.425,,8,15,0.62,7.9,Low
LPIS-61513949821_1B,Winter Wheat,4,0.85,0.65,,16.3,15,0.83,24.9,Low
LPIS-61723952714_33A,Winter Wheat,4,0.663,0.429,,17.1,40,0.8,17.9,Low
LPIS-61673989350_14A,Winter Wheat,4,0.885,0.691,,8.1,40,0.41,41.3,Moderate
LPIS-61514002961_1A,Rye,4,0.732,0.488,,16.1,15,0.57,9,Low
LPIS-61753938837_104C,Ley / Grass,3.990000009536743,0.76,0.566,,14.3,40,0.68,28.1,Low
LPIS-61763967439_1A,Ley / Grass,3.990000009536743,0.697,0.44,,22.5,40,0.36,18.2,Low
LPIS-61553979733_1A,Maize,3.9800000190734863,0.797,0.555,,6.4,15,0.58,23.7,Low
LPIS-61473960707_9B,Rapeseed,3.9800000190734863,0.697,0.528,,12.3,15,0.56,9.7,Low
LPIS-61533961302_4A,Ley / Grass,3.9800000190734863,0.866,0.66,,16,15,0.81,46.9,Moderate
LPIS-61513951640_1B,Winter Wheat,3.9800000190734863,0.886,0.664,,4.6,15,0.53,31.8,Moderate
LPIS-61524012144_22A,Rapeseed,3.9700000286102295,0.819,0.617,,12.3,40,0.42,29.9,Low
LPIS-61453993569_3A,Fallow,3.9700000286102295,0.609,0.403,,14.6,15,0.47,8.8,Low
LPIS-61773978524_100A,Ley / Grass,3.9700000286102295,0.686,0.445,,11.3,70,0.65,28.1,Low
LPIS-61633997989_1A,Spring Barley,3.9700000286102295,0.703,0.44,,14,40,0.58,17.3,Low
LPIS-61584047138_5A,Ley / Grass,3.9700000286102295,0.692,0.456,,16.2,40,0.66,17.9,Low
LPIS-61504037328_2A,Rapeseed,3.9600000381469727,0.601,0.392,,22.7,15,0.46,9.5,Low
LPIS-61503952967_1D,Fallow,3.9600000381469727,0.826,0.578,,5.9,15,0.61,27.1,Low
LPIS-61763961412_8A,Ley / Grass,3.9600000381469727,0.648,0.381,,13.1,40,0.54,16.8,Low
LPIS-61564061708_12A,Spring Barley,3.9600000381469727,0.695,0.554,,8,15,0.56,9.8,Low
LPIS-61613965133_16A,Ley / Grass,3.950000047683716,0.702,0.454,,7.4,15,0.76,7.9,Low
LPIS-61584045337_4A,Ley / Grass,3.950000047683716,0.628,0.412,,17,40,0.54,18,Low
LPIS-61593983712_33A,Rapeseed,3.950000047683716,0.876,0.654,,3.7,15,0.54,30.6,Moderate
LPIS-61664029589_150A,Maize,3.950000047683716,0.329,0.218,,60.8,15,0.62,13.4,Low
LPIS-61553966888_3E,Ley / Grass,3.940000057220459,0.863,0.665,,4.9,15,0.49,45.1,Moderate
LPIS-61443989372_29A,Maize,3.940000057220459,0.374,0.264,,52.6,15,0.56,13.1,Low
LPIS-61773957863_10A,Sugar Beet,3.940000057220459,0.768,0.559,,15,40,0.52,18.6,Low
LPIS-61493993521_4B,Spring Barley,3.930000066757202,0.729,0.543,,34.2,15,0.48,11.8,Low
LPIS-61463975771_11A,Winter Wheat,3.930000066757202,0.679,0.479,,13.6,15,0.68,9.2,Low
LPIS-61544004814_13A,Ley / Grass,3.9200000762939453,0.774,0.548,,7.4,40,0.59,29.5,Low
LPIS-61614021444_17A,Spring Barley,3.9200000762939453,0.857,0.673,,11.4,40,0.53,34.9,Moderate
LPIS-61504020278_28A,Spring Barley,3.9200000762939453,0.743,0.592,,20.2,15,0.66,11,Low
LPIS-61733950407_12A,Ley / Grass,3.9200000762939453,0.698,0.465,,15,40,0.57,17.9,Low
LPIS-61443989719_6A,Winter Wheat,3.9200000762939453,0.82,0.648,,6.8,15,0.56,17.6,Low
LPIS-61514036196_23A,Spring Barley,3.9200000762939453,0.721,0.547,,31.5,40,0.72,20.7,Low
LPIS-61544035572_7A,Sugar Beet,3.9100000858306885,0.793,0.56,,4.4,5,0.89,6.9,Low
LPIS-61704002382_11A,Unknown,3.9100000858306885,0.618,0.401,,16.6,15,0.8,8.8,Low
LPIS-61713975290_5A,Winter Wheat,3.9000000953674316,0.626,0.423,,36.5,15,0.84,11.2,Low
LPIS-61533973240_14A,Winter Wheat,3.9000000953674316,0.87,0.695,,12.3,15,0.66,29.5,Low
LPIS-61583984523_70A,Fallow,3.9000000953674316,0.669,0.517,,18.5,15,0.66,10.5,Low
LPIS-61523922116_1A,Winter Wheat,3.9000000953674316,0.465,0.335,,50.5,15,0.47,13.1,Low
LPIS-61763959633_114A,Rapeseed,3.890000104904175,0.767,0.587,,14,40,0.6,20.6,Low
LPIS-61604041568_158A,Winter Wheat,3.890000104904175,0.842,0.674,,17.4,40,0.69,32.7,Moderate
LPIS-61524057660_90A,Winter Wheat,3.890000104904175,0.795,0.625,,13.7,40,0.4,21.7,Low
LPIS-61733948930_60A,Ley / Grass,3.890000104904175,0.824,0.55,,5.5,70,0.52,49,Moderate
LPIS-61513957282_62C,Winter Wheat,3.890000104904175,0.892,0.698,,7.7,5,0.57,36.2,Moderate
LPIS-61733989306_206A,Unknown,3.880000114440918,0.696,0.429,,14.2,40,0.74,19.6,Low
LPIS-61523985613_5A,Rapeseed,3.880000114440918,0.776,0.626,,10.1,15,0.77,13.4,Low
LPIS-61553960633_9C,Rapeseed,3.880000114440918,0.818,0.572,,8.7,15,0.33,19.8,Low
LPIS-61753919785_2A,Ley / Grass,3.869999885559082,0.599,0.382,,15.1,40,0.75,17.6,Low
LPIS-61714019209_6A,Ley / Grass,3.869999885559082,0.586,0.368,,14.1,15,0.82,8.4,Low
LPIS-61693996760_43A,Ley / Grass,3.869999885559082,0.553,0.337,,16.7,15,0.74,8.4,Low
LPIS-61783952350_3A,Ley / Grass,3.869999885559082,0.702,0.45,,15.4,70,0.73,28.4,Low
LPIS-61604068136_44A,Ley / Grass,3.869999885559082,0.635,0.43,,25,40,0.71,19,Low
LPIS-61714024910_16A,Ley / Grass,3.859999895095825,0.669,0.434,,13.1,40,0.75,17.5,Low
LPIS-61743982556_21A,Unknown,3.859999895095825,0.755,0.501,,11.9,40,0.61,32.2,Moderate
LPIS-61753929176_138A,Ley / Grass,3.859999895095825,0.639,0.414,,11.5,40,0.64,17.3,Low
LPIS-61594054149_41A,Ley / Grass,3.8499999046325684,0.774,0.521,,16,15,0.69,21,Low
LPIS-61503996828_109A,Spring Barley,3.8499999046325684,0.848,0.669,,15.3,15,0.37,24.7,Low
LPIS-61514033926_7A,Rapeseed,3.8499999046325684,0.794,0.637,,9.6,15,0.57,16.7,Low
LPIS-61583997133_6A,Spring Barley,3.8499999046325684,0.798,0.614,,7.7,15,0.76,13.8,Low
LPIS-61584009282_12A,Winter Wheat,3.8499999046325684,0.854,0.645,,15,15,0.78,25.6,Low
LPIS-61663998689_51A,Winter Wheat,3.8399999141693115,0.851,0.618,,6.4,40,0.49,32.7,Moderate
LPIS-61723992669_81A,Spring Barley,3.8399999141693115,0.766,0.606,,16.6,40,0.55,19.6,Low
LPIS-61733971218_4A,Ley / Grass,3.8399999141693115,0.725,0.472,,16.1,40,0.78,20.6,Low
LPIS-61713949285_1A,Winter Wheat,3.8399999141693115,0.568,0.392,,8.7,40,0.79,17.6,Low
LPIS-61693941699_4A,Ley / Grass,3.8399999141693115,0.736,0.458,,10.6,15,0.64,12.7,Low
LPIS-61773987314_5A,Unknown,3.8299999237060547,0.708,0.44,,14.5,40,0.88,22.2,Low
LPIS-61634030168_17A,Ley / Grass,3.819999933242798,0.748,0.516,,9.7,70,0.38,35.4,Moderate
LPIS-61823964624_91A,Ley / Grass,3.819999933242798,0.581,0.352,,14.4,40,0.69,17.1,Low
LPIS-61703986008_24A,Ley / Grass,3.819999933242798,0.765,0.493,,6.4,70,0.6,37.9,Moderate
LPIS-61503936189_23A,Sugar Beet,3.819999933242798,0.684,0.486,,10.2,15,0.4,8.9,Low
LPIS-61743997124_13A,Unknown,3.819999933242798,0.731,0.474,,15.4,40,0.58,27.2,Low
LPIS-61484028827_18A,Fallow,3.809999942779541,0.806,0.523,,10.5,15,0.53,23.4,Low
LPIS-61773943923_105A,Winter Wheat,3.809999942779541,0.748,0.555,,15.9,40,0.97,18.9,Low
LPIS-61534032516_3A,Ley / Grass,3.799999952316284,0.721,0.487,,7.2,70,0.42,30,Moderate
LPIS-61544065276_9A,Spring Barley,3.799999952316284,0.677,0.515,,8.1,40,0.29,18.3,Low
LPIS-61703928695_3C,Winter Wheat,3.799999952316284,0.396,0.261,,47.2,40,0.64,21,Low
LPIS-61783953318_11A,Ley / Grass,3.7799999713897705,0.678,0.428,,12.6,70,0.52,28,Low
LPIS-61833970766_48A,Ley / Grass,3.7799999713897705,0.823,0.571,,7.4,70,0.36,49.3,Moderate
LPIS-61533924846_24A,Rapeseed,3.7699999809265137,0.85,0.68,,6.6,15,0.85,26.6,Low
LPIS-61483968643_5A,Rapeseed,3.7699999809265137,0.687,0.522,,8.6,40,0.61,18.4,Low
LPIS-61564014176_106A,Potato,3.7699999809265137,0.779,0.621,,25.4,15,0.57,11.5,Low
LPIS-61524023684_9B,Winter Wheat,3.7699999809265137,0.785,0.588,,20.3,40,0.58,19.7,Low
LPIS-61524038170_5A,Ley / Grass,3.7699999809265137,0.792,0.531,,13.3,40,0.62,33,Moderate
LPIS-61584067906_69A,Winter Wheat,3.759999990463257,0.798,0.652,,6.1,40,0.51,21.9,Low
LPIS-61603963191_3A,Ley / Grass,3.759999990463257,0.702,0.466,,9.5,15,0.64,8.3,Low
LPIS-61733941796_11A,Ley / Grass,3.759999990463257,0.682,0.434,,12.4,40,0.58,17.3,Low
LPIS-61674027944_1A,Unknown,3.759999990463257,0.63,0.407,,20.9,40,0.71,18.2,Low
LPIS-61594025528_3B,Winter Wheat,3.75,0.722,0.53,,9.5,15,0.73,9.1,Low
LPIS-61693938942_2A,Ley / Grass,3.75,0.627,0.392,,15.7,40,0.53,17.5,Low
LPIS-61693965702_23A,Ley / Grass,3.75,0.81,0.591,,11.2,40,0.89,36.9,Moderate
LPIS-61553967115_13A,Winter Wheat,3.75,0.712,0.492,,14.3,15,0.54,9.1,Low
LPIS-61523969104_2A,Winter Wheat,3.740000009536743,0.874,0.671,,9.6,15,0.8,29.7,Low
LPIS-61553966888_3B,Maize,3.740000009536743,0.812,0.559,,14.5,15,0.7,25.4,Low
LPIS-61694001579_125A,Ley / Grass,3.740000009536743,0.803,0.56,,9.6,40,0.61,34.9,Moderate
LPIS-61523922116_1B,Sugar Beet,3.740000009536743,0.785,0.635,,27.7,15,0.53,11.9,Low
LPIS-61664028345_3A,Ley / Grass,3.7300000190734863,0.578,0.368,,11.1,70,0.51,27.9,Low
LPIS-61554001170_2D,Winter Wheat,3.7300000190734863,0.738,0.54,,8.6,40,0.71,18,Low
LPIS-61494008551_77A,Sugar Beet,3.7200000286102295,0.811,0.548,,8.4,15,0.28,15.7,Low
LPIS-61644048886_9A,Unknown,3.7100000381469727,0.61,0.412,,22.1,40,0.8,18.7,Low
LPIS-61783962593_30A,Unknown,3.7100000381469727,0.699,0.453,,10.4,40,0.75,20.2,Low
LPIS-61704005064_52A,Fallow,3.7100000381469727,0.661,0.486,,12.5,40,0.81,18.5,Low
LPIS-61724012536_2A,Ley / Grass,3.7100000381469727,0.639,0.427,,23.1,15,0.82,9.7,Low
LPIS-61724000407_16A,Peas,3.700000047683716,0.764,0.533,,19,40,0.67,18.7,Low
LPIS-61624056928_184A,Ley / Grass,3.690000057220459,0.74,0.506,,11.9,70,0.47,34.2,Moderate
LPIS-61524002784_4A,Sugar Beet,3.690000057220459,0.751,0.535,,5.7,15,0.64,8.5,Low
LPIS-61723976132_25A,Spring Barley,3.690000057220459,0.769,0.591,,11,15,0.69,9.7,Low
LPIS-61694002096_2A,Winter Wheat,3.690000057220459,0.8,0.599,,6.9,15,0.75,12.6,Low
LPIS-61623952269_3C,Spring Barley,3.690000057220459,0.556,0.333,,15.8,40,0.52,17.2,Low
LPIS-61523923426_14A,Spring Barley,3.680000066757202,0.804,0.649,,23,15,0.83,16.9,Low
LPIS-61603979040_35A,Ley / Grass,3.6700000762939453,0.862,0.602,,3.8,40,0.39,45.4,Moderate
LPIS-61523929752_26A,Winter Wheat,3.6700000762939453,0.825,0.635,,16.5,15,0.53,19.6,Low
LPIS-61693965656_3A,Unknown,3.6700000762939453,0.803,0.609,,19.9,40,0.76,53,Moderate
LPIS-61614038710_58A,Fallow,3.6700000762939453,0.85,0.61,,10,15,0.66,32.2,Moderate
LPIS-61624048708_17A,Rapeseed,3.6700000762939453,0.758,0.502,,8.5,40,0.61,17.2,Low
LPIS-61613986641_7A,Fallow,3.6700000762939453,0.777,0.494,,11.5,40,0.6,27.1,Low
LPIS-61623961904_5A,Ley / Grass,3.6600000858306885,0.558,0.353,,22,40,0.48,18.2,Low
LPIS-61743968362_164A,Sugar Beet,3.6500000953674316,0.746,0.541,,24.1,40,0.28,19.5,Low
LPIS-61503936197_112A,Winter Wheat,3.6500000953674316,0.684,0.509,,9.9,15,0.4,9.3,Low
LPIS-61703999939_103A,Rapeseed,3.6500000953674316,0.783,0.636,,8.9,15,0.93,14.6,Low
LPIS-61823962432_97A,Ley / Grass,3.6500000953674316,0.693,0.444,,20.2,70,0.41,28.9,Low
LPIS-61554000337_10A,Winter Wheat,3.640000104904175,0.802,0.618,,15.1,15,0.67,14.2,Low
LPIS-61624023851_65A,Ley / Grass,3.640000104904175,0.782,0.547,,14.5,15,0.86,22.6,Low
LPIS-61554076446_200A,Winter Wheat,3.640000104904175,0.628,0.494,,20.9,40,0.57,19.9,Low
LPIS-61493996524_64A,Winter Wheat,3.640000104904175,0.805,0.619,,15.1,15,0.61,14.8,Low
LPIS-61544048223_1A,Winter Wheat,3.640000104904175,0.874,0.69,,11.1,15,0.53,30.1,Moderate
LPIS-61653958692_3A,Ley / Grass,3.630000114440918,0.648,0.424,,14.9,70,0.57,28.5,Low
LPIS-61503941551_5A,Winter Wheat,3.630000114440918,0.786,0.59,,14.3,15,0.4,10.4,Low
LPIS-61614016349_5A,Winter Wheat,3.630000114440918,0.792,0.631,,9,40,0.4,20.7,Low
LPIS-61503977023_1A,Rapeseed,3.630000114440918,0.798,0.655,,14.6,15,0.68,18.1,Low
LPIS-61453983456_53A,Ley / Grass,3.630000114440918,0.708,0.49,,15.3,15,0.53,9.2,Low
LPIS-61493988285_3A,Spring Barley,3.630000114440918,0.839,0.607,,13.3,15,0.71,21.9,Low
LPIS-61473955440_111A,Winter Wheat,3.630000114440918,0.632,0.501,,9,15,0.64,9.8,Low
LPIS-61593981130_2A,Winter Wheat,3.630000114440918,0.796,0.546,,13.5,15,0.63,11.7,Low
LPIS-61713939591_16A,Ley / Grass,3.630000114440918,0.686,0.432,,12,40,0.82,17.2,Low
LPIS-61723971697_10A,Winter Wheat,3.619999885559082,0.836,0.651,,7.4,15,0.92,21.2,Low
LPIS-61653998468_84A,Ley / Grass,3.609999895095825,0.574,0.376,,19.8,40,0.63,18.2,Low
LPIS-61584054643_10A,Ley / Grass,3.609999895095825,0.833,0.654,,13.2,40,0.45,42,Moderate
LPIS-61743926308_177A,Unknown,3.609999895095825,0.525,0.329,,22.9,40,0.66,18.2,Low
LPIS-61714020126_115A,Ley / Grass,3.609999895095825,0.673,0.446,,13.9,40,0.73,17.7,Low
LPIS-61713946514_19B,Ley / Grass,3.609999895095825,0.731,0.51,,10.9,40,0.79,21.8,Low
LPIS-61713948734_23B,Winter Wheat,3.5999999046325684,0.725,0.499,,8.1,40,0.67,17.5,Low
LPIS-61763967659_5A,Ley / Grass,3.5999999046325684,0.691,0.443,,16,40,0.55,17.7,Low
LPIS-61534078419_117A,Ley / Grass,3.5999999046325684,0.704,0.464,,7.9,40,0.36,17.1,Low
LPIS-61604062018_3A,Spring Barley,3.5999999046325684,0.817,0.65,,18.4,40,0.64,27.8,Low
LPIS-61783968127_189A,Ley / Grass,3.5999999046325684,0.67,0.419,,10.9,70,0.67,27.8,Low
LPIS-61783960921_191A,Ley / Grass,3.5899999141693115,0.643,0.415,,21.5,40,0.61,18.3,Low
LPIS-61563992297_100A,Sugar Beet,3.5899999141693115,0.779,0.617,,15.7,15,0.67,10.5,Low
LPIS-61773953825_113A,Winter Wheat,3.5899999141693115,0.842,0.635,,13.8,40,0.94,31.8,Moderate
LPIS-61544065743_11A,Fallow,3.5899999141693115,0.682,0.533,,12.7,15,0.57,10,Low
LPIS-61743988953_12A,Ley / Grass,3.5799999237060547,0.59,0.385,,29.6,40,0.75,19.2,Low
LPIS-61514019796_2B,Ley / Grass,3.5799999237060547,0.688,0.455,,14.7,15,0.64,8.8,Low
LPIS-61674008962_2A,Ley / Grass,3.5799999237060547,0.621,0.368,,22.2,40,0.69,17.7,Low
LPIS-61703914888_6C,Ley / Grass,3.569999933242798,0.633,0.394,,15.3,15,0.64,8.4,Low
LPIS-61763962631_6B,Ley / Grass,3.569999933242798,0.704,0.497,,10.8,40,0.38,18,Low
LPIS-61514046784_18A,Winter Wheat,3.569999933242798,0.475,0.328,,37.3,40,0.46,20.4,Low
LPIS-61604055934_153A,Ley / Grass,3.569999933242798,0.559,0.364,,29.9,15,0.65,10.2,Low
LPIS-61663990921_80A,Ley / Grass,3.569999933242798,0.618,0.394,,24.5,15,0.46,9.5,Low
LPIS-61673917372_123A,Ley / Grass,3.569999933242798,0.765,0.539,,6.8,40,0.7,27.7,Low
LPIS-61624051237_3A,Ley / Grass,3.569999933242798,0.755,0.523,,7.8,40,0.55,25.8,Low
LPIS-61494007223_37D,Sugar Beet,3.569999933242798,0.827,0.556,,9.2,15,0.52,20.4,Low
LPIS-61453971049_25A,Rapeseed,3.559999942779541,0.819,0.628,,16,15,0.61,21.4,Low
LPIS-61614008711_13A,Rapeseed,3.559999942779541,0.682,0.468,,15.6,15,0.4,9.2,Low
LPIS-61504017546_1B,Spring Barley,3.549999952316284,0.813,0.647,,12.7,15,0.58,17.5,Low
LPIS-61574027337_17A,Winter Wheat,3.549999952316284,0.823,0.572,,8,15,0.74,17.3,Low
LPIS-61574011168_60A,Winter Wheat,3.5399999618530273,0.824,0.645,,11.4,40,0.67,27.9,Low
LPIS-61613986641_7B,Ley / Grass,3.5399999618530273,0.643,0.386,,18.6,40,0.53,17.5,Low
LPIS-61693929045_23A,Oats,3.5399999618530273,0.652,0.419,,9.3,40,0.72,17,Low
LPIS-61453999074_39A,Ley / Grass,3.5299999713897705,0.619,0.422,,21.4,15,0.54,9.7,Low
LPIS-61734011434_17A,Unknown,3.5299999713897705,0.783,0.52,,7.4,40,0.78,37.6,Moderate
LPIS-61684025960_5A,Unknown,3.5199999809265137,0.656,0.458,,15.9,40,0.78,18.4,Low
LPIS-61494001429_20B,Spring Barley,3.5199999809265137,0.746,0.522,,19,15,0.3,9.7,Low
LPIS-61703934974_3A,Ley / Grass,3.5199999809265137,0.619,0.411,,17.4,70,0.44,28.9,Low
LPIS-61534064060_16A,Ley / Grass,3.5199999809265137,0.747,0.501,,20.5,40,0.42,25.4,Low
LPIS-61614053921_19A,Ley / Grass,3.509999990463257,0.669,0.437,,16.5,15,0.4,8.9,Low
LPIS-61683986554_18A,Fallow,3.509999990463257,0.718,0.463,,23,40,0.56,18.4,Low
LPIS-61514043034_25A,Rapeseed,3.509999990463257,0.793,0.583,,12.5,15,0.66,15.9,Low
LPIS-61773951008_32A,Rapeseed,3.509999990463257,0.84,0.635,,13.9,40,0.61,33.9,Moderate
LPIS-61504021416_19A,Rapeseed,3.509999990463257,0.786,0.636,,13.2,15,0.6,15.6,Low
LPIS-61544062487_3C,Winter Wheat,3.5,0.65,0.426,,12.4,40,0.38,17.5,Low
LPIS-61503952967_1E,Spring Barley,3.5,0.627,0.412,,17.2,15,0.48,9,Low
LPIS-61723976311_29A,Spring Barley,3.5,0.738,0.557,,12.4,40,0.49,18.7,Low
LPIS-61603994923_36A,Winter Wheat,3.5,0.857,0.68,,12.5,40,0.6,35.6,Moderate
LPIS-61513949821_1A,Sugar Beet,3.5,0.87,0.716,,5.6,15,0.9,41.2,Moderate
LPIS-61773950924_112A,Winter Wheat,3.5,0.823,0.622,,11.5,40,0.78,27.3,Low
LPIS-61523993412_17A,Rapeseed,3.490000009536743,0.641,0.445,,22.5,15,0.76,10,Low
LPIS-61584058105_6C,Spring Barley,3.490000009536743,0.772,0.614,,10.4,40,0.76,19,Low
LPIS-61823942583_39B,Ley / Grass,3.4800000190734863,0.707,0.452,,15.4,40,0.65,17.6,Low
LPIS-61604067297_3A,Ley / Grass,3.4800000190734863,0.85,0.602,,5.4,40,0.41,43.6,Moderate
LPIS-61584048411_134A,Ley / Grass,3.4800000190734863,0.679,0.443,,17.7,70,0.42,28.8,Low
LPIS-61534046909_26B,Rapeseed,3.4800000190734863,0.589,0.389,,23.2,40,0.86,18.7,Low
LPIS-61564005515_10A,Winter Wheat,3.4800000190734863,0.828,0.55,,1.9,15,0.59,17.4,Low
LPIS-61483998715_9A,Sugar Beet,3.4700000286102295,0.848,0.631,,12.5,15,0.65,27.8,Low
LPIS-61474000479_303A,Maize,3.4700000286102295,0.737,0.491,,12.3,40,0.63,28.9,Low
LPIS-61593950313_1A,Winter Wheat,3.4700000286102295,0.695,0.537,,19,15,0.4,10.6,Low
LPIS-61713957220_3A,Winter Wheat,3.4700000286102295,0.678,0.478,,12.3,40,0.79,18.1,Low
LPIS-61714007483_1D,Ley / Grass,3.4600000381469727,0.805,0.541,,14.4,40,0.57,35.6,Moderate
LPIS-61733965860_223A,Unknown,3.4600000381469727,0.819,0.53,,9.4,40,0.52,45.2,Moderate
LPIS-61713961927_1A,Ley / Grass,3.4600000381469727,0.712,0.441,,8.2,40,0.52,16.9,Low
LPIS-61623974414_6A,Oats,3.4600000381469727,0.873,0.634,,7.4,15,0.59,31,Moderate
LPIS-61663959788_1B,Spring Barley,3.450000047683716,0.744,0.507,,6.4,15,0.55,8.2,Low
LPIS-61504013802_13A,Spring Barley,3.450000047683716,0.481,0.331,,46.1,15,0.7,12.3,Low
LPIS-61614011120_34A,Spring Barley,3.450000047683716,0.726,0.517,,9.5,15,0.61,8.9,Low
LPIS-61713935740_17A,Spring Barley,3.450000047683716,0.65,0.461,,17.9,70,0.52,29.5,Low
LPIS-61734005006_1A,Unknown,3.440000057220459,0.643,0.419,,19.9,40,0.59,18.2,Low
LPIS-61613983283_220A,Rapeseed,3.440000057220459,0.832,0.591,,7.1,15,0.38,22.2,Low
LPIS-61464002805_45A,Spring Barley,3.430000066757202,0.604,0.459,,10.7,15,0.42,9.6,Low
LPIS-61634037250_4A,Ley / Grass,3.430000066757202,0.779,0.503,,6.8,15,0.54,20.6,Low
LPIS-61634044397_11A,Ley / Grass,3.430000066757202,0.669,0.437,,13.6,40,0.45,17.6,Low
LPIS-61563952340_2A,Rapeseed,3.4200000762939453,0.818,0.663,,19.7,15,0.58,22.2,Low
LPIS-61614043642_12A,Spring Barley,3.4200000762939453,0.664,0.447,,35,15,0.8,11,Low
LPIS-61574065552_11A,Ley / Grass,3.4200000762939453,0.74,0.493,,21.9,15,0.71,15.1,Low
LPIS-61643996787_34A,Ley / Grass,3.4200000762939453,0.605,0.399,,22.8,70,0.86,29.4,Low
LPIS-61614033734_5A,Ley / Grass,3.4200000762939453,0.817,0.547,,8.8,40,0.76,37.2,Moderate
LPIS-61474025003_2A,Ley / Grass,3.4100000858306885,0.742,0.509,,15.7,15,0.61,15.1,Low
LPIS-61713958776_7A,Ley / Grass,3.4100000858306885,0.645,0.41,,10.6,40,0.66,17.1,Low
LPIS-61544073128_16A,Rapeseed,3.4100000858306885,0.685,0.505,,15.2,15,0.61,9.8,Low
LPIS-61753949323_66A,Ley / Grass,3.4100000858306885,0.649,0.445,,16.5,70,0.41,29.1,Low
LPIS-61534015092_28A,Ley / Grass,3.4100000858306885,0.371,0.243,,65.7,15,0.63,13.9,Low
LPIS-61554068520_10A,Spring Barley,3.4100000858306885,0.706,0.567,,11.7,15,0.43,10.2,Low
LPIS-61483992403_31A,Winter Wheat,3.4000000953674316,0.821,0.647,,11.9,15,0.64,18.4,Low
LPIS-61604013128_2B,Winter Wheat,3.4000000953674316,0.83,0.652,,10.9,15,0.69,20.2,Low
LPIS-61514017412_11A,Winter Barley,3.4000000953674316,0.663,0.517,,9.5,15,0.6,9.7,Low
LPIS-61753986949_9A,Fallow,3.4000000953674316,0.425,0.255,,51,40,0.78,20.7,Low
LPIS-61603963931_23A,Maize,3.390000104904175,0.806,0.573,,11,40,0.59,33.9,Moderate
LPIS-61484004391_12A,Fallow,3.390000104904175,0.824,0.667,,17.5,15,0.42,29.4,Low
LPIS-61584087136_24A,Ley / Grass,3.380000114440918,0.58,0.368,,27.9,40,0.74,18.8,Low
LPIS-61494021249_8A,Maize,3.380000114440918,0.379,0.257,,52.1,15,0.3,12.7,Low
LPIS-61693926345_31A,Ley / Grass,3.380000114440918,0.653,0.453,,11.3,40,0.71,17.9,Low
LPIS-61723968718_110A,Unknown,3.380000114440918,0.705,0.466,,5.7,70,0.83,31.9,Moderate
LPIS-61743973764_3A,Ley / Grass,3.369999885559082,0.82,0.551,,4.8,40,0.76,37.5,Moderate
LPIS-61743903774_142A,Ley / Grass,3.369999885559082,0.68,0.424,,5.6,40,0.64,16.4,Low
LPIS-61443988018_9A,Fallow,3.359999895095825,0.775,0.609,,10,15,0.34,19.4,Low
LPIS-61574012292_56A,Winter Barley,3.359999895095825,0.785,0.632,,30.9,40,0.76,21.2,Low
LPIS-61724028399_49A,Unknown,3.359999895095825,0.559,0.375,,32.9,40,0.62,19.8,Low
LPIS-61683951513_1A,Ley / Grass,3.359999895095825,0.721,0.508,,10.6,40,0.67,19.9,Low
LPIS-61533910788_4B,Winter Wheat,3.359999895095825,0.849,0.657,,15.2,15,0.55,24.8,Low
LPIS-61683954915_51A,Ley / Grass,3.359999895095825,0.684,0.408,,9.3,40,0.6,16.5,Low
LPIS-61653957680_1A,Ley / Grass,3.359999895095825,0.662,0.434,,12.6,40,0.57,17.5,Low
LPIS-61514049975_20A,Winter Wheat,3.359999895095825,0.838,0.651,,13,40,0.63,31.1,Moderate
LPIS-61614060740_43A,Ley / Grass,3.359999895095825,0.802,0.617,,12.4,40,0.69,35.9,Moderate
LPIS-61703978522_10A,Ley / Grass,3.3499999046325684,0.684,0.436,,15.1,70,0.33,28.4,Low
LPIS-61743935105_325A,Unknown,3.3499999046325684,0.663,0.441,,18.2,70,0.88,29,Low
LPIS-61533977128_6B,Spring Barley,3.3499999046325684,0.876,0.712,,7.8,15,0.69,29.7,Low
LPIS-61733981036_3A,Ley / Grass,3.3499999046325684,0.682,0.451,,12.2,15,0.86,8.6,Low
LPIS-61773985346_17C,Rye,3.3399999141693115,0.673,0.464,,14,40,0.67,18.1,Low
LPIS-61573991073_20A,Ley / Grass,3.3399999141693115,0.801,0.537,,9.1,15,0.28,25.2,Low
LPIS-61703971303_9B,Ley / Grass,3.3399999141693115,0.564,0.357,,22,40,0.58,18.2,Low
LPIS-61723949590_10A,Ley / Grass,3.3399999141693115,0.8,0.547,,8.7,40,0.62,34.2,Moderate
LPIS-61603973924_112A,Ley / Grass,3.3399999141693115,0.702,0.45,,10.7,15,0.26,8.2,Low
LPIS-61684035723_8A,Unknown,3.3399999141693115,0.585,0.386,,15,40,0.56,17.8,Low
LPIS-61684020642_2A,Unknown,3.3299999237060547,0.596,0.39,,18.3,40,0.69,18.1,Low
LPIS-61524051406_43A,Sugar Beet,3.3299999237060547,0.383,0.269,,43,40,0.57,21.1,Low
LPIS-61544008505_2A,Winter Wheat,3.3299999237060547,0.769,0.571,,8.7,15,0.65,9.2,Low
LPIS-61564032646_14A,Ley / Grass,3.3299999237060547,0.771,0.571,,14.9,40,0.53,30.2,Moderate
LPIS-61723972621_64A,Spring Barley,3.3299999237060547,0.791,0.585,,17.7,40,0.55,22,Low
LPIS-61733977891_1A,Fallow,3.3299999237060547,0.715,0.453,,16.6,15,0.74,8.7,Low
LPIS-61664024172_10A,Ley / Grass,3.319999933242798,0.669,0.448,,13.5,70,0.57,28.6,Low
LPIS-61753939279_1A,Fallow,3.319999933242798,0.705,0.482,,9.1,15,0.68,8.5,Low
LPIS-61634019809_77A,Fallow,3.319999933242798,0.766,0.516,,17.8,40,0.71,26.2,Low
LPIS-61634025063_64A,Ley / Grass,3.319999933242798,0.712,0.463,,11.5,70,0.39,28.5,Low
LPIS-61623962484_38A,Ley / Grass,3.319999933242798,0.82,0.555,,10.7,15,0.48,29,Low
LPIS-61523917692_2B,Winter Wheat,3.309999942779541,0.823,0.644,,14.5,15,0.36,19.1,Low
LPIS-61553979733_1B,Ley / Grass,3.309999942779541,0.751,0.496,,10.1,15,0.55,15.9,Low
LPIS-61733992125_20A,Ley / Grass,3.309999942779541,0.552,0.364,,10.7,40,0.64,17.4,Low
LPIS-61543977847_19A,Fallow,3.299999952316284,0.765,0.525,,28.2,15,0.54,18.2,Low
LPIS-61624042880_10A,Ley / Grass,3.299999952316284,0.631,0.418,,18.6,40,0.64,18.2,Low
LPIS-61493999946_58A,Rapeseed,3.299999952316284,0.852,0.657,,15.9,15,0.61,27.6,Low
LPIS-61604052265_85C,Rapeseed,3.2899999618530273,0.855,0.673,,4.2,40,0.63,36.2,Moderate
LPIS-61574044595_28A,Ley / Grass,3.2899999618530273,0.753,0.503,,19.7,40,0.64,26.4,Low
LPIS-61753959680_10A,Ley / Grass,3.2799999713897705,0.66,0.406,,13.5,40,0.58,17.1,Low
LPIS-61593978901_4A,Spring Barley,3.2799999713897705,0.662,0.49,,21.1,40,0.42,19.4,Low
LPIS-61693952261_14A,Ley / Grass,3.2799999713897705,0.775,0.571,,20.7,40,0.6,31.3,Moderate
LPIS-61743983823_33A,Spring Barley,3.2799999713897705,0.832,0.627,,12.2,40,0.54,29.7,Low
LPIS-61713933859_11A,Winter Wheat,3.2799999713897705,0.581,0.426,,7.6,40,0.61,18,Low
LPIS-61614014781_4A,Rapeseed,3.2699999809265137,0.844,0.678,,12,40,0.59,35.2,Moderate
LPIS-61703914888_6A,Rye,3.2699999809265137,0.618,0.382,,14.8,40,0.56,17.3,Low
LPIS-61564013315_13A,Winter Wheat,3.2699999809265137,0.787,0.644,,24.3,15,0.79,12.3,Low
LPIS-61783978149_181A,Ley / Grass,3.2699999809265137,0.663,0.43,,11.5,40,0.61,17.3,Low
LPIS-61763968987_1A,Rye,3.259999990463257,0.601,0.393,,15.5,40,0.54,17.8,Low
LPIS-61693971931_21A,Ley / Grass,3.259999990463257,0.655,0.411,,21,40,0.67,18,Low
LPIS-61583985854_56A,Winter Wheat,3.259999990463257,0.827,0.622,,11.2,5,0.63,15.7,Low
LPIS-61684001614_124A,Ley / Grass,3.259999990463257,0.82,0.564,,5.9,40,0.74,37.8,Moderate
LPIS-61634024122_8A,Sugar Beet,3.259999990463257,0.743,0.511,,13.9,40,0.69,18,Low
LPIS-61453965529_1A,Ley / Grass,3.259999990463257,0.65,0.443,,16.8,15,0.57,9.2,Low
LPIS-61694035347_6A,Unknown,3.259999990463257,0.767,0.525,,11.7,40,0.61,35,Moderate
LPIS-61584044672_36B,Fallow,3.25,0.711,0.485,,11,40,0.78,17.7,Low
LPIS-61733960731_102A,Ley / Grass,3.25,0.559,0.347,,31.2,40,0.73,19,Low
LPIS-61614047263_11A,Ley / Grass,3.25,0.368,0.24,,72.4,40,0.67,23.5,Low
LPIS-61443988188_26A,Spring Barley,3.25,0.364,0.253,,44.6,15,0.6,12.2,Low
LPIS-61613956058_23A,Ley / Grass,3.25,0.679,0.467,,12.7,40,0.38,17.9,Low
LPIS-61693968560_7B,Unknown,3.240000009536743,0.714,0.517,,9.5,40,0.7,24.1,Low
LPIS-61624042139_13A,Ley / Grass,3.240000009536743,0.62,0.393,,24.5,40,0.47,18.5,Low
LPIS-61513949821_1C,Spring Barley,3.240000009536743,0.729,0.523,,24.3,15,0.92,10.4,Low
LPIS-61503944715_5A,Sugar Beet,3.240000009536743,0.701,0.48,,13.8,15,0.78,9,Low
LPIS-61724003110_17A,Spring Barley,3.2300000190734863,0.722,0.503,,12.7,40,0.75,18,Low
LPIS-61524049536_20A,Winter Wheat,3.2300000190734863,0.779,0.518,,11.1,40,0.6,17.5,Low
LPIS-61664016597_2A,Ley / Grass,3.2300000190734863,0.707,0.454,,7.1,40,0.77,16.8,Low
LPIS-61693951724_145A,Winter Barley,3.2200000286102295,0.606,0.373,,22.7,15,0.9,9.1,Low
LPIS-61524031377_17A,Spring Barley,3.2200000286102295,0.738,0.583,,11.6,15,0.91,10,Low
LPIS-61614034615_6A,Ley / Grass,3.2200000286102295,0.849,0.597,,7.3,15,0.46,34.4,Moderate
LPIS-61704016463_39A,Ley / Grass,3.2200000286102295,0.774,0.524,,8.8,40,0.67,29.4,Low
LPIS-61574044651_36C,Sugar Beet,3.2200000286102295,0.78,0.552,,14.3,40,0.58,18.3,Low
LPIS-61584051647_51A,Fallow,3.2200000286102295,0.797,0.629,,21.2,15,0.54,24.5,Low
LPIS-61703942195_6A,Ley / Grass,3.2200000286102295,0.635,0.401,,14.6,70,0.66,28.2,Low
LPIS-61493973342_4A,Winter Wheat,3.2100000381469727,0.776,0.587,,15.8,40,0.51,19.1,Low
LPIS-61583991981_181A,Winter Wheat,3.2100000381469727,0.844,0.669,,7.1,15,0.83,23,Low
LPIS-61494020939_35A,Spring Barley,3.2100000381469727,0.698,0.548,,26.1,15,0.46,11.4,Low
LPIS-61553989119_76B,Sugar Beet,3.200000047683716,0.806,0.643,,8.6,5,0.44,12,Low
LPIS-61713975290_5E,Winter Wheat,3.200000047683716,0.831,0.665,,13.5,40,0.6,29.9,Low
LPIS-61473958501_109A,Winter Wheat,3.200000047683716,0.627,0.499,,17.4,40,0.63,19.7,Low
LPIS-61664014394_1A,Ley / Grass,3.190000057220459,0.74,0.5,,6.1,70,0.67,33.5,Moderate
LPIS-61693936456_5A,Ley / Grass,3.190000057220459,0.705,0.468,,14.4,40,0.47,17.8,Low
LPIS-61604026361_11A,Ley / Grass,3.190000057220459,0.754,0.518,,13.8,15,0.63,17.2,Low
LPIS-61624032608_139A,Ley / Grass,3.180000066757202,0.809,0.526,,11.1,40,0.62,35.7,Moderate
LPIS-61743935451_8A,Ley / Grass,3.180000066757202,0.795,0.509,,12.4,70,0.59,43.9,Moderate
LPIS-61773931285_98A,Winter Wheat,3.180000066757202,0.643,0.472,,5.1,40,0.66,17.7,Low
LPIS-61623999244_11A,Winter Wheat,3.180000066757202,0.773,0.567,,22.5,15,0.56,10.4,Low
LPIS-61624021734_17A,Ley / Grass,3.180000066757202,0.764,0.497,,11.6,15,0.58,18.4,Low
LPIS-61554031991_4A,Spring Barley,3.1700000762939453,0.828,0.651,,9.3,15,0.74,20,Low
LPIS-61514020299_1B,Winter Wheat,3.1700000762939453,0.855,0.686,,9.1,15,0.55,25.8,Low
LPIS-61684025639_11A,Unknown,3.1700000762939453,0.663,0.443,,15.9,40,0.81,18,Low
LPIS-61634004532_7A,Ley / Grass,3.1600000858306885,0.648,0.429,,23.9,40,0.47,18.7,Low
LPIS-61604029115_19A,Spring Barley,3.1600000858306885,0.872,0.689,,8.7,40,0.62,37.8,Moderate
LPIS-61753971598_18A,Rapeseed,3.1600000858306885,0.827,0.634,,7.4,40,0.66,31.1,Moderate
LPIS-61663981610_4A,Ley / Grass,3.1600000858306885,0.615,0.392,,29,40,0.73,18.9,Low
LPIS-61604060001_82A,Ley / Grass,3.1500000953674316,0.809,0.534,,7.7,40,0.61,35.5,Moderate
LPIS-61723991273_82A,Spring Barley,3.1500000953674316,0.686,0.527,,14.8,40,0.55,19.1,Low
LPIS-61643989551_12A,Spring Barley,3.1500000953674316,0.668,0.438,,16.3,40,0.66,17.9,Low
LPIS-61713999562_1A,Rapeseed,3.140000104904175,0.734,0.541,,10.2,15,0.66,9.3,Low
LPIS-61664022422_4A,Ley / Grass,3.140000104904175,0.728,0.494,,11.7,70,0.79,31.9,Moderate
LPIS-61473942784_41A,Winter Wheat,3.140000104904175,0.605,0.44,,23.7,15,0.62,10.5,Low
LPIS-61773975787_14A,Fallow,3.140000104904175,0.557,0.373,,13.2,40,0.7,17.8,Low
LPIS-61703957203_1A,Spring Barley,3.140000104904175,0.715,0.528,,10.9,15,0.84,9.3,Low
LPIS-61674002160_29A,Ley / Grass,3.130000114440918,0.824,0.562,,6.7,40,0.59,38.5,Moderate
LPIS-61693999749_26A,Unknown,3.130000114440918,0.668,0.441,,7.9,15,0.68,8.1,Low
LPIS-61524011435_7A,Spring Wheat,3.130000114440918,0.713,0.548,,22.2,40,0.59,19.8,Low
LPIS-61703990889_9A,Unknown,3.130000114440918,0.708,0.476,,9.3,40,0.81,22.2,Low
LPIS-61483974178_10A,Rapeseed,3.130000114440918,0.87,0.73,,8.7,15,0.58,31.1,Moderate
LPIS-61713997908_11A,Spring Barley,3.130000114440918,0.711,0.543,,8.6,15,0.57,9.4,Low
LPIS-61543978189_25A,Winter Wheat,3.130000114440918,0.761,0.59,,7.5,5,0.54,5.8,Low
LPIS-61624043752_14B,Rye,3.119999885559082,0.7,0.506,,11.5,40,0.63,18.2,Low
LPIS-61443982253_12A,Winter Wheat,3.119999885559082,0.531,0.349,,27.2,15,0.54,10,Low
LPIS-61594058295_87A,Fallow,3.119999885559082,0.755,0.493,,18.8,40,0.64,24.1,Low
LPIS-61574000737_15A,Spring Barley,3.109999895095825,0.882,0.677,,4.2,15,0.76,30,Moderate
LPIS-61613987367_8B,Ley / Grass,3.109999895095825,0.824,0.527,,8.4,40,0.48,38.1,Moderate
LPIS-61743966118_6A,Ley / Grass,3.109999895095825,0.656,0.427,,16.3,40,0.55,17.8,Low
LPIS-61473956053_2A,Rapeseed,3.109999895095825,0.695,0.52,,9.1,15,0.62,9.3,Low
LPIS-61684022382_15A,Winter Wheat,3.109999895095825,0.543,0.398,,20.2,15,0.85,10.2,Low
LPIS-61733990926_103A,Ley / Grass,3.0999999046325684,0.493,0.322,,16.7,15,0.67,8.9,Low
LPIS-61704002048_4A,Unknown,3.0999999046325684,0.748,0.494,,12.1,40,0.8,30.7,Moderate
LPIS-61623963724_5A,Winter Wheat,3.0999999046325684,0.635,0.419,,10.6,40,0.58,17.4,Low
LPIS-61523962351_12A,Oats,3.0999999046325684,0.851,0.686,,15.6,15,0.57,29.4,Low
LPIS-61514027619_3A,Unknown,3.0999999046325684,0.64,0.424,,20.4,15,0.57,9.4,Low
LPIS-61533928843_63A,Unknown,3.0999999046325684,0.795,0.618,,10.1,15,0.74,32.8,Moderate
LPIS-61713988817_59A,Rye,3.0999999046325684,0.713,0.476,,9.4,15,0.87,8.3,Low
LPIS-61584024561_12E,Spring Barley,3.0999999046325684,0.813,0.612,,11.7,15,0.45,16.9,Low
LPIS-61534058451_112B,Spring Barley,3.0999999046325684,0.575,0.392,,10.1,40,0.42,17.6,Low
LPIS-61713922630_11A,Ley / Grass,3.0899999141693115,0.79,0.532,,9.4,40,0.68,32.2,Moderate
LPIS-61514005170_56A,Spring Barley,3.0899999141693115,0.633,0.47,,27.8,40,0.48,20.1,Low
LPIS-61743976854_1A,Unknown,3.0899999141693115,0.769,0.494,,10.4,40,0.55,34.7,Moderate
LPIS-61563996387_10B,Spring Barley,3.0899999141693115,0.853,0.7,,9.8,15,0.46,25.4,Low
LPIS-61653996672_2A,Ley / Grass,3.0899999141693115,0.611,0.4,,12.6,40,0.59,17.5,Low
LPIS-61713927028_94A,Ley / Grass,3.0899999141693115,0.782,0.495,,8.7,40,0.6,30.2,Moderate
LPIS-61603999980_7D,Rapeseed,3.0899999141693115,0.697,0.492,,21.5,40,0.66,19,Low
LPIS-61644020991_18A,Ley / Grass,3.0799999237060547,0.744,0.488,,12.9,70,0.61,34.6,Moderate
LPIS-61664012416_2A,Ley / Grass,3.0799999237060547,0.821,0.572,,11.3,95,0.37,58.4,Moderate
LPIS-61484025119_78A,Rye,3.0799999237060547,0.454,0.305,,70.7,40,0.4,23.5,Low
LPIS-61614031629_43A,Ley / Grass,3.0799999237060547,0.658,0.439,,16.1,40,0.83,18,Low
LPIS-61753983526_49A,Ley / Grass,3.0799999237060547,0.808,0.536,,8.7,40,0.54,35.5,Moderate
LPIS-61564045931_22A,Rapeseed,3.0799999237060547,0.811,0.61,,11.4,15,0.63,19.3,Low
LPIS-61463995110_9A,Oats,3.0799999237060547,0.724,0.508,,12.3,15,0.5,9,Low
LPIS-61524009241_1B,Spring Wheat,3.0799999237060547,0.688,0.534,,32.5,40,0.55,21,Low
LPIS-61653999417_7A,Oats,3.069999933242798,0.685,0.433,,18.2,40,0.55,17.8,Low
LPIS-61553983656_6A,Rapeseed,3.069999933242798,0.812,0.614,,7.6,15,0.51,19.2,Low
LPIS-61694009159_69A,Ley / Grass,3.069999933242798,0.781,0.529,,10.9,15,0.82,21.8,Low
LPIS-61694031968_1A,Ley / Grass,3.069999933242798,0.767,0.532,,17.8,70,0.45,39.9,Moderate
LPIS-61613957384_27C,Unknown,3.059999942779541,0.379,0.238,,53.3,15,0.42,12.3,Low
LPIS-61683908888_10A,Ley / Grass,3.059999942779541,0.515,0.326,,12.3,40,0.6,17.2,Low
LPIS-61763962631_6A,Rapeseed,3.059999942779541,0.723,0.517,,6.4,40,0.45,17.6,Low
LPIS-61624040168_12A,Fallow,3.059999942779541,0.587,0.39,,22.4,40,0.74,18.6,Low
LPIS-61714005953_6A,Ley / Grass,3.049999952316284,0.86,0.589,,6.1,70,0.64,67.2,High
LPIS-61743992405_17A,Unknown,3.049999952316284,0.73,0.487,,20.2,70,0.59,38.7,Moderate
LPIS-61614021123_5A,Spring Barley,3.049999952316284,0.844,0.672,,9,40,0.65,32.3,Moderate
LPIS-61614027725_52A,Fallow,3.0399999618530273,0.848,0.607,,10.4,15,0.69,31.9,Moderate
LPIS-61604049466_28B,Fallow,3.0399999618530273,0.744,0.521,,39.1,40,0.47,24.6,Low
LPIS-61683968705_21A,Rapeseed,3.0399999618530273,0.687,0.503,,16.3,15,0.62,9.8,Low
LPIS-61773977945_1A,Unknown,3.0399999618530273,0.701,0.456,,12.8,40,0.71,20.9,Low
LPIS-61613966831_6A,Unknown,3.0399999618530273,0.643,0.401,,12.5,40,0.66,17.1,Low
LPIS-61453975326_89A,Peas,3.0299999713897705,0.794,0.654,,11.7,15,0.34,17.9,Low
LPIS-61634001101_19B,Ley / Grass,3.0299999713897705,0.771,0.508,,11.2,40,0.65,28.8,Low
LPIS-61554011498_101A,Rapeseed,3.0299999713897705,0.625,0.462,,22.8,15,0.94,10.6,Low
LPIS-61673952292_16A,Ley / Grass,3.0299999713897705,0.65,0.434,,19.6,40,0.42,18.4,Low
LPIS-61693967930_11A,Ley / Grass,3.0299999713897705,0.74,0.526,,8.5,40,0.72,23.2,Low
LPIS-61713988479_10A,Spring Barley,3.0299999713897705,0.811,0.601,,10.3,40,0.97,25.1,Low
LPIS-61594038038_15A,Spring Barley,3.0299999713897705,0.659,0.468,,21.2,5,0.6,6.4,Low
LPIS-61473964498_6A,Winter Wheat,3.0199999809265137,0.761,0.612,,14.9,15,0.83,10.5,Low
LPIS-61673963354_110B,Ley / Grass,3.0199999809265137,0.651,0.438,,22.4,40,0.82,18.7,Low
LPIS-61664025517_13A,Ley / Grass,3.0199999809265137,0.736,0.494,,8.8,70,0.79,32.9,Moderate
LPIS-61684024170_16A,Spring Barley,3.0199999809265137,0.654,0.495,,20.9,40,0.75,19.6,Low
LPIS-61673977433_15A,Ley / Grass,3.0199999809265137,0.596,0.4,,41.9,40,0.73,20.7,Low
LPIS-61753982727_47A,Spring Barley,3.0199999809265137,0.822,0.58,,12.7,40,0.63,27.2,Low
LPIS-61473946789_35A,Winter Barley,3.009999990463257,0.675,0.538,,23.5,40,0.58,20.3,Low
LPIS-61453997066_26A,Rapeseed,3.009999990463257,0.665,0.465,,18.5,40,0.64,18.6,Low
LPIS-61574039638_16C,Oats,3.009999990463257,0.73,0.591,,14.9,40,0.63,19.6,Low
LPIS-61684013505_54A,Ley / Grass,3,0.722,0.508,,11.5,40,0.86,20.2,Low
LPIS-61544062487_3A,Spring Barley,3,0.618,0.457,,12.7,15,0.37,9.5,Low
LPIS-61613995791_24A,Rapeseed,3,0.662,0.446,,20.3,40,0.24,18.5,Low
LPIS-61604058206_132B,Rapeseed,3,0.845,0.648,,4.2,15,0.61,25.1,Low
LPIS-61453975720_75A,Peas,3,0.734,0.599,,22.7,5,0.33,7.9,Low
LPIS-61574057897_21A,Winter Wheat,3,0.664,0.524,,26.2,40,0.43,20.5,Low
LPIS-61584020641_10A,Winter Wheat,3,0.846,0.655,,9.2,15,0.68,23.5,Low
LPIS-61664021388_6A,Ley / Grass,2.990000009536743,0.764,0.51,,14.3,70,0.7,38.7,Moderate
LPIS-61624062817_76C,Ley / Grass,2.990000009536743,0.648,0.426,,15.2,40,0.46,17.8,Low
LPIS-61713942513_35A,Spring Barley,2.990000009536743,0.783,0.565,,11.3,40,0.64,19.5,Low
LPIS-61514046277_3A,Ley / Grass,2.990000009536743,0.709,0.494,,22.2,40,0.43,19,Low
LPIS-61584038693_109A,Rapeseed,2.990000009536743,0.719,0.551,,11.9,40,0.73,18.8,Low
LPIS-61553943065_26A,Winter Wheat,2.990000009536743,0.838,0.653,,16.4,15,0.62,22.6,Low
LPIS-61664019899_15A,Ley / Grass,2.990000009536743,0.761,0.484,,10.7,70,0.59,37.4,Moderate
LPIS-61614023590_20A,Ley / Grass,2.990000009536743,0.763,0.522,,12.5,40,0.51,27.7,Low
LPIS-61533990776_18A,Ley / Grass,2.990000009536743,0.784,0.542,,4.9,40,0.67,31,Moderate
LPIS-61614000598_42A,Sugar Beet,2.9800000190734863,0.805,0.557,,5.5,15,0.69,13.8,Low
LPIS-61473965167_7B,Spring Barley,2.9800000190734863,0.639,0.513,,6.4,5,0.72,6.1,Low
LPIS-61713968865_28A,Ley / Grass,2.9800000190734863,0.659,0.45,,14.5,95,0.23,37.8,Moderate
LPIS-61553978407_9B,Ley / Grass,2.9800000190734863,0.844,0.619,,15.7,15,0.32,34.7,Moderate
LPIS-61773985346_17A,Spring Barley,2.9700000286102295,0.478,0.306,,32.2,40,0.85,19.3,Low
LPIS-61733924671_50A,Ley / Grass,2.9700000286102295,0.793,0.526,,6.7,40,0.51,32.4,Moderate
LPIS-61453986712_1A,Spring Barley,2.9700000286102295,0.806,0.655,,4.3,15,0.37,15.4,Low
LPIS-61743978141_15A,Rapeseed,2.9700000286102295,0.792,0.588,,15,40,0.6,25,Low
LPIS-61554001170_2A,Ley / Grass,2.9700000286102295,0.693,0.435,,10,15,0.85,7.9,Low
LPIS-61574029342_19A,Winter Wheat,2.9700000286102295,0.824,0.58,,6.6,40,0.73,26.4,Low
LPIS-61564020583_7C,Ley / Grass,2.9700000286102295,0.729,0.564,,7.4,15,0.71,12.9,Low
LPIS-61783963846_24A,Unknown,2.9600000381469727,0.649,0.413,,11.4,40,0.62,17.2,Low
LPIS-61713930686_11A,Winter Wheat,2.9600000381469727,0.78,0.544,,10.7,40,0.52,17.8,Low
LPIS-61773934734_112A,Ley / Grass,2.9600000381469727,0.598,0.362,,12.8,70,0.89,27.7,Low
LPIS-61554066507_5A,Winter Wheat,2.9600000381469727,0.711,0.495,,8.8,15,0.46,8.6,Low
LPIS-61614020267_6A,Ley / Grass,2.9600000381469727,0.791,0.539,,11.5,15,0.59,23.7,Low
LPIS-61623952269_3B,Spring Barley,2.9600000381469727,0.568,0.349,,18.1,40,0.44,17.6,Low
LPIS-61773941927_6A,Ley / Grass,2.9600000381469727,0.562,0.355,,20.4,15,0.86,9,Low
LPIS-61663997180_57A,Ley / Grass,2.950000047683716,0.776,0.501,,8.9,40,0.53,29.3,Low
LPIS-61773977385_4A,Unknown,2.950000047683716,0.526,0.321,,17.5,15,0.81,8.5,Low
LPIS-61713988101_3A,Unknown,2.950000047683716,0.818,0.549,,11.1,15,0.48,36.3,Moderate
LPIS-61633981476_214A,Ley / Grass,2.950000047683716,0.436,0.278,,74.1,15,0.65,14.5,Low
LPIS-61703960362_4A,Ley / Grass,2.950000047683716,0.617,0.394,,20.8,70,0.46,28.9,Low
LPIS-61753981508_48A,Spring Barley,2.950000047683716,0.842,0.624,,6.7,40,0.62,31,Moderate
LPIS-61574058375_23B,Fallow,2.950000047683716,0.776,0.552,,8.6,40,0.64,27.5,Low
LPIS-61514031114_9A,Rapeseed,2.940000057220459,0.798,0.64,,11.9,15,0.55,17.6,Low
LPIS-61734005236_2A,Unknown,2.930000066757202,0.655,0.426,,24.5,40,0.56,18.7,Low
LPIS-61664031616_152A,Maize,2.930000066757202,0.665,0.434,,15.6,40,0.62,24.4,Low
LPIS-61494027748_15A,Spring Barley,2.930000066757202,0.709,0.556,,18.4,15,0.57,10.6,Low
LPIS-61704034631_65A,Ley / Grass,2.930000066757202,0.806,0.552,,10.9,70,0.85,46.3,Moderate
LPIS-61544001509_16A,Ley / Grass,2.9200000762939453,0.758,0.52,,11.8,40,0.55,26.6,Low
LPIS-61684011757_6A,Ley / Grass,2.9200000762939453,0.654,0.435,,11.2,40,0.64,17.5,Low
LPIS-61594018303_16A,Ley / Grass,2.9200000762939453,0.81,0.532,,9.3,40,0.23,35.9,Moderate
LPIS-61654009566_7A,Unknown,2.9100000858306885,0.735,0.471,,17.3,40,0.58,28.4,Low
LPIS-61624018178_7A,Fallow,2.9100000858306885,0.672,0.429,,14.1,15,0.49,8.5,Low
LPIS-61654007347_24A,Ley / Grass,2.9100000858306885,0.613,0.403,,31.3,40,0.45,19.4,Low
LPIS-61514019159_12A,Ley / Grass,2.9000000953674316,0.826,0.585,,9.7,15,0.56,30.4,Moderate
LPIS-61494024640_41A,Spring Barley,2.9000000953674316,0.697,0.506,,12.8,15,0.59,9.4,Low
LPIS-61763966318_2B,Spring Barley,2.9000000953674316,0.784,0.522,,11.7,40,0.45,19,Low
LPIS-61773943706_7A,Ley / Grass,2.9000000953674316,0.51,0.322,,18.4,15,0.86,8.8,Low
LPIS-61614049135_23A,Ley / Grass,2.9000000953674316,0.741,0.463,,14.9,40,0.58,23.1,Low
LPIS-61604063261_31A,Winter Barley,2.9000000953674316,0.775,0.55,,8.3,40,0.66,17.8,Low
LPIS-61623997006_208A,Ley / Grass,2.9000000953674316,0.779,0.519,,21.9,15,0.33,22.4,Low
LPIS-61763930594_62A,Ley / Grass,2.890000104904175,0.577,0.373,,17,40,0.73,17.9,Low
LPIS-61614023590_20C,Spring Barley,2.890000104904175,0.768,0.517,,16.2,40,0.48,18.1,Low
LPIS-61684022382_15D,Spring Barley,2.890000104904175,0.634,0.474,,12.4,40,0.79,18.6,Low
LPIS-61514059528_40A,Maize,2.890000104904175,0.688,0.433,,25.7,15,0.45,17.7,Low
LPIS-61733965244_224A,Unknown,2.890000104904175,0.809,0.529,,10.3,15,0.63,34.1,Moderate
LPIS-61703959182_2A,Ley / Grass,2.890000104904175,0.641,0.436,,12.9,40,0.61,17.8,Low
LPIS-61743945274_82A,Ley / Grass,2.880000114440918,0.786,0.532,,12.5,40,0.76,31.8,Moderate
LPIS-61483964617_16A,Ley / Grass,2.880000114440918,0.675,0.455,,14.1,15,0.35,8.9,Low
LPIS-61614023590_20D,Ley / Grass,2.880000114440918,0.824,0.608,,15.8,40,0.48,40,Moderate
LPIS-61684022657_14A,Unknown,2.880000114440918,0.64,0.422,,11.5,40,0.85,17.5,Low
LPIS-61684010339_5A,Ley / Grass,2.880000114440918,0.745,0.512,,9.7,40,0.8,24,Low
LPIS-61733968450_6A,Ley / Grass,2.880000114440918,0.872,0.592,,2.7,40,0.61,47,Moderate
LPIS-61513939268_9A,Rapeseed,2.880000114440918,0.849,0.647,,10.9,5,0.97,22.9,Low
LPIS-61564062838_2A,Spring Barley,2.869999885559082,0.687,0.546,,19.1,15,0.49,10.8,Low
LPIS-61633993761_8A,Ley / Grass,2.869999885559082,0.802,0.537,,8.2,40,0.62,34.3,Moderate
LPIS-61713998911_1A,Ley / Grass,2.869999885559082,0.684,0.486,,6.1,15,0.46,8.5,Low
LPIS-61743973140_5A,Winter Wheat,2.869999885559082,0.852,0.6,,5.7,40,0.6,32.6,Moderate
LPIS-61683939891_40A,Ley / Grass,2.869999885559082,0.613,0.414,,20,15,0.74,9.5,Low
LPIS-61594043139_51A,Rapeseed,2.869999885559082,0.643,0.452,,15.7,15,0.66,9.4,Low
LPIS-61574047450_4E,Winter Wheat,2.869999885559082,0.852,0.664,,12.8,15,0.65,25.3,Low
LPIS-61724004431_106A,Ley / Grass,2.859999895095825,0.597,0.378,,22.1,40,0.96,18.2,Low
LPIS-61623951754_5A,Ley / Grass,2.859999895095825,0.59,0.385,,18.3,40,0.53,18.1,Low
LPIS-61683949568_1A,Unknown,2.859999895095825,0.658,0.393,,22,15,0.73,8.8,Low
LPIS-61624037068_3A,Ley / Grass,2.859999895095825,0.641,0.432,,17.5,40,0.67,18.2,Low
LPIS-61543976525_18A,Spring Barley,2.859999895095825,0.782,0.624,,25.4,15,0.64,12.6,Low
LPIS-61584044672_36M,Spring Barley,2.859999895095825,0.564,0.355,,30,40,0.54,19,Low
LPIS-61523950964_20B,Spring Barley,2.859999895095825,0.864,0.653,,5.4,5,0.7,22.9,Low
LPIS-61524046149_1A,Ley / Grass,2.8499999046325684,0.759,0.512,,5.8,15,0.66,17.2,Low
LPIS-61743981358_15A,Unknown,2.8499999046325684,0.77,0.515,,11,40,0.63,35.3,Moderate
LPIS-61703972334_1B,Ley / Grass,2.8499999046325684,0.561,0.362,,18.7,40,0.62,18,Low
LPIS-61503997901_60A,Ley / Grass,2.8499999046325684,0.837,0.568,,7.5,40,0.59,41,Moderate
LPIS-61513914307_13A,Spring Barley,2.8399999141693115,0.781,0.627,,22.4,15,0.73,12.2,Low
LPIS-61543979373_81A,Sugar Beet,2.8399999141693115,0.684,0.495,,21.4,15,0.48,10.2,Low
LPIS-61603992966_6C,Spring Barley,2.8399999141693115,0.444,0.301,,34.4,15,0.52,11,Low
LPIS-61524043113_103B,Unknown,2.8399999141693115,0.687,0.575,,15.8,15,0.66,11.4,Low
LPIS-61703937165_11A,Ley / Grass,2.8299999237060547,0.532,0.332,,20.6,40,0.97,17.9,Low
LPIS-61613978073_65A,Ley / Grass,2.8299999237060547,0.816,0.544,,9,40,0.39,37.1,Moderate
LPIS-61603957428_18B,Ley / Grass,2.8299999237060547,0.718,0.452,,16.3,40,0.51,19,Low
LPIS-61504039162_18A,Rye,2.8299999237060547,0.687,0.504,,15.1,40,0.44,18.7,Low
LPIS-61574036062_12B,Fallow,2.819999933242798,0.554,0.348,,27.4,15,0.5,9.7,Low
LPIS-61703927761_6A,Ley / Grass,2.819999933242798,0.472,0.296,,29.1,15,0.46,9.8,Low
LPIS-61554003413_1B,Unknown,2.809999942779541,0.784,0.623,,7.1,15,0.83,30.4,Moderate
LPIS-61604028197_7A,Spring Barley,2.809999942779541,0.793,0.533,,8.1,15,0.5,11.5,Low
LPIS-61473952329_11A,Rapeseed,2.809999942779541,0.672,0.512,,10.2,15,0.62,9.5,Low
LPIS-61543947496_14A,Winter Wheat,2.809999942779541,0.696,0.489,,22.8,15,0.5,10.1,Low
LPIS-61634021375_63C,Fallow,2.809999942779541,0.674,0.428,,8.4,40,0.83,16.9,Low
LPIS-61564057406_38A,Winter Wheat,2.809999942779541,0.792,0.635,,12.9,15,0.71,12.1,Low
LPIS-61753951954_21A,Winter Wheat,2.809999942779541,0.784,0.597,,7.2,40,0.54,18.3,Low
LPIS-61614023590_20B,Spring Barley,2.809999942779541,0.778,0.571,,13.3,40,0.62,18.9,Low
LPIS-61604028075_7A,Ley / Grass,2.799999952316284,0.734,0.462,,16.1,15,0.5,13,Low
LPIS-61654015804_24A,Maize,2.799999952316284,0.391,0.261,,66.9,40,0.78,23.1,Low
LPIS-61574081405_47A,Ley / Grass,2.799999952316284,0.791,0.531,,6.1,40,0.78,32.1,Moderate
LPIS-61723948458_20A,Ley / Grass,2.799999952316284,0.657,0.419,,13.3,40,0.65,17.4,Low
LPIS-61514010802_25B,Spring Wheat,2.799999952316284,0.61,0.424,,42.7,15,0.55,12,Low
LPIS-61694024735_137A,Maize,2.799999952316284,0.522,0.347,,58.9,40,0.78,22.3,Low
LPIS-61723946942_113A,Ley / Grass,2.7899999618530273,0.714,0.447,,7.5,40,0.37,17.4,Low
LPIS-61643979895_143A,Maize,2.7899999618530273,0.473,0.317,,69.8,40,0.68,23.4,Low
LPIS-61613974393_64A,Ley / Grass,2.7899999618530273,0.771,0.519,,15.5,40,0.31,29.3,Low
LPIS-61763941315_63A,Ley / Grass,2.7899999618530273,0.531,0.346,,11.8,40,0.64,17.4,Low
LPIS-61623962068_8B,Winter Barley,2.7899999618530273,0.847,0.664,,7.1,15,0.48,25.1,Low
LPIS-61753938395_64A,Ley / Grass,2.7899999618530273,0.673,0.451,,10.3,15,0.75,8.5,Low
LPIS-61743974549_6A,Winter Wheat,2.7899999618530273,0.851,0.588,,5.2,40,0.64,32.2,Moderate
LPIS-61723930750_5A,Ley / Grass,2.7799999713897705,0.784,0.488,,11.9,40,0.67,30.8,Moderate
LPIS-61643995771_57A,Ley / Grass,2.7799999713897705,0.809,0.543,,16.6,70,0.42,47.3,Moderate
LPIS-61584002192_28A,Unknown,2.7799999713897705,0.771,0.588,,10.5,40,0.86,36.7,Moderate
LPIS-61544009245_3A,Ley / Grass,2.7799999713897705,0.769,0.517,,8.8,40,0.38,28.2,Low
LPIS-61563979206_2A,Ley / Grass,2.7799999713897705,0.818,0.566,,16.3,40,0.46,38.4,Moderate
LPIS-61514057233_47A,Ley / Grass,2.7799999713897705,0.585,0.369,,27.5,40,0.52,18.7,Low
LPIS-61554069526_11A,Spring Barley,2.7799999713897705,0.709,0.571,,12.6,15,0.38,10.3,Low
LPIS-61713949367_47A,Ley / Grass,2.7799999713897705,0.6,0.453,,11.5,40,0.83,18.6,Low
LPIS-61703943495_4A,Ley / Grass,2.7699999809265137,0.639,0.4,,12.7,40,0.68,17.2,Low
LPIS-61684022382_15C,Spring Barley,2.7699999809265137,0.636,0.477,,16.2,40,0.86,19,Low
LPIS-61704031232_17A,Ley / Grass,2.759999990463257,0.804,0.549,,13.3,70,0.67,46.2,Moderate
LPIS-61524066302_47A,Winter Wheat,2.759999990463257,0.778,0.518,,21.3,40,0.48,18.5,Low
LPIS-61703926705_17A,Ley / Grass,2.759999990463257,0.648,0.431,,19.9,15,0.62,9.4,Low
LPIS-61583978892_37A,Rapeseed,2.759999990463257,0.812,0.613,,12.1,15,0.56,19.5,Low
LPIS-61763963745_5A,Ley / Grass,2.759999990463257,0.667,0.431,,16.3,70,0.37,28.6,Low
LPIS-61514016258_29A,Spring Barley,2.759999990463257,0.764,0.527,,12.9,15,0.55,9,Low
LPIS-61713986752_32A,Ley / Grass,2.759999990463257,0.744,0.464,,9,40,0.66,23,Low
LPIS-61654009704_13A,Ley / Grass,2.75,0.58,0.385,,28,40,0.78,19.2,Low
LPIS-61514008358_10A,Spring Barley,2.75,0.728,0.504,,16.7,40,0.58,18.4,Low
LPIS-61634008048_59A,Ley / Grass,2.75,0.57,0.365,,23.5,40,0.66,18.4,Low
LPIS-61603992639_5A,Spring Barley,2.75,0.591,0.411,,24.1,15,0.48,10.2,Low
LPIS-61713975290_5D,Spring Barley,2.75,0.668,0.453,,24.8,70,0.55,29.8,Low
LPIS-61464004715_34A,Winter Barley,2.75,0.589,0.419,,18,15,0.29,9.7,Low
LPIS-61763951757_12A,Ley / Grass,2.75,0.654,0.421,,14,70,0.67,28.3,Low
LPIS-61783980138_13A,Ley / Grass,2.740000009536743,0.783,0.508,,11,40,0.73,30.8,Moderate
LPIS-61713939591_16B,Ley / Grass,2.740000009536743,0.786,0.582,,10.9,40,0.78,32.5,Moderate
LPIS-61743957462_22A,Rapeseed,2.740000009536743,0.804,0.607,,7.9,15,0.72,17.8,Low
LPIS-61473948370_45A,Rapeseed,2.740000009536743,0.694,0.535,,13.7,15,0.69,10,Low
LPIS-61723959563_14A,Ley / Grass,2.7300000190734863,0.667,0.411,,13.2,70,0.58,27.9,Low
LPIS-61664032801_151A,Maize,2.7300000190734863,0.663,0.438,,15.2,40,0.76,24.3,Low
LPIS-61564036507_9A,Rapeseed,2.7300000190734863,0.713,0.54,,16.1,40,0.7,19.1,Low
LPIS-61564015215_11A,Spring Barley,2.7300000190734863,0.778,0.605,,16.9,15,0.75,10.7,Low
LPIS-61653947587_16A,Ley / Grass,2.7300000190734863,0.819,0.548,,14.5,70,0.52,48.9,Moderate
LPIS-61553984611_75A,Sugar Beet,2.7300000190734863,0.737,0.577,,19.3,15,0.51,10.7,Low
LPIS-61753939763_98A,Ley / Grass,2.7300000190734863,0.829,0.634,,10,40,0.65,40.6,Moderate
LPIS-61733966687_25A,Unknown,2.7200000286102295,0.806,0.571,,11.2,40,0.6,43.3,Moderate
LPIS-61753920771_210A,Unknown,2.7200000286102295,0.544,0.345,,24.6,70,0.55,29.3,Low
LPIS-61724008068_10A,Unknown,2.7200000286102295,0.715,0.5,,23.6,40,0.63,25.4,Low
LPIS-61743940741_53A,Ley / Grass,2.7200000286102295,0.827,0.545,,6.2,70,0.57,49.4,Moderate
LPIS-61673956687_4A,Ley / Grass,2.7200000286102295,0.692,0.462,,10.7,40,0.57,17.5,Low
LPIS-61624036321_14A,Ley / Grass,2.7100000381469727,0.681,0.422,,19.4,40,0.71,17.8,Low
LPIS-61753954442_88A,Ley / Grass,2.7100000381469727,0.745,0.468,,12.5,70,0.84,34.4,Moderate
LPIS-61713955404_7A,Winter Wheat,2.7100000381469727,0.633,0.433,,21.7,40,0.85,18.8,Low
LPIS-61493984455_41A,Winter Wheat,2.7100000381469727,0.794,0.604,,16.6,15,0.66,12.4,Low
LPIS-61773931095_96A,Winter Wheat,2.700000047683716,0.622,0.453,,9.2,40,0.61,18.1,Low
LPIS-61703958902_2A,Ley / Grass,2.700000047683716,0.672,0.454,,15.3,40,0.53,18,Low
LPIS-61644054042_89A,Fallow,2.700000047683716,0.546,0.353,,31.8,40,0.64,19.3,Low
LPIS-61663986041_1A,Spring Barley,2.700000047683716,0.64,0.417,,29,40,0.61,19.1,Low
LPIS-61584024911_24A,Winter Wheat,2.700000047683716,0.868,0.687,,14.1,15,0.49,29.2,Low
LPIS-61663971388_2A,Ley / Grass,2.700000047683716,0.738,0.461,,11,40,0.76,22.2,Low
LPIS-61654000118_49A,Ley / Grass,2.700000047683716,0.729,0.503,,20.1,40,0.53,22.2,Low
LPIS-61503995527_57A,Fallow,2.700000047683716,0.778,0.518,,9.5,15,0.53,18.4,Low
LPIS-61473989291_1A,Rapeseed,2.690000057220459,0.836,0.652,,4.7,15,0.72,23.6,Low
LPIS-61723994788_7A,Unknown,2.690000057220459,0.723,0.468,,8.3,40,0.66,24.9,Low
LPIS-61673946635_15A,Winter Wheat,2.690000057220459,0.881,0.654,,4.1,15,0.85,30.4,Moderate
LPIS-61703972334_1A,Spring Barley,2.690000057220459,0.592,0.382,,19.6,40,0.61,18.1,Low
LPIS-61693953871_6A,Fallow,2.690000057220459,0.6,0.372,,25,40,0.73,18.3,Low
LPIS-61594004156_14A,Rapeseed,2.690000057220459,0.71,0.476,,25.6,15,0.68,10,Low
LPIS-61613962284_27A,Ley / Grass,2.680000066757202,0.661,0.447,,36.6,15,0.64,11.2,Low
LPIS-61713986980_13A,Ley / Grass,2.680000066757202,0.679,0.464,,9.1,15,0.74,8.5,Low
LPIS-61703929379_2A,Winter Wheat,2.680000066757202,0.556,0.342,,14.4,15,0.72,8.2,Low
LPIS-61544062487_3D,Winter Wheat,2.680000066757202,0.673,0.507,,11.4,40,0.51,18.6,Low
LPIS-61703930913_21A,Ley / Grass,2.680000066757202,0.713,0.499,,12.9,40,0.56,18.6,Low
LPIS-61614039127_69A,Maize,2.680000066757202,0.835,0.584,,9.5,15,0.62,26.5,Low
LPIS-61753948034_68A,Ley / Grass,2.6700000762939453,0.665,0.45,,11.2,70,0.84,28.5,Low
LPIS-61453986712_1B,Rapeseed,2.6700000762939453,0.825,0.642,,5.5,15,0.32,21.6,Low
LPIS-61513951640_1D,Rapeseed,2.6700000762939453,0.857,0.643,,5.4,15,0.58,27.2,Low
LPIS-61724037919_26A,Unknown,2.6700000762939453,0.569,0.382,,23.7,40,0.69,18.8,Low
LPIS-61674021323_3A,Unknown,2.6700000762939453,0.669,0.444,,23.1,40,0.79,18.7,Low
LPIS-61713922477_37B,Spring Barley,2.6700000762939453,0.718,0.479,,13.4,40,0.68,17.7,Low
LPIS-61773978266_4A,Ley / Grass,2.6700000762939453,0.657,0.422,,14.5,40,0.36,17.5,Low
LPIS-61534058451_112A,Potato,2.6700000762939453,0.581,0.389,,9.6,40,0.55,17.4,Low
LPIS-61663990337_79A,Ley / Grass,2.6600000858306885,0.592,0.377,,28.6,40,0.49,18.9,Low
LPIS-61713958490_6A,Ley / Grass,2.6600000858306885,0.619,0.401,,8.3,40,0.6,17,Low
LPIS-61713957641_1A,Unknown,2.6600000858306885,0.704,0.502,,18.4,40,0.54,22.8,Low
LPIS-61553945354_19A,Rapeseed,2.6600000858306885,0.759,0.598,,17.1,15,0.62,10.7,Low
LPIS-61583992661_35A,Rapeseed,2.6600000858306885,0.778,0.608,,21.6,15,0.64,14.5,Low
LPIS-61584069041_31A,Winter Wheat,2.6600000858306885,0.714,0.549,,22.1,40,0.57,19.8,Low
LPIS-61663951963_11A,Ley / Grass,2.6600000858306885,0.713,0.473,,11.9,40,0.58,18.1,Low
LPIS-61713933829_15A,Spring Barley,2.6600000858306885,0.614,0.447,,8.7,40,0.67,18,Low
LPIS-61783963357_10A,Ley / Grass,2.6600000858306885,0.635,0.409,,21.2,40,0.72,18.3,Low
LPIS-61443985798_55A,Ley / Grass,2.6500000953674316,0.588,0.377,,26.5,40,0.42,18.8,Low
LPIS-61483995623_5A,Oats,2.6500000953674316,0.61,0.425,,44.1,15,0.68,12.2,Low
LPIS-61463991290_28A,Ley / Grass,2.6500000953674316,0.587,0.404,,18.8,40,0.51,18.5,Low
LPIS-61574061490_35A,Rapeseed,2.6500000953674316,0.617,0.431,,8.5,40,0.62,17.6,Low
LPIS-61544019070_11B,Sugar Beet,2.6500000953674316,0.812,0.601,,11.6,15,0.97,17.2,Low
LPIS-61823966329_92A,Ley / Grass,2.640000104904175,0.607,0.368,,13.1,40,0.66,17,Low
LPIS-61714017790_8A,Ley / Grass,2.640000104904175,0.582,0.368,,26.7,40,0.71,18.7,Low
LPIS-61603974205_120A,Ley / Grass,2.640000104904175,0.779,0.512,,10.1,15,0.62,21.2,Low
LPIS-61483964617_16B,Ley / Grass,2.640000104904175,0.706,0.477,,8.7,40,0.35,17.4,Low
LPIS-61763963955_2B,Spring Barley,2.640000104904175,0.726,0.492,,10.4,40,0.42,17.6,Low
LPIS-61624017421_58A,Ley / Grass,2.640000104904175,0.656,0.409,,15.1,15,0.61,8.4,Low
LPIS-61694015657_18A,Spring Barley,2.640000104904175,0.873,0.629,,2.9,40,0.77,36.6,Moderate
LPIS-61563948212_1A,Fallow,2.630000114440918,0.681,0.535,,17.6,15,0.59,10.6,Low
LPIS-61723944795_3A,Winter Wheat,2.630000114440918,0.653,0.477,,12.1,40,0.85,18.4,Low
LPIS-61524043589_9A,Fallow,2.630000114440918,0.574,0.374,,20.7,15,0.58,9.3,Low
LPIS-61564005515_10B,Spring Barley,2.619999885559082,0.807,0.549,,10.8,15,0.64,14.8,Low
LPIS-61734015877_12A,Ley / Grass,2.619999885559082,0.758,0.513,,12.8,40,0.5,26.8,Low
LPIS-61724004431_106B,Fallow,2.619999885559082,0.581,0.36,,18.4,70,0.98,28.5,Low
LPIS-61673949685_19A,Sugar Beet,2.619999885559082,0.688,0.441,,8.2,40,0.64,16.9,Low
LPIS-61453986712_1C,Winter Wheat,2.619999885559082,0.794,0.568,,9.1,15,0.35,11.1,Low
LPIS-61563991475_7A,Winter Wheat,2.619999885559082,0.742,0.506,,19.4,15,0.7,9.5,Low
LPIS-61594004669_45A,Ley / Grass,2.609999895095825,0.806,0.541,,12,40,0.44,35.5,Moderate
LPIS-61504029108_22A,Winter Wheat,2.609999895095825,0.738,0.524,,17.7,15,0.56,9.7,Low
LPIS-61644051056_20A,Ley / Grass,2.609999895095825,0.795,0.523,,14,40,0.6,33.5,Moderate
LPIS-61604026802_28A,Unknown,2.609999895095825,0.828,0.547,,11.1,40,0.42,47.3,Moderate
LPIS-61544046131_48A,Winter Wheat,2.609999895095825,0.868,0.704,,11.2,15,0.57,29.1,Low
LPIS-61713975451_17A,Ley / Grass,2.609999895095825,0.746,0.518,,12.3,70,0.58,35.4,Moderate
LPIS-61753939279_1B,Fallow,2.5999999046325684,0.749,0.529,,16.7,40,0.49,23.4,Low
LPIS-61703928552_5B,Spring Barley,2.5999999046325684,0.378,0.236,,53,15,0.65,12.2,Low
LPIS-61603989951_38A,Spring Barley,2.5999999046325684,0.858,0.672,,8.6,15,0.4,25.9,Low
LPIS-61713970306_11A,Ley / Grass,2.5999999046325684,0.728,0.475,,7.9,70,0.59,31.2,Moderate
LPIS-61564020163_12A,Fallow,2.5999999046325684,0.782,0.573,,6.2,40,0.42,28.6,Low
LPIS-61574008565_186A,Winter Wheat,2.5999999046325684,0.869,0.68,,9.8,15,0.5,28.8,Low
LPIS-61604054946_138A,Ley / Grass,2.5899999141693115,0.53,0.357,,28,40,0.84,19.3,Low
LPIS-61633980649_216A,Spring Barley,2.5899999141693115,0.858,0.602,,6.8,15,0.62,24.7,Low
LPIS-61743980559_30A,Spring Barley,2.5899999141693115,0.839,0.62,,10.5,40,0.66,30.8,Moderate
LPIS-61594029369_21A,Rapeseed,2.5899999141693115,0.826,0.645,,11.6,15,0.77,22.4,Low
LPIS-61564039220_13A,Winter Wheat,2.5899999141693115,0.771,0.581,,25.7,15,0.5,11,Low
LPIS-61503938227_23A,Ley / Grass,2.5899999141693115,0.689,0.474,,23.4,15,0.52,10,Low
LPIS-61524012144_22C,Rapeseed,2.5899999141693115,0.868,0.66,,7.8,15,0.77,29.6,Low
LPIS-61513973944_3A,Spring Barley,2.5799999237060547,0.843,0.665,,11.7,15,0.85,23.2,Low
LPIS-61743980131_32A,Spring Barley,2.5799999237060547,0.804,0.6,,11.4,70,0.78,34.8,Moderate
LPIS-61543977772_80A,Sugar Beet,2.5799999237060547,0.755,0.546,,6.6,15,0.67,8.7,Low
LPIS-61594062462_77A,Ley / Grass,2.5799999237060547,0.79,0.539,,8.6,70,0.37,43,Moderate
LPIS-61514007888_61A,Unknown,2.5799999237060547,0.556,0.395,,23.3,15,0.63,10.3,Low
LPIS-61653981962_4A,Ley / Grass,2.569999933242798,0.744,0.479,,9.3,40,0.53,23.4,Low
LPIS-61614043681_20A,Ley / Grass,2.569999933242798,0.576,0.386,,14.8,15,0.92,8.9,Low
LPIS-61574022277_151A,Winter Wheat,2.569999933242798,0.837,0.659,,19,15,0.79,22.7,Low
LPIS-61574041753_34A,Spring Wheat,2.569999933242798,0.799,0.628,,23.5,40,0.79,29.7,Low
LPIS-61703922736_2A,Ley / Grass,2.569999933242798,0.657,0.436,,15.5,40,0.48,17.9,Low
LPIS-61564030898_131C,Potato,2.569999933242798,0.828,0.563,,3.4,15,0.57,26,Low
LPIS-61713950684_18A,Ley / Grass,2.569999933242798,0.636,0.423,,7.7,40,0.42,17.2,Low
LPIS-61704004187_50A,Fallow,2.569999933242798,0.623,0.473,,12.9,15,0.65,9.8,Low
LPIS-61524017780_1A,Winter Wheat,2.569999933242798,0.736,0.595,,16.8,40,0.72,19.8,Low
LPIS-61673965422_24A,Winter Wheat,2.569999933242798,0.552,0.348,,26.9,40,0.71,18.7,Low
LPIS-61443985191_37A,Fallow,2.569999933242798,0.586,0.376,,17.8,15,0.6,8.9,Low
LPIS-61624034498_29A,Ley / Grass,2.559999942779541,0.684,0.448,,18.3,40,0.3,18.1,Low
LPIS-61763978602_1A,Ley / Grass,2.559999942779541,0.646,0.401,,23.4,40,0.55,18.2,Low
LPIS-61724023229_194A,Ley / Grass,2.559999942779541,0.747,0.52,,11.7,40,0.58,24.8,Low
LPIS-61484021401_7A,Spring Barley,2.559999942779541,0.74,0.509,,23.3,40,0.57,19,Low
LPIS-61704004939_55B,Ley / Grass,2.559999942779541,0.722,0.462,,16,40,0.88,19.8,Low
LPIS-61524053903_7A,Ley / Grass,2.559999942779541,0.644,0.436,,13.8,15,0.68,8.9,Low
LPIS-61703955548_10A,Ley / Grass,2.559999942779541,0.681,0.445,,9.4,70,0.56,28,Low
LPIS-61703913969_2A,Ley / Grass,2.559999942779541,0.682,0.429,,11.2,40,0.42,17.1,Low
LPIS-61683978434_13A,Ley / Grass,2.559999942779541,0.826,0.627,,11.9,40,0.73,40.4,Moderate
LPIS-61763967225_3A,Spring Barley,2.559999942779541,0.803,0.596,,10.8,40,0.52,23.8,Low
LPIS-61713988730_41A,Rye,2.559999942779541,0.735,0.487,,5.2,15,0.71,8.6,Low
LPIS-61624043752_14A,Rye,2.559999942779541,0.743,0.542,,9.2,40,0.59,20.6,Low
LPIS-61573947656_2C,Unknown,2.549999952316284,0.79,0.627,,11.3,15,0.33,32,Moderate
LPIS-61554068150_2A,Ley / Grass,2.549999952316284,0.682,0.465,,14.5,40,0.58,18,Low
LPIS-61603962737_24A,Ley / Grass,2.5399999618530273,0.762,0.536,,13.7,15,0.51,18.8,Low
LPIS-61634041416_20A,Ley / Grass,2.5399999618530273,0.791,0.537,,8.2,40,0.45,32.4,Moderate
LPIS-61743975962_2A,Ley / Grass,2.5399999618530273,0.819,0.538,,8.1,40,0.66,37.4,Moderate
LPIS-61574027351_20A,Winter Wheat,2.5399999618530273,0.824,0.573,,8.3,15,0.74,17.6,Low
LPIS-61733965323_1A,Ley / Grass,2.5399999618530273,0.7,0.446,,22.6,40,0.51,18.3,Low
LPIS-61763965763_4A,Fallow,2.5399999618530273,0.789,0.529,,13.6,40,0.61,30,Moderate
LPIS-61614045166_25A,Maize,2.5299999713897705,0.81,0.621,,21.9,40,0.79,35.9,Moderate
LPIS-61554000337_10B,Fallow,2.5299999713897705,0.776,0.509,,6.6,40,0.64,26.6,Low
LPIS-61723946594_34B,Ley / Grass,2.5299999713897705,0.712,0.45,,7.7,40,0.59,17.1,Low
LPIS-61573997248_23A,Spring Barley,2.5299999713897705,0.816,0.632,,23.2,15,0.56,18.9,Low
LPIS-61743981833_89A,Rapeseed,2.5299999713897705,0.759,0.571,,13.1,40,0.54,18.8,Low
LPIS-61743956109_79A,Rye,2.5299999713897705,0.89,0.668,,3.1,40,0.61,65.1,High
LPIS-61594007031_4A,Maize,2.5299999713897705,0.507,0.351,,58.7,15,0.67,13.6,Low
LPIS-61683965551_1A,Unknown,2.5299999713897705,0.741,0.482,,10.4,40,0.67,29,Low
LPIS-61614033154_13A,Rapeseed,2.5199999809265137,0.808,0.627,,8.8,40,0.68,27.7,Low
LPIS-61684008300_8A,Ley / Grass,2.5199999809265137,0.785,0.513,,12.8,40,0.67,31.5,Moderate
LPIS-61534034964_8A,Fallow,2.5199999809265137,0.662,0.433,,14.3,15,0.5,8.7,Low
LPIS-61564068378_16A,Ley / Grass,2.5199999809265137,0.625,0.437,,12.5,40,0.53,18,Low
LPIS-61673958647_1A,Ley / Grass,2.5199999809265137,0.696,0.481,,10.7,40,0.66,17.8,Low
LPIS-61633990656_18A,Ley / Grass,2.5199999809265137,0.675,0.436,,31.7,15,0.53,10.3,Low
LPIS-61763965487_5A,Ley / Grass,2.5199999809265137,0.78,0.5,,10,40,0.57,30.1,Moderate
LPIS-61543989620_10A,Sugar Beet,2.5199999809265137,0.727,0.506,,6.2,15,0.61,8.4,Low
LPIS-61574058375_23A,Winter Wheat,2.509999990463257,0.749,0.581,,13.3,40,0.56,19,Low
LPIS-61564075689_23A,Ley / Grass,2.509999990463257,0.766,0.537,,8.8,40,0.83,28.1,Low
LPIS-61563972387_29I,Fallow,2.509999990463257,0.684,0.428,,26.3,5,0.37,5.9,Low
LPIS-61713993607_176A,Spring Barley,2.509999990463257,0.706,0.538,,8.8,15,0.61,9.4,Low
LPIS-61503949602_4A,Fallow,2.509999990463257,0.826,0.634,,5.7,15,0.75,28.1,Low
LPIS-61613970906_46A,Ley / Grass,2.509999990463257,0.674,0.442,,15.4,40,0.57,17.8,Low
LPIS-61544009385_8A,Ley / Grass,2.509999990463257,0.664,0.435,,8,40,0.57,17.1,Low
LPIS-61584005629_22A,Winter Wheat,2.509999990463257,0.762,0.612,,17.6,15,0.6,10.8,Low
LPIS-61734011121_16A,Unknown,2.5,0.738,0.48,,14.5,40,0.75,28.8,Low
LPIS-61713975290_5F,Sugar Beet,2.5,0.798,0.635,,13.6,15,0.53,13.9,Low
LPIS-61583983643_60A,Fallow,2.5,0.663,0.523,,18,15,0.72,10.7,Low
LPIS-61773931775_21A,Winter Wheat,2.5,0.658,0.481,,23,70,0.71,30.3,Moderate
LPIS-61624013732_9A,Fallow,2.5,0.644,0.368,,21,40,0.6,17.3,Low
LPIS-61763951385_57A,Maize,2.490000009536743,0.559,0.366,,24,40,0.6,18.7,Low
LPIS-61633982980_215A,Ley / Grass,2.490000009536743,0.454,0.3,,71.3,15,0.73,14.5,Low
LPIS-61634000239_26A,Ley / Grass,2.490000009536743,0.701,0.468,,9.7,40,0.51,17.4,Low
LPIS-61624035627_12A,Ley / Grass,2.490000009536743,0.687,0.436,,16.9,15,0.63,8.7,Low
LPIS-61584045804_110A,Rapeseed,2.490000009536743,0.685,0.512,,17.8,40,0.77,19.2,Low
LPIS-61693955252_13A,Ley / Grass,2.490000009536743,0.856,0.596,,5.6,70,0.75,66.2,High
LPIS-61564086110_40A,Ley / Grass,2.4800000190734863,0.747,0.483,,15.9,15,0.73,15.5,Low
LPIS-61723990808_7A,Ley / Grass,2.4800000190734863,0.675,0.489,,7.9,40,0.53,17.9,Low
LPIS-61733953902_7A,Fallow,2.4800000190734863,0.764,0.51,,10.3,40,0.74,24.9,Low
LPIS-61603979040_35C,Ley / Grass,2.4800000190734863,0.845,0.592,,3.5,15,0.64,33.3,Moderate
LPIS-61683998683_7A,Ley / Grass,2.4800000190734863,0.827,0.568,,9.9,40,0.43,39.4,Moderate
LPIS-61513990350_14C,Winter Wheat,2.4700000286102295,0.838,0.587,,6.2,15,0.64,20.6,Low
LPIS-61813967953_10A,Ley / Grass,2.4700000286102295,0.607,0.377,,33.4,70,0.58,30,Moderate
LPIS-61544017643_7A,Winter Wheat,2.4700000286102295,0.772,0.583,,15.5,15,0.84,10,Low
LPIS-61714008454_5A,Ley / Grass,2.4700000286102295,0.862,0.595,,4.2,70,0.66,67.3,High
LPIS-61714019590_21A,Ley / Grass,2.4600000381469727,0.78,0.521,,13.1,40,0.6,30.7,Moderate
LPIS-61583970463_207A,Spring Barley,2.4600000381469727,0.747,0.499,,10.7,40,0.58,17.5,Low
LPIS-61623952269_3D,Ley / Grass,2.4600000381469727,0.645,0.421,,17.7,40,0.52,18,Low
LPIS-61553948146_17A,Rapeseed,2.4600000381469727,0.752,0.588,,15.5,15,0.5,10.3,Low
LPIS-61574036062_12C,Rapeseed,2.4600000381469727,0.712,0.494,,28.9,15,0.73,10.6,Low
LPIS-61683965461_13A,Fallow,2.4600000381469727,0.601,0.397,,25.3,40,0.7,18.9,Low
LPIS-61713990326_24A,Rapeseed,2.4600000381469727,0.781,0.618,,14.3,40,1,23.5,Low
LPIS-61624055912_11A,Ley / Grass,2.4600000381469727,0.775,0.58,,12,40,0.68,30.7,Moderate
LPIS-61703937347_12A,Ley / Grass,2.4600000381469727,0.575,0.371,,14.8,15,0.65,8.6,Low
LPIS-61714014993_28A,Ley / Grass,2.4600000381469727,0.587,0.367,,19.4,15,0.74,8.9,Low
LPIS-61723993392_14A,Ley / Grass,2.4600000381469727,0.732,0.496,,15.8,15,0.57,13.1,Low
LPIS-61673991293_50A,Fallow,2.450000047683716,0.825,0.542,,9.1,40,0.43,35.8,Moderate
LPIS-61494025557_54A,Spring Barley,2.450000047683716,0.627,0.446,,16.9,15,0.59,9.6,Low
LPIS-61504039892_19A,Fallow,2.450000047683716,0.651,0.51,,22.6,15,0.6,11.1,Low
LPIS-61723982243_18A,Unknown,2.450000047683716,0.652,0.451,,15.4,15,0.68,9.2,Low
LPIS-61514045062_22A,Spring Barley,2.450000047683716,0.773,0.576,,15.3,15,0.31,9.9,Low
LPIS-61544072451_15A,Fallow,2.450000047683716,0.702,0.525,,14.9,40,0.53,18.9,Low
LPIS-61783965708_196B,Ley / Grass,2.450000047683716,0.67,0.404,,12.7,70,0.54,27.7,Low
LPIS-61684021023_8A,Ley / Grass,2.440000057220459,0.704,0.487,,16.3,40,0.73,18.3,Low
LPIS-61663984391_9A,Ley / Grass,2.440000057220459,0.837,0.615,,16.8,40,0.6,42.5,Moderate
LPIS-61683919005_6A,Ley / Grass,2.440000057220459,0.521,0.344,,20.6,40,0.44,18.4,Low
LPIS-61683907057_1A,Ley / Grass,2.430000066757202,0.61,0.392,,8.8,40,0.51,17,Low
LPIS-61703915658_19A,Ley / Grass,2.430000066757202,0.653,0.4,,14.9,40,0.55,17.2,Low
LPIS-61713992043_27A,Rapeseed,2.430000066757202,0.75,0.566,,8.1,15,0.85,9.3,Low
LPIS-61713920876_7A,Ley / Grass,2.430000066757202,0.642,0.404,,12.2,40,0.76,17.2,Low
LPIS-61574071408_67A,Ley / Grass,2.430000066757202,0.594,0.402,,9,15,0.6,8.4,Low
LPIS-61514017966_5A,Fallow,2.430000066757202,0.833,0.588,,5.4,15,0.43,28.6,Low
LPIS-61693963853_10A,Ley / Grass,2.430000066757202,0.685,0.456,,30.6,40,0.9,19.4,Low
LPIS-61594069625_26A,Winter Wheat,2.4200000762939453,0.614,0.402,,31.8,40,0.61,19.4,Low
LPIS-61524035247_21A,Ley / Grass,2.4200000762939453,0.865,0.603,,3.7,70,0.58,68.2,High
LPIS-61653987517_8A,Ley / Grass,2.4200000762939453,0.845,0.564,,2.8,40,0.75,41.8,Moderate
LPIS-61554029162_100A,Spring Barley,2.4200000762939453,0.808,0.648,,7.2,40,0.57,25,Low
LPIS-61653994421_8A,Ley / Grass,2.4200000762939453,0.736,0.506,,13,40,0.38,22.8,Low
LPIS-61614000046_8A,Winter Wheat,2.4200000762939453,0.861,0.654,,12.6,15,0.56,27.1,Low
LPIS-61504039722_32A,Winter Wheat,2.4200000762939453,0.747,0.572,,8.8,15,0.62,9.5,Low
LPIS-61683932266_6A,Spring Barley,2.4100000858306885,0.69,0.472,,12.3,40,0.64,17.8,Low
LPIS-61543988109_79A,Winter Wheat,2.4100000858306885,0.757,0.575,,2.4,15,0.6,8.8,Low
LPIS-61714018273_16A,Rapeseed,2.4100000858306885,0.793,0.582,,11,15,0.78,15.8,Low
LPIS-61723972957_7B,Spring Barley,2.4100000858306885,0.742,0.563,,30.6,15,0.7,11.6,Low
LPIS-61724012525_1A,Fallow,2.4100000858306885,0.765,0.522,,19.1,15,0.57,17.3,Low
LPIS-61493995649_64B,Sugar Beet,2.4100000858306885,0.848,0.695,,11.6,15,0.27,28.5,Low
LPIS-61594058635_172B,Ley / Grass,2.4100000858306885,0.72,0.457,,16.5,15,0.65,10.5,Low
LPIS-61624027808_6A,Winter Wheat,2.4100000858306885,0.718,0.481,,7.4,15,0.61,8.2,Low
LPIS-61663953194_13C,Ley / Grass,2.4100000858306885,0.707,0.462,,9.4,70,0.56,28,Low
LPIS-61623977901_9A,Ley / Grass,2.4000000953674316,0.695,0.444,,13.6,40,0.62,17.4,Low
LPIS-61523917692_2A,Sugar Beet,2.4000000953674316,0.84,0.661,,14.2,40,0.64,35,Moderate
LPIS-61713922445_38A,Spring Barley,2.4000000953674316,0.689,0.424,,12.1,40,0.77,17,Low
LPIS-61783983343_167A,Ley / Grass,2.390000104904175,0.699,0.461,,28.7,40,0.88,19.2,Low
LPIS-61683936682_3A,Winter Wheat,2.390000104904175,0.824,0.603,,9.8,40,0.72,27.1,Low
LPIS-61673947119_12A,Ley / Grass,2.390000104904175,0.843,0.569,,5.5,40,0.38,41.7,Moderate
LPIS-61524054479_88B,Maize,2.390000104904175,0.749,0.585,,19.5,40,0.49,31.8,Moderate
LPIS-61604050601_141A,Ley / Grass,2.390000104904175,0.622,0.413,,27.4,40,0.61,19.1,Low
LPIS-61753986949_9B,Ley / Grass,2.390000104904175,0.585,0.372,,35.3,40,0.42,19.5,Low
LPIS-61743950276_12A,Unknown,2.390000104904175,0.707,0.437,,15.2,15,0.61,12.8,Low
LPIS-61733980610_1A,Unknown,2.390000104904175,0.671,0.432,,18.5,15,0.76,9,Low
LPIS-61463998888_47A,Winter Wheat,2.390000104904175,0.67,0.527,,8,15,0.6,9.6,Low
LPIS-61513989616_16A,Unknown,2.380000114440918,0.772,0.523,,15.2,15,0.81,27.3,Low
LPIS-61773982519_15B,Fallow,2.380000114440918,0.579,0.362,,18.3,70,0.55,28.5,Low
LPIS-61674009134_6A,Ley / Grass,2.380000114440918,0.82,0.553,,8.2,70,0.63,48.6,Moderate
LPIS-61524058166_32A,Maize,2.369999885559082,0.708,0.523,,27,40,0.37,29.4,Low
LPIS-61733986253_26A,Rapeseed,2.369999885559082,0.651,0.476,,11.8,40,0.77,18.4,Low
LPIS-61624018491_8A,Fallow,2.369999885559082,0.685,0.449,,15.8,15,0.62,8.8,Low
LPIS-61624059709_32A,Ley / Grass,2.369999885559082,0.649,0.406,,14.3,70,0.62,28.1,Low
LPIS-61743958860_23A,Rapeseed,2.369999885559082,0.802,0.591,,9.8,40,0.78,26.3,Low
LPIS-61733982410_3A,Unknown,2.369999885559082,0.662,0.443,,16.3,15,0.79,9.1,Low
LPIS-61623961159_3A,Oats,2.359999895095825,0.785,0.526,,9.5,15,0.57,16.9,Low
LPIS-61594003541_290A,Spring Barley,2.359999895095825,0.765,0.601,,11.9,15,0.7,10,Low
LPIS-61613969105_4A,Ley / Grass,2.359999895095825,0.587,0.414,,33.2,15,0.61,11.2,Low
LPIS-61584065517_74A,Ley / Grass,2.359999895095825,0.817,0.643,,14.4,40,0.53,39.2,Moderate
LPIS-61763920474_144A,Ley / Grass,2.359999895095825,0.668,0.436,,10.2,40,0.68,17.2,Low
LPIS-61733955788_36A,Ley / Grass,2.359999895095825,0.361,0.236,,93.7,70,0.63,43.7,Moderate
LPIS-61514016258_29C,Ley / Grass,2.359999895095825,0.7,0.474,,15.9,15,0.54,9.1,Low
LPIS-61663986966_7A,Ley / Grass,2.359999895095825,0.842,0.616,,8.2,40,0.71,42.5,Moderate
LPIS-61723981407_1A,Unknown,2.3499999046325684,0.765,0.513,,10.6,15,0.82,25.3,Low
LPIS-61564065033_4A,Spring Barley,2.3499999046325684,0.686,0.524,,14.5,40,0.57,19,Low
LPIS-61723989003_4A,Winter Wheat,2.3499999046325684,0.717,0.537,,11,15,0.91,9.5,Low
LPIS-61624039062_16A,Ley / Grass,2.3499999046325684,0.663,0.441,,11.1,40,0.67,17.5,Low
LPIS-61544062487_3E,Winter Wheat,2.3499999046325684,0.633,0.45,,16.1,15,0.49,9.5,Low
LPIS-61643999886_99A,Ley / Grass,2.3499999046325684,0.581,0.388,,23.6,15,0.46,9.8,Low
LPIS-61513940148_19A,Ley / Grass,2.3499999046325684,0.82,0.563,,14.4,15,0.63,29.6,Low
LPIS-61773962126_200A,Ley / Grass,2.3499999046325684,0.703,0.462,,27.8,40,0.55,19.1,Low
LPIS-61684018606_1B,Sugar Beet,2.3399999141693115,0.776,0.566,,14.7,40,0.58,18.6,Low
LPIS-61694006395_5A,Ley / Grass,2.3399999141693115,0.754,0.521,,31.6,40,0.49,28,Low
LPIS-61523997372_18A,Ley / Grass,2.3399999141693115,0.795,0.55,,7.4,40,0.69,33.3,Moderate
LPIS-61503992418_48A,Ley / Grass,2.3399999141693115,0.729,0.503,,19.1,15,0.63,13.1,Low
LPIS-61543940572_19F,Winter Wheat,2.3399999141693115,0.8,0.641,,16.5,15,0.57,14.3,Low
LPIS-61514008442_5A,Sugar Beet,2.3399999141693115,0.673,0.467,,16.8,15,0.57,9.4,Low
LPIS-61753945549_71A,Ley / Grass,2.3399999141693115,0.731,0.487,,8.1,70,0.87,31.8,Moderate
LPIS-61514032229_11A,Spring Barley,2.3399999141693115,0.788,0.622,,14.5,15,0.62,12.7,Low
LPIS-61594028838_2A,Winter Wheat,2.3399999141693115,0.785,0.59,,5.3,15,0.86,9.1,Low
LPIS-61693970336_6A,Ley / Grass,2.3399999141693115,0.653,0.418,,16.6,40,0.67,17.7,Low
LPIS-61714026187_36A,Ley / Grass,2.3299999237060547,0.372,0.226,,30.8,40,0.82,18.8,Low
LPIS-61713936351_18A,Spring Barley,2.3299999237060547,0.69,0.448,,15,40,0.69,17.7,Low
LPIS-61634016823_85D,Fallow,2.3299999237060547,0.736,0.479,,22.1,15,0.28,11.9,Low
LPIS-61773933881_97A,Winter Wheat,2.3299999237060547,0.669,0.493,,12.8,40,0.79,18.5,Low
LPIS-61713970929_7A,Ley / Grass,2.3299999237060547,0.799,0.531,,7.5,70,0.61,44.4,Moderate
LPIS-61604015574_7A,Ley / Grass,2.3299999237060547,0.715,0.497,,10.6,40,0.57,18.7,Low
LPIS-61823963765_96B,Ley / Grass,2.319999933242798,0.633,0.399,,17.1,40,0.53,17.7,Low
LPIS-61584066701_60A,Winter Wheat,2.319999933242798,0.82,0.664,,7.6,40,0.48,27,Low
LPIS-61713941252_3A,Ley / Grass,2.319999933242798,0.573,0.355,,11,40,0.92,16.9,Low
LPIS-61623966660_51A,Ley / Grass,2.319999933242798,0.755,0.497,,14.8,15,0.39,17,Low
LPIS-61613976704_32A,Ley / Grass,2.319999933242798,0.813,0.535,,5.5,15,0.47,27,Low
LPIS-61723980628_7A,Rye,2.319999933242798,0.708,0.481,,6.4,15,0.63,8.2,Low
LPIS-61494028197_14A,Rye,2.319999933242798,0.58,0.403,,23.2,15,0.54,10.1,Low
LPIS-61724035613_15A,Unknown,2.309999942779541,0.532,0.36,,16.8,40,0.68,18.2,Low
LPIS-61684032164_10A,Unknown,2.309999942779541,0.654,0.443,,23.3,70,0.67,29.7,Low
LPIS-61534066062_15A,Ley / Grass,2.309999942779541,0.659,0.463,,29.6,40,0.4,19.8,Low
LPIS-61584085655_25A,Ley / Grass,2.309999942779541,0.548,0.353,,41.8,70,0.71,31.1,Moderate
LPIS-61743957135_19A,Ley / Grass,2.309999942779541,0.87,0.598,,4.4,15,0.68,37.9,Moderate
LPIS-61623962411_47A,Ley / Grass,2.309999942779541,0.663,0.462,,13.6,40,0.46,18.1,Low
LPIS-61773956627_18A,Ley / Grass,2.309999942779541,0.673,0.436,,15.1,40,0.79,17.7,Low
LPIS-61673948484_18A,Sugar Beet,2.309999942779541,0.745,0.486,,12.6,40,0.61,17.5,Low
LPIS-61704006273_57A,Ley / Grass,2.309999942779541,0.705,0.489,,10.3,40,0.73,17.7,Low
LPIS-61734010921_5A,Unknown,2.309999942779541,0.742,0.486,,13.6,40,0.84,29.6,Low
LPIS-61773985346_17B,Spring Barley,2.299999952316284,0.759,0.554,,17.6,40,0.8,18.9,Low
LPIS-61664004993_9A,Ley / Grass,2.299999952316284,0.799,0.534,,11.8,70,0.57,44.9,Moderate
LPIS-61713983671_197A,Spring Barley,2.299999952316284,0.721,0.538,,14.8,40,0.69,18.8,Low
LPIS-61763966896_2A,Ley / Grass,2.299999952316284,0.708,0.449,,16.2,70,0.62,28.4,Low
LPIS-61723934315_10A,Ley / Grass,2.299999952316284,0.809,0.519,,5.7,40,0.56,35.1,Moderate
LPIS-61713934692_7A,Winter Wheat,2.299999952316284,0.761,0.568,,7,40,0.73,18.1,Low
LPIS-61604062018_3B,Spring Barley,2.299999952316284,0.613,0.426,,23.5,40,0.77,19.1,Low
LPIS-61713966554_2A,Fallow,2.2899999618530273,0.698,0.446,,10.3,40,0.57,17.1,Low
LPIS-61693938159_3A,Ley / Grass,2.2899999618530273,0.556,0.361,,24.7,40,0.46,18.7,Low
LPIS-61494007267_28A,Spring Barley,2.2899999618530273,0.779,0.515,,14.3,15,0.32,9.3,Low
LPIS-61703929841_13A,Ley / Grass,2.2899999618530273,0.726,0.511,,16,15,0.63,12.3,Low
LPIS-61554039661_130A,Spring Barley,2.2899999618530273,0.771,0.628,,30.5,15,0.57,12.2,Low
LPIS-61733945276_12A,Unknown,2.2899999618530273,0.883,0.64,,7,40,0.7,59.1,Moderate
LPIS-61584053691_57A,Winter Wheat,2.2899999618530273,0.866,0.68,,11.5,15,0.58,28.3,Low
LPIS-61743995109_27A,Unknown,2.2899999618530273,0.755,0.502,,12.4,40,0.63,32.3,Moderate
LPIS-61724029571_5A,Unknown,2.2799999713897705,0.638,0.392,,14.4,40,0.57,17.2,Low
LPIS-61593990570_2E,Ley / Grass,2.2799999713897705,0.611,0.394,,34.3,15,0.74,10.6,Low
LPIS-61624065414_11A,Unknown,2.2799999713897705,0.682,0.446,,11.3,40,0.53,17.4,Low
LPIS-61694024220_53A,Ley / Grass,2.2799999713897705,0.825,0.581,,7.1,40,0.79,39,Moderate
LPIS-61553994547_1B,Sugar Beet,2.2799999713897705,0.729,0.518,,14.7,15,0.94,9.4,Low
LPIS-61703930484_3A,Ley / Grass,2.2799999713897705,0.662,0.422,,16.7,40,0.58,17.7,Low
LPIS-61713927840_107A,Ley / Grass,2.2799999713897705,0.795,0.499,,7,40,0.6,32.5,Moderate
LPIS-61743978955_42A,Ley / Grass,2.2799999713897705,0.831,0.555,,7.4,40,0.68,39.7,Moderate
LPIS-61763930507_93A,Ley / Grass,2.2699999809265137,0.757,0.505,,8,40,0.66,25.9,Low
LPIS-61624031415_66A,Ley / Grass,2.2699999809265137,0.793,0.514,,9.1,15,0.59,23.6,Low
LPIS-61704036254_83A,Ley / Grass,2.2699999809265137,0.751,0.519,,22.3,70,0.65,37.4,Moderate
LPIS-61703941243_1A,Ley / Grass,2.2699999809265137,0.636,0.414,,15.6,40,0.62,17.8,Low
LPIS-61534066186_130A,Ley / Grass,2.2699999809265137,0.633,0.417,,10.5,40,0.45,17.3,Low
LPIS-61564036976_14A,Ley / Grass,2.2699999809265137,0.774,0.502,,9.1,40,0.78,28.9,Low
LPIS-61583991268_33A,Rapeseed,2.2699999809265137,0.811,0.631,,12.8,15,0.56,19.8,Low
LPIS-61584047309_48A,Ley / Grass,2.2699999809265137,0.574,0.37,,30.1,40,0.52,19.2,Low
LPIS-61623960946_11B,Ley / Grass,2.2699999809265137,0.746,0.5,,8.9,15,0.48,14.9,Low
LPIS-61763944286_19B,Ley / Grass,2.2699999809265137,0.612,0.443,,37.1,70,0.55,31.6,Moderate
LPIS-61753980478_4A,Ley / Grass,2.2699999809265137,0.417,0.27,,66.3,40,0.59,22.8,Low
LPIS-61584068620_48B,Ley / Grass,2.259999990463257,0.629,0.426,,22.1,15,0.6,9.7,Low
LPIS-61624053771_30A,Unknown,2.259999990463257,0.645,0.425,,11.4,40,0.65,17.4,Low
LPIS-61634037189_13A,Ley / Grass,2.259999990463257,0.76,0.497,,15.9,40,0.44,27.1,Low
LPIS-61743991228_20A,Unknown,2.259999990463257,0.785,0.532,,11.8,40,0.66,38.6,Moderate
LPIS-61714017961_5A,Ley / Grass,2.259999990463257,0.713,0.441,,14.2,15,0.88,8.8,Low
LPIS-61523981896_15A,Sugar Beet,2.259999990463257,0.853,0.588,,5.5,5,0.78,24.2,Low
LPIS-61714028567_3A,Unknown,2.259999990463257,0.527,0.345,,10.4,70,0.81,28.1,Low
LPIS-61644035154_18A,Fallow,2.259999990463257,0.726,0.487,,20.1,70,0.64,29.9,Low
LPIS-61724020744_7A,Ley / Grass,2.25,0.635,0.426,,8,70,0.67,28,Low
LPIS-61614000735_25A,Fallow,2.25,0.838,0.577,,12.8,15,0.73,30,Moderate
LPIS-61733972618_3B,Maize,2.25,0.593,0.369,,11.9,15,0.9,10,Low
LPIS-61743959932_21A,Ley / Grass,2.25,0.85,0.574,,9.6,40,0.75,43.6,Moderate
LPIS-61773936872_105A,Winter Wheat,2.25,0.667,0.436,,5.9,40,0.9,16.8,Low
LPIS-61683962210_102A,Ley / Grass,2.25,0.657,0.424,,12.2,40,0.83,17.4,Low
LPIS-61534027466_4C,Ley / Grass,2.25,0.595,0.382,,35.8,40,0.33,19.7,Low
LPIS-61483978293_3A,Rapeseed,2.240000009536743,0.85,0.651,,14.4,15,0.73,26.9,Low
LPIS-61623979859_219A,Ley / Grass,2.240000009536743,0.696,0.446,,14.8,40,0.5,17.6,Low
LPIS-61663967380_2A,Ley / Grass,2.240000009536743,0.713,0.483,,10.8,40,0.67,18.1,Low
LPIS-61733977370_35A,Spring Barley,2.240000009536743,0.851,0.612,,8,40,0.73,32.6,Moderate
LPIS-61733982477_22B,Winter Wheat,2.240000009536743,0.672,0.492,,16.7,40,0.54,18.9,Low
LPIS-61713936359_19A,Spring Barley,2.240000009536743,0.67,0.425,,13.6,40,0.66,17.4,Low
LPIS-61524022845_6A,Rapeseed,2.240000009536743,0.766,0.585,,10.7,40,0.56,20,Low
LPIS-61773945923_110A,Winter Wheat,2.240000009536743,0.828,0.617,,12.8,40,0.89,28.6,Low
LPIS-61763947549_3A,Spring Barley,2.2300000190734863,0.783,0.597,,7.8,15,0.69,10.7,Low
LPIS-61624047308_12A,Ley / Grass,2.2300000190734863,0.7,0.464,,16.4,70,0.45,28.8,Low
LPIS-61614035854_24A,Maize,2.2300000190734863,0.44,0.309,,62.2,40,0.63,23.1,Low
LPIS-61664011537_17A,Maize,2.2300000190734863,0.482,0.32,,72.1,40,0.81,23.6,Low
LPIS-61733985869_6A,Ley / Grass,2.2300000190734863,0.677,0.438,,11.6,40,0.65,17.3,Low
LPIS-61604000949_3B,Maize,2.2300000190734863,0.422,0.283,,70.7,40,0.87,23.5,Low
LPIS-61743988809_2A,Unknown,2.2300000190734863,0.766,0.52,,12.9,40,0.74,34.9,Moderate
LPIS-61693931853_35A,Ley / Grass,2.2200000286102295,0.715,0.476,,9.4,70,0.62,29,Low
LPIS-61524016147_8A,Winter Wheat,2.2200000286102295,0.8,0.541,,10.6,40,0.55,21.3,Low
LPIS-61663963878_24A,Ley / Grass,2.2200000286102295,0.755,0.524,,17,40,0.47,26.7,Low
LPIS-61534035281_20A,Ley / Grass,2.2200000286102295,0.789,0.521,,11.6,15,0.91,23.2,Low
LPIS-61823985194_175A,Ley / Grass,2.2200000286102295,0.402,0.203,,71.9,70,0.33,38.9,Moderate
LPIS-61703937277_10A,Ley / Grass,2.2200000286102295,0.525,0.323,,22.3,40,0.79,18,Low
LPIS-61773947324_72A,Ley / Grass,2.2100000381469727,0.809,0.531,,8.9,40,0.79,35.5,Moderate
LPIS-61683954302_54A,Ley / Grass,2.2100000381469727,0.708,0.464,,9.3,70,0.36,28,Low
LPIS-61554014784_2C,Unknown,2.2100000381469727,0.827,0.616,,7.5,15,0.74,38.8,Moderate
LPIS-61514036817_5A,Fallow,2.2100000381469727,0.816,0.635,,10.3,15,0.28,26.9,Low
LPIS-61624037454_43A,Ley / Grass,2.200000047683716,0.707,0.492,,7.8,40,0.58,17.5,Low
LPIS-61554018101_17A,Winter Wheat,2.200000047683716,0.663,0.439,,23.3,15,0.64,9.7,Low
LPIS-61684037434_10A,Unknown,2.200000047683716,0.637,0.431,,13.5,40,0.77,17.9,Low
LPIS-61743985088_25A,Unknown,2.200000047683716,0.775,0.508,,13.4,40,0.62,36.5,Moderate
LPIS-61574078913_103A,Ley / Grass,2.200000047683716,0.61,0.384,,20,15,0.57,9,Low
LPIS-61773980270_11A,Fallow,2.200000047683716,0.579,0.376,,14,40,0.78,17.6,Low
LPIS-61524027022_12A,Rapeseed,2.200000047683716,0.684,0.524,,17.1,40,0.6,19.3,Low
LPIS-61703939472_1A,Ley / Grass,2.200000047683716,0.762,0.494,,8,40,0.56,26.6,Low
LPIS-61574002284_2A,Spring Wheat,2.190000057220459,0.729,0.544,,26,15,0.56,11,Low
LPIS-61714010394_122A,Ley / Grass,2.190000057220459,0.646,0.417,,14.9,40,0.59,17.6,Low
LPIS-61473961771_5A,Spring Barley,2.190000057220459,0.738,0.603,,13.8,15,0.76,10.6,Low
LPIS-61704014370_11A,Unknown,2.180000066757202,0.58,0.376,,24.7,40,0.59,18.6,Low
LPIS-61484016789_12A,Unknown,2.180000066757202,0.825,0.554,,13.6,15,0.41,38,Moderate
LPIS-61724007258_117A,Fallow,2.1700000762939453,0.613,0.399,,26,40,0.61,18.8,Low
LPIS-61604055883_178A,Ley / Grass,2.1700000762939453,0.826,0.579,,6.8,40,0.59,39.1,Moderate
LPIS-61693993372_71A,Ley / Grass,2.1700000762939453,0.561,0.375,,40.9,40,0.47,20.5,Low
LPIS-61704029939_8A,Spring Barley,2.1700000762939453,0.677,0.45,,10.8,40,0.86,17.5,Low
LPIS-61713926975_24A,Ley / Grass,2.1700000762939453,0.742,0.456,,7.9,15,0.62,13.5,Low
LPIS-61543938256_17C,Ley / Grass,2.1600000858306885,0.551,0.371,,32.4,15,0.24,10.7,Low
LPIS-61733987889_3A,Ley / Grass,2.1600000858306885,0.66,0.417,,20.7,40,0.75,18.1,Low
LPIS-61574081527_129A,Ley / Grass,2.1600000858306885,0.777,0.5,,9.9,15,0.72,20.6,Low
LPIS-61553983889_9D,Spring Barley,2.1600000858306885,0.878,0.711,,5.2,5,0.9,26.3,Low
LPIS-61703923556_11A,Ley / Grass,2.1600000858306885,0.717,0.484,,4.9,40,0.52,18.2,Low
LPIS-61624033133_138A,Rapeseed,2.1600000858306885,0.635,0.421,,27.3,40,0.77,19.1,Low
LPIS-61514008580_17A,Ley / Grass,2.1600000858306885,0.677,0.447,,15.8,15,0.38,8.9,Low
LPIS-61624001860_5A,Fallow,2.1600000858306885,0.813,0.62,,13.3,15,0.7,26.4,Low
LPIS-61704019312_116A,Ley / Grass,2.1500000953674316,0.613,0.39,,36.1,15,0.58,10.7,Low
LPIS-61713942065_7A,Ley / Grass,2.1500000953674316,0.566,0.358,,10.9,70,0.9,27.9,Low
LPIS-61763942689_6A,Fallow,2.1500000953674316,0.714,0.486,,12,95,0.88,37.6,Moderate
LPIS-61604028944_7A,Unknown,2.1500000953674316,0.813,0.555,,9.5,15,0.34,35.3,Moderate
LPIS-61463983986_7A,Ley / Grass,2.1500000953674316,0.763,0.465,,10.7,15,0.53,17.6,Low
LPIS-61723956433_22A,Fallow,2.1500000953674316,0.654,0.417,,18.1,40,0.72,17.9,Low
LPIS-61624058893_110A,Ley / Grass,2.1500000953674316,0.69,0.471,,14.6,40,0.48,18,Low
LPIS-61564033949_13A,Ley / Grass,2.140000104904175,0.742,0.517,,11.4,40,0.8,23.8,Low
LPIS-61653986545_7A,Ley / Grass,2.140000104904175,0.827,0.575,,7.3,40,0.65,39.3,Moderate
LPIS-61783950543_6A,Ley / Grass,2.140000104904175,0.822,0.594,,23.1,40,0.63,40.2,Moderate
LPIS-61663952754_10A,Ley / Grass,2.140000104904175,0.697,0.456,,8,40,0.74,17.1,Low
LPIS-61733980923_2A,Unknown,2.140000104904175,0.686,0.45,,9.8,15,0.75,8.4,Low
LPIS-61593994475_3A,Ley / Grass,2.140000104904175,0.674,0.439,,22,15,0.51,9.4,Low
LPIS-61713943480_1A,Ley / Grass,2.140000104904175,0.485,0.31,,9.5,70,0.78,27.8,Low
LPIS-61763968373_2A,Rye,2.140000104904175,0.622,0.399,,15.8,40,0.39,17.7,Low
LPIS-61594064236_79A,Winter Wheat,2.140000104904175,0.831,0.571,,4.3,40,0.63,27.7,Low
LPIS-61594056973_126A,Fallow,2.140000104904175,0.693,0.427,,14.8,40,0.55,17.3,Low
LPIS-61694007756_3A,Fallow,2.130000114440918,0.78,0.508,,13.6,40,0.62,28.1,Low
LPIS-61533966995_4A,Spring Barley,2.130000114440918,0.826,0.669,,22.5,15,0.83,21.3,Low
LPIS-61544048893_110A,Spring Barley,2.130000114440918,0.805,0.618,,25.2,15,0.63,16.8,Low
LPIS-61723987213_72B,Oats,2.130000114440918,0.598,0.404,,13.9,15,0.81,8.9,Low
LPIS-61564023702_24A,Spring Barley,2.130000114440918,0.78,0.645,,30.1,15,0.63,13,Low
LPIS-61723941441_4A,Ley / Grass,2.130000114440918,0.697,0.458,,16.6,40,0.62,18,Low
LPIS-61604066478_46B,Fallow,2.119999885559082,0.566,0.384,,26.5,40,0.7,19.2,Low
LPIS-61733981850_4A,Ley / Grass,2.119999885559082,0.646,0.412,,14.6,15,0.79,8.5,Low
LPIS-61623992196_41C,Fallow,2.119999885559082,0.765,0.541,,8.1,40,0.71,25.5,Low
LPIS-61644032354_8A,Ley / Grass,2.119999885559082,0.739,0.492,,7.4,40,0.6,22.5,Low
LPIS-61684034847_5A,Fallow,2.119999885559082,0.586,0.392,,25.6,40,0.6,19,Low
LPIS-61654018831_19A,Maize,2.119999885559082,0.361,0.248,,62.7,70,0.65,40.5,Moderate
LPIS-61594052847_116A,Ley / Grass,2.119999885559082,0.785,0.537,,17,15,0.65,23.3,Low
LPIS-61683951790_101A,Ley / Grass,2.119999885559082,0.761,0.488,,8.8,40,0.69,26.4,Low
LPIS-61743952710_160A,Fallow,2.119999885559082,0.87,0.618,,4.2,95,0.31,76.7,High
LPIS-61624036303_13A,Ley / Grass,2.119999885559082,0.735,0.457,,18.8,40,0.81,22.4,Low
LPIS-61743958943_24A,Ley / Grass,2.109999895095825,0.822,0.605,,8.9,15,0.62,29.9,Low
LPIS-61703928695_3A,Ley / Grass,2.109999895095825,0.612,0.378,,16.8,15,0.63,8.5,Low
LPIS-61723950189_11A,Ley / Grass,2.109999895095825,0.513,0.328,,21.8,40,0.61,18.3,Low
LPIS-61693953854_2A,Ley / Grass,2.109999895095825,0.832,0.625,,12.9,40,0.74,41.5,Moderate
LPIS-61624027365_14A,Winter Barley,2.109999895095825,0.838,0.651,,6.9,15,0.72,22.5,Low
LPIS-61703961958_9A,Ley / Grass,2.109999895095825,0.682,0.43,,13.6,40,0.57,17.3,Low
LPIS-61683924004_4A,Ley / Grass,2.109999895095825,0.668,0.429,,10.6,70,0.54,28,Low
LPIS-61743962339_5A,Ley / Grass,2.109999895095825,0.859,0.602,,8.2,40,0.72,45.4,Moderate
LPIS-61674037576_21A,Unknown,2.109999895095825,0.748,0.491,,12,40,0.79,30.7,Moderate
LPIS-61723955429_5A,Rapeseed,2.109999895095825,0.761,0.538,,17.8,40,0.55,19.1,Low
LPIS-61633964973_98A,Ley / Grass,2.109999895095825,0.811,0.563,,8.1,70,0.58,47.2,Moderate
LPIS-61693950204_3A,Ley / Grass,2.0999999046325684,0.764,0.492,,9,15,0.84,18.1,Low
LPIS-61474029738_5A,Rapeseed,2.0999999046325684,0.642,0.457,,21.3,40,0.55,19.1,Low
LPIS-61514048440_23A,Winter Wheat,2.0999999046325684,0.768,0.613,,6.7,40,0.59,18.6,Low
LPIS-61683955477_20A,Ley / Grass,2.0999999046325684,0.646,0.397,,16.3,40,0.75,17.4,Low
LPIS-61623960946_11D,Winter Barley,2.0999999046325684,0.803,0.543,,14.9,15,0.49,13,Low
LPIS-61613968456_6A,Ley / Grass,2.0999999046325684,0.885,0.681,,7.7,15,0.65,50.4,Moderate
LPIS-61594061254_81A,Ley / Grass,2.0999999046325684,0.636,0.413,,23.3,15,0.43,9.5,Low
LPIS-61614038644_71A,Spring Barley,2.0999999046325684,0.749,0.499,,11.6,15,0.69,8.5,Low
LPIS-61553982763_1A,Sugar Beet,2.0999999046325684,0.862,0.686,,8.8,5,0.76,28.5,Low
LPIS-61733953652_50A,Ley / Grass,2.0899999141693115,0.632,0.403,,19.9,40,0.81,18,Low
LPIS-61714007483_1B,Ley / Grass,2.0899999141693115,0.623,0.423,,33.9,40,0.69,19.9,Low
LPIS-61614036332_73A,Ley / Grass,2.0899999141693115,0.821,0.571,,8.3,15,0.61,29.3,Low
LPIS-61723952171_5A,Ley / Grass,2.0899999141693115,0.668,0.467,,7.8,70,0.42,28.4,Low
LPIS-61683988632_27A,Fallow,2.0899999141693115,0.763,0.495,,16.2,40,0.67,25.2,Low
LPIS-61564035447_11A,Ley / Grass,2.0899999141693115,0.747,0.492,,15.2,40,0.64,24.6,Low
LPIS-61733952249_54A,Ley / Grass,2.0899999141693115,0.62,0.409,,20.2,40,0.71,18.4,Low
LPIS-61693947454_4A,Unknown,2.0899999141693115,0.667,0.43,,13.9,40,0.6,17.5,Low
LPIS-61723941686_28A,Winter Wheat,2.0899999141693115,0.549,0.411,,14.2,40,0.7,18.8,Low
LPIS-61504016188_30A,Ley / Grass,2.0899999141693115,0.569,0.372,,22.3,15,0.75,9.5,Low
LPIS-61753936597_4A,Ley / Grass,2.0899999141693115,0.686,0.454,,10.8,15,0.58,8.4,Low
LPIS-61703944780_19A,Spring Barley,2.0799999237060547,0.687,0.498,,18.4,40,0.8,18.9,Low
LPIS-61653993599_53A,Ley / Grass,2.0799999237060547,0.673,0.432,,16.5,40,0.54,17.8,Low
LPIS-61574082506_48A,Ley / Grass,2.0799999237060547,0.823,0.549,,6.8,40,0.67,38.2,Moderate
LPIS-61514010747_7A,Ley / Grass,2.0799999237060547,0.719,0.495,,20.1,15,0.48,11.3,Low
LPIS-61684017052_131A,Ley / Grass,2.0799999237060547,0.594,0.379,,16,40,0.78,17.6,Low
LPIS-61523990876_2A,Ley / Grass,2.0799999237060547,0.759,0.529,,10.9,70,0.4,37.7,Moderate
LPIS-61463998735_33A,Winter Wheat,2.0799999237060547,0.743,0.574,,22.2,15,0.55,10.9,Low
LPIS-61503940975_11A,Winter Wheat,2.0799999237060547,0.74,0.503,,16.6,15,0.72,9.2,Low
LPIS-61533993192_19A,Ley / Grass,2.0799999237060547,0.728,0.487,,14.8,40,0.76,21.2,Low
LPIS-61574036954_2A,Sugar Beet,2.069999933242798,0.765,0.537,,20.3,40,0.53,18.8,Low
LPIS-61534036487_32A,Ley / Grass,2.069999933242798,0.627,0.415,,14.6,15,0.55,8.8,Low
LPIS-61584061682_165A,Spring Barley,2.069999933242798,0.566,0.374,,28.4,40,0.5,19.2,Low
LPIS-61473985412_4A,Rapeseed,2.069999933242798,0.797,0.611,,20.6,15,0.45,17.9,Low
LPIS-61703943776_3A,Ley / Grass,2.059999942779541,0.645,0.412,,10.1,40,0.76,17.1,Low
LPIS-61763947862_5A,Rapeseed,2.059999942779541,0.784,0.578,,7.2,15,0.91,13.8,Low
LPIS-61693975851_30A,Ley / Grass,2.059999942779541,0.778,0.51,,10.3,40,0.79,29.9,Low
LPIS-61614030254_20A,Ley / Grass,2.059999942779541,0.824,0.582,,11.4,40,0.72,39.2,Moderate
LPIS-61624033549_4A,Ley / Grass,2.059999942779541,0.71,0.44,,11.7,40,0.63,17,Low
LPIS-61733951527_1A,Ley / Grass,2.059999942779541,0.601,0.379,,23.7,40,0.69,18.3,Low
LPIS-61564066341_19A,Spring Barley,2.059999942779541,0.653,0.508,,18.9,40,0.54,19.6,Low
LPIS-61773934390_95A,Winter Wheat,2.059999942779541,0.612,0.443,,10.8,15,0.69,9.2,Low
LPIS-61613978391_71A,Ley / Grass,2.059999942779541,0.461,0.29,,69,40,0.62,22.8,Low
LPIS-61533993280_20A,Ley / Grass,2.049999952316284,0.72,0.476,,11.9,40,0.77,19.3,Low
LPIS-61604040186_170A,Ley / Grass,2.049999952316284,0.8,0.543,,13.8,70,0.24,45.5,Moderate
LPIS-61564058439_34A,Winter Wheat,2.049999952316284,0.765,0.606,,9.7,15,0.56,9.9,Low
LPIS-61703971303_9A,Spring Barley,2.049999952316284,0.618,0.386,,19.7,40,0.67,17.9,Low
LPIS-61523954876_12A,Fallow,2.049999952316284,0.84,0.637,,11.6,40,0.65,40,Moderate
LPIS-61533910788_4C,Winter Wheat,2.049999952316284,0.695,0.52,,44.5,15,0.64,12.8,Low
LPIS-61494028203_46A,Winter Wheat,2.049999952316284,0.561,0.408,,30.2,15,0.55,11.1,Low
LPIS-61663959788_1F,Spring Barley,2.049999952316284,0.79,0.596,,10.8,40,0.62,21.2,Low
LPIS-61524010374_1A,Ley / Grass,2.049999952316284,0.818,0.548,,11.2,15,0.56,28.7,Low
LPIS-61674033018_113A,Unknown,2.049999952316284,0.307,0.21,,74.2,15,0.65,15,Low
LPIS-61653976585_7A,Ley / Grass,2.049999952316284,0.843,0.59,,5.9,15,0.66,33,Moderate
LPIS-61493990507_1A,Sugar Beet,2.049999952316284,0.838,0.633,,15.7,15,0.7,25.4,Low
LPIS-61674027311_1B,Ley / Grass,2.049999952316284,0.635,0.404,,23.4,40,0.66,18.4,Low
LPIS-61523994386_123A,Sugar Beet,2.049999952316284,0.741,0.585,,13.1,40,0.84,19.2,Low
LPIS-61604056192_175A,Spring Barley,2.049999952316284,0.846,0.661,,9,15,0.66,23.5,Low
LPIS-61693948701_19A,Ley / Grass,2.0399999618530273,0.643,0.387,,14.4,40,0.44,17.1,Low
LPIS-61674013646_6A,Spring Barley,2.0399999618530273,0.717,0.468,,24.1,40,0.65,18.6,Low
LPIS-61584006509_23A,Winter Wheat,2.0399999618530273,0.728,0.583,,13.8,15,0.73,10.4,Low
LPIS-61533987668_142A,Winter Wheat,2.0399999618530273,0.851,0.68,,10.2,15,0.73,25.1,Low
LPIS-61624035345_15A,Ley / Grass,2.0399999618530273,0.716,0.462,,8.1,40,0.86,18.1,Low
LPIS-61564010187_10A,Winter Wheat,2.0399999618530273,0.8,0.556,,9.2,15,0.61,12.3,Low
LPIS-61724007795_4A,Rapeseed,2.0299999713897705,0.752,0.557,,10.8,70,0.73,29.2,Low
LPIS-61793971834_204A,Ley / Grass,2.0299999713897705,0.653,0.43,,25,70,0.36,29.6,Low
LPIS-61663971411_4A,Ley / Grass,2.0299999713897705,0.765,0.51,,8.5,70,0.42,38.3,Moderate
LPIS-61603996914_250A,Winter Wheat,2.0299999713897705,0.811,0.635,,16.3,40,0.59,25.6,Low
LPIS-61634053460_1A,Unknown,2.0299999713897705,0.658,0.412,,20.7,40,0.51,18,Low
LPIS-61514039350_3A,Fallow,2.0299999713897705,0.81,0.62,,7.2,40,0.67,34.3,Moderate
LPIS-61733976643_37A,Spring Barley,2.0299999713897705,0.7,0.429,,22.9,70,0.65,28.8,Low
LPIS-61584062812_168A,Rapeseed,2.0299999713897705,0.811,0.645,,10,15,0.65,19.7,Low
LPIS-61773963413_28A,Sugar Beet,2.0299999713897705,0.698,0.487,,25.1,40,0.67,19.3,Low
LPIS-61574036890_1A,Ley / Grass,2.0299999713897705,0.528,0.332,,37.4,40,0.65,19.7,Low
LPIS-61614053174_142A,Ley / Grass,2.0299999713897705,0.764,0.518,,19.4,40,0.59,28.5,Low
LPIS-61514010221_34A,Unknown,2.0299999713897705,0.63,0.429,,15.4,15,0.43,9.1,Low
LPIS-61524044755_2A,Ley / Grass,2.0199999809265137,0.716,0.496,,6.6,15,0.66,9.4,Low
LPIS-61563980984_2E,Oats,2.0199999809265137,0.773,0.622,,7.6,5,0.36,12.8,Low
LPIS-61673943807_13A,Ley / Grass,2.0199999809265137,0.83,0.552,,6,40,0.76,39.3,Moderate
LPIS-61703987505_6A,Ley / Grass,2.0199999809265137,0.811,0.527,,8,70,0.56,46.5,Moderate
LPIS-61703934819_81A,Ley / Grass,2.0199999809265137,0.687,0.523,,6.4,40,0.51,18.2,Low
LPIS-61734015444_4A,Unknown,2.0199999809265137,0.657,0.444,,18.1,40,0.67,18.3,Low
LPIS-61554052578_3D,Winter Wheat,2.0199999809265137,0.833,0.634,,10.4,15,0.72,20.5,Low
LPIS-61694027556_73A,Ley / Grass,2.009999990463257,0.865,0.596,,7.6,70,0.8,68.5,High
LPIS-61484026132_36A,Fallow,2.009999990463257,0.654,0.442,,15.1,15,0.31,9,Low
LPIS-61623969398_15A,Fallow,2.009999990463257,0.735,0.484,,18.6,40,0.33,20.5,Low
LPIS-61583987394_23C,Ley / Grass,2.009999990463257,0.724,0.507,,18.5,15,0.38,12.2,Low
LPIS-61503958374_36A,Fallow,2.009999990463257,0.804,0.54,,9.2,15,0.51,23.3,Low
LPIS-61593970379_9B,Fallow,2.009999990463257,0.62,0.392,,27.6,15,0.45,9.7,Low
LPIS-61604067558_41A,Spring Barley,2.009999990463257,0.851,0.621,,9.5,40,0.73,32.9,Moderate
LPIS-61534014676_17A,Ley / Grass,2.009999990463257,0.631,0.397,,8.5,15,0.64,7.8,Low
LPIS-61524054623_15A,Fallow,2.009999990463257,0.456,0.311,,53.7,15,0.55,12.9,Low
LPIS-61624049724_19A,Ley / Grass,2.009999990463257,0.714,0.491,,15.1,40,0.8,18.8,Low
LPIS-61524011435_7B,Fallow,2,0.779,0.55,,8.1,15,0.49,19,Low
LPIS-61653999477_76A,Ley / Grass,2,0.67,0.446,,15.6,70,0.53,28.7,Low
LPIS-61674035877_117A,Unknown,2,0.684,0.446,,12.3,40,0.65,17.5,Low
LPIS-61753985090_10A,Ley / Grass,2,0.765,0.472,,12.7,40,0.62,27.3,Low
LPIS-61604042757_5E,Winter Wheat,2,0.597,0.409,,28.8,40,0.35,19.5,Low
LPIS-61513989408_17A,Unknown,2,0.789,0.532,,7.7,15,0.88,29.9,Low
LPIS-61703979696_5A,Ley / Grass,2,0.783,0.509,,6,40,0.67,30.3,Moderate
LPIS-61753920586_211A,Unknown,2,0.551,0.367,,19,40,0.54,18.3,Low
LPIS-61624034419_137A,Rapeseed,2,0.587,0.385,,25.2,15,0.7,9.8,Low
LPIS-61713937311_10A,Oats,2,0.397,0.262,,65.3,40,0.78,22.8,Low
LPIS-61614037420_55A,Fallow,1.9900000095367432,0.825,0.584,,9.7,40,0.58,36.6,Moderate
LPIS-61763963955_2A,Ley / Grass,1.9900000095367432,0.75,0.509,,10.3,40,0.48,25,Low
LPIS-61723981218_95A,Ley / Grass,1.9900000095367432,0.678,0.448,,10.2,15,0.77,8.3,Low
LPIS-61713930179_18A,Winter Wheat,1.9900000095367432,0.802,0.608,,9.9,40,0.53,22.5,Low
LPIS-61633991771_84A,Ley / Grass,1.9900000095367432,0.771,0.512,,21.6,40,0.62,29.9,Low
LPIS-61583989356_10A,Ley / Grass,1.9900000095367432,0.746,0.52,,14.8,15,0.51,15.8,Low
LPIS-61593996865_4A,Ley / Grass,1.9900000095367432,0.655,0.434,,13.5,15,0.53,8.7,Low
LPIS-61743986206_34A,Spring Barley,1.9900000095367432,0.847,0.623,,6.4,40,0.36,31.9,Moderate
LPIS-61493942242_5D,Fallow,1.9900000095367432,0.575,0.395,,6.4,15,0.23,8.3,Low
LPIS-61584052665_55A,Ley / Grass,1.9900000095367432,0.732,0.576,,32.5,15,0.7,16.1,Low
LPIS-61614031443_41A,Ley / Grass,1.9900000095367432,0.774,0.511,,12.4,70,0.55,40.2,Moderate
LPIS-61663996194_52A,Winter Wheat,1.9900000095367432,0.821,0.592,,5.9,70,0.68,36.7,Moderate
LPIS-61474029026_4A,Ley / Grass,1.9900000095367432,0.721,0.51,,17.5,15,0.64,11.7,Low
LPIS-61594054027_40A,Ley / Grass,1.9900000095367432,0.686,0.44,,17.5,40,0.65,17.8,Low
LPIS-61663992437_88A,Ley / Grass,1.9900000095367432,0.781,0.513,,15.3,40,0.35,31,Moderate
LPIS-61594030681_52A,Rapeseed,1.9900000095367432,0.514,0.346,,39.8,40,0.8,20.5,Low
LPIS-61733963095_2B,Ley / Grass,1.9900000095367432,0.599,0.387,,37.5,40,0.69,19.9,Low
LPIS-61634002865_9A,Fallow,1.9800000190734863,0.665,0.451,,17.1,40,0.56,18.3,Low
LPIS-61753964093_21A,Winter Wheat,1.9800000190734863,0.826,0.634,,6.7,40,0.56,27.7,Low
LPIS-61674027311_1A,Ley / Grass,1.9800000190734863,0.676,0.433,,17.8,40,0.39,17.9,Low
LPIS-61614050451_176A,Ley / Grass,1.9800000190734863,0.787,0.517,,7.7,40,0.64,31.4,Moderate
LPIS-61713921341_12A,Ley / Grass,1.9800000190734863,0.58,0.352,,21,40,0.75,17.8,Low
LPIS-61733995999_1A,Ley / Grass,1.9800000190734863,0.681,0.437,,15.2,40,0.6,17.6,Low
LPIS-61613965562_29A,Ley / Grass,1.9800000190734863,0.714,0.467,,13.6,15,0.52,9.3,Low
LPIS-61733989589_3A,Ley / Grass,1.9700000286102295,0.774,0.493,,9.5,40,0.71,28.9,Low
LPIS-61724022148_32A,Unknown,1.9700000286102295,0.619,0.42,,17.3,40,0.76,18.3,Low
LPIS-61663964586_25A,Ley / Grass,1.9700000286102295,0.758,0.53,,16,40,0.67,27.3,Low
LPIS-61743971028_41A,Spring Barley,1.9700000286102295,0.872,0.639,,4.1,70,0.88,47.4,Moderate
LPIS-61654001692_10A,Ley / Grass,1.9700000286102295,0.582,0.369,,25,70,0.47,29.3,Low
LPIS-61713924083_1A,Ley / Grass,1.9700000286102295,0.653,0.418,,20.3,40,0.48,18.1,Low
LPIS-61613994323_23A,Rapeseed,1.9700000286102295,0.713,0.492,,23,15,0.54,10,Low
LPIS-61494027277_57A,Unknown,1.9600000381469727,0.392,0.257,,56.4,15,0.48,12.9,Low
LPIS-61604025414_15A,Ley / Grass,1.9600000381469727,0.653,0.439,,21.7,15,0.57,9.6,Low
LPIS-61593974026_53A,Spring Barley,1.9600000381469727,0.786,0.586,,10.8,15,0.4,11.3,Low
LPIS-61743955962_167A,Sugar Beet,1.9600000381469727,0.855,0.612,,8.7,15,0.69,29,Low
LPIS-61463991796_39A,Spring Barley,1.9600000381469727,0.625,0.465,,8.9,15,0.43,9.2,Low
LPIS-61473956704_110A,Winter Wheat,1.9600000381469727,0.685,0.528,,10.8,40,0.65,18.7,Low
LPIS-61614046494_2A,Ley / Grass,1.9600000381469727,0.658,0.424,,18.4,40,0.7,18,Low
LPIS-61693995768_42A,Ley / Grass,1.9600000381469727,0.712,0.469,,10.8,40,0.3,17.7,Low
LPIS-61733953576_63A,Ley / Grass,1.9500000476837158,0.74,0.453,,12.3,70,0.67,33.3,Moderate
LPIS-61493989099_112A,Spring Barley,1.9500000476837158,0.798,0.563,,14.3,15,0.6,13.6,Low
LPIS-61573955934_4D,Fallow,1.9500000476837158,0.822,0.592,,5.9,15,0.17,26.8,Low
LPIS-61604010631_4A,Winter Wheat,1.9500000476837158,0.753,0.555,,14.5,40,0.72,18.7,Low
LPIS-61603995881_2B,Fallow,1.9500000476837158,0.839,0.633,,8.1,15,0.85,30.4,Moderate
LPIS-61624030701_64A,Ley / Grass,1.9500000476837158,0.737,0.504,,20.3,15,0.65,14.6,Low
LPIS-61574064532_114A,Winter Wheat,1.9500000476837158,0.79,0.639,,23.2,15,0.79,12.9,Low
LPIS-61723934331_4A,Ley / Grass,1.9500000476837158,0.772,0.486,,7.5,40,0.65,28.2,Low
LPIS-61684010795_61A,Spring Barley,1.9500000476837158,0.714,0.473,,13.3,40,0.62,17.7,Low
LPIS-61713943860_5A,Ley / Grass,1.9500000476837158,0.495,0.315,,7.9,40,0.85,16.8,Low
LPIS-61693972741_15A,Ley / Grass,1.9500000476837158,0.769,0.497,,9.1,40,0.62,28.1,Low
LPIS-61594029152_4A,Ley / Grass,1.9500000476837158,0.714,0.489,,11.5,15,0.74,9.4,Low
LPIS-61654017322_22A,Ley / Grass,1.9500000476837158,0.573,0.364,,35.3,70,0.71,30.3,Moderate
LPIS-61703921352_24A,Ley / Grass,1.940000057220459,0.661,0.418,,8.4,40,0.81,16.8,Low
LPIS-61743960147_11A,Ley / Grass,1.940000057220459,0.861,0.587,,7.1,40,0.65,45.4,Moderate
LPIS-61534030409_21B,Rapeseed,1.940000057220459,0.668,0.463,,14.3,70,0.63,28.9,Low
LPIS-61693945705_1A,Ley / Grass,1.940000057220459,0.646,0.426,,14.3,40,0.66,17.7,Low
LPIS-61723942246_2A,Spring Barley,1.940000057220459,0.664,0.413,,13.8,40,0.63,17.3,Low
LPIS-61663973062_121A,Ley / Grass,1.940000057220459,0.799,0.553,,9.7,40,0.47,34.3,Moderate
LPIS-61663992606_91A,Ley / Grass,1.940000057220459,0.656,0.42,,22.3,40,0.64,18.3,Low
LPIS-61714017949_4A,Unknown,1.940000057220459,0.67,0.429,,11.2,15,0.89,8.2,Low
LPIS-61793974308_203A,Ley / Grass,1.940000057220459,0.506,0.333,,46.8,70,0.72,31.8,Moderate
LPIS-61624031642_68A,Fallow,1.940000057220459,0.669,0.445,,18.9,40,0.71,18.3,Low
LPIS-61714028210_22A,Winter Wheat,1.940000057220459,0.758,0.568,,9,40,0.88,18.3,Low
LPIS-61503981391_14A,Rapeseed,1.940000057220459,0.813,0.628,,8,15,0.59,19.6,Low
LPIS-61773969569_3A,Ley / Grass,1.9299999475479126,0.7,0.468,,11.6,70,0.63,28.4,Low
LPIS-61763945675_74A,Ley / Grass,1.9299999475479126,0.736,0.501,,17.2,40,0.65,23.2,Low
LPIS-61574082930_49A,Ley / Grass,1.9299999475479126,0.811,0.535,,9.2,40,0.62,35.9,Moderate
LPIS-61474029011_15A,Rapeseed,1.9299999475479126,0.772,0.555,,22.4,15,0.38,12.8,Low
LPIS-61564023062_22A,Ley / Grass,1.9299999475479126,0.753,0.502,,8.2,40,0.41,25.2,Low
LPIS-61684005722_119A,Ley / Grass,1.9299999475479126,0.78,0.529,,8.1,40,0.92,30.4,Moderate
LPIS-61624035667_14A,Ley / Grass,1.9299999475479126,0.775,0.53,,10.8,40,0.58,29.7,Low
LPIS-61564036430_10A,Ley / Grass,1.9199999570846558,0.682,0.465,,10.7,40,0.67,17.7,Low
LPIS-61524024742_9A,Ley / Grass,1.9199999570846558,0.744,0.487,,16.6,15,0.57,15.3,Low
LPIS-61643993103_36A,Ley / Grass,1.9199999570846558,0.71,0.441,,8.2,40,0.67,16.7,Low
LPIS-61624036894_13A,Ley / Grass,1.9199999570846558,0.682,0.452,,17.8,40,0.7,18.1,Low
LPIS-61534036979_33A,Ley / Grass,1.9199999570846558,0.619,0.399,,19.5,15,0.46,9.1,Low
LPIS-61733945732_22A,Ley / Grass,1.9199999570846558,0.748,0.497,,6.6,70,0.66,34.8,Moderate
LPIS-61523960265_19A,Winter Wheat,1.9199999570846558,0.897,0.706,,3.1,15,0.92,41.2,Moderate
LPIS-61693966489_29A,Spring Barley,1.9199999570846558,0.634,0.409,,21.8,40,0.57,18.3,Low
LPIS-61574047450_4B,Ley / Grass,1.909999966621399,0.832,0.62,,13.2,15,0.63,32.3,Moderate
LPIS-61763960462_150A,Fallow,1.909999966621399,0.803,0.545,,7.8,70,0.55,42.8,Moderate
LPIS-61663956597_2A,Ley / Grass,1.909999966621399,0.595,0.382,,33,40,0.6,19.4,Low
LPIS-61733978332_22A,Ley / Grass,1.909999966621399,0.827,0.56,,17.8,70,0.61,50.9,Moderate
LPIS-61724012525_1B,Unknown,1.909999966621399,0.791,0.538,,10.9,15,0.72,30.8,Moderate
LPIS-61504027609_20A,Winter Wheat,1.909999966621399,0.504,0.308,,17.1,15,0.8,8.5,Low
LPIS-61574012266_61A,Winter Wheat,1.909999966621399,0.731,0.6,,35.3,15,0.5,12.8,Low
LPIS-61594037098_2A,Winter Wheat,1.909999966621399,0.489,0.331,,35.1,40,0.77,20,Low
LPIS-61604024526_8A,Fallow,1.909999966621399,0.651,0.436,,29,15,0.6,10.3,Low
LPIS-61574001083_65A,Winter Wheat,1.909999966621399,0.806,0.537,,11.7,15,0.7,13.5,Low
LPIS-61833981217_93A,Oats,1.899999976158142,0.708,0.461,,11.4,40,0.64,17.4,Low
LPIS-61743953253_67A,Ley / Grass,1.899999976158142,0.802,0.524,,8.4,15,0.51,25.2,Low
LPIS-61714019930_3A,Ley / Grass,1.899999976158142,0.571,0.363,,13.9,15,0.81,8.4,Low
LPIS-61574024109_57A,Rapeseed,1.899999976158142,0.599,0.403,,18.3,15,0.87,9.3,Low
LPIS-61723998435_15A,Spring Wheat,1.899999976158142,0.688,0.529,,23,15,0.67,10.9,Low
LPIS-61583981251_32A,Spring Barley,1.899999976158142,0.688,0.513,,27,15,0.57,11,Low
LPIS-61583984850_55A,Winter Wheat,1.899999976158142,0.773,0.572,,12.8,5,0.56,6,Low
LPIS-61624054054_25A,Ley / Grass,1.899999976158142,0.668,0.433,,20.6,40,0.48,18.2,Low
LPIS-61624018739_47A,Ley / Grass,1.899999976158142,0.79,0.518,,9.7,40,0.69,32.2,Moderate
LPIS-61504024460_3A,Sugar Beet,1.8899999856948853,0.395,0.262,,47.6,15,0.58,12.1,Low
LPIS-61614009394_35A,Ley / Grass,1.8899999856948853,0.818,0.575,,6.2,15,0.82,28.5,Low
LPIS-61733929766_1A,Ley / Grass,1.8899999856948853,0.764,0.498,,9.3,40,0.77,27.3,Low
LPIS-61674033435_110B,Unknown,1.8899999856948853,0.604,0.401,,39.3,40,0.68,20.3,Low
LPIS-61703924166_1B,Ley / Grass,1.8899999856948853,0.618,0.396,,22.3,15,0.53,9.3,Low
LPIS-61554063014_10A,Ley / Grass,1.8799999952316284,0.709,0.49,,10.3,40,0.61,17.7,Low
LPIS-61654000473_51A,Ley / Grass,1.8799999952316284,0.733,0.507,,8.8,40,0.42,21.9,Low
LPIS-61714007483_1C,Rapeseed,1.8799999952316284,0.763,0.559,,26,40,0.67,20.7,Low
LPIS-61584038678_11A,Ley / Grass,1.8799999952316284,0.726,0.47,,13.5,40,0.65,20.5,Low
LPIS-61693979852_3A,Ley / Grass,1.8799999952316284,0.777,0.541,,16.9,40,0.7,30.9,Moderate
LPIS-61683954375_21A,Ley / Grass,1.8799999952316284,0.639,0.403,,9.4,15,0.59,7.9,Low
LPIS-61654012311_8A,Ley / Grass,1.8799999952316284,0.676,0.429,,14.4,40,0.48,17.5,Low
LPIS-61743970144_40A,Spring Barley,1.8700000047683716,0.874,0.644,,4.5,70,0.59,47.9,Moderate
LPIS-61714004465_3A,Ley / Grass,1.8700000047683716,0.836,0.564,,6.9,70,0.65,51.4,Moderate
LPIS-61773947107_63A,Maize,1.8700000047683716,0.766,0.57,,17.9,40,0.63,32.4,Moderate
LPIS-61684001644_15A,Ley / Grass,1.8700000047683716,0.761,0.498,,12.7,40,0.71,27,Low
LPIS-61624016172_2A,Ley / Grass,1.8700000047683716,0.771,0.517,,7.9,40,0.58,28.6,Low
LPIS-61714012114_77A,Ley / Grass,1.8700000047683716,0.601,0.36,,25.5,15,0.97,9.1,Low
LPIS-61603998929_260A,Winter Wheat,1.8700000047683716,0.784,0.608,,21.6,40,0.59,20,Low
LPIS-61693970461_11A,Ley / Grass,1.8700000047683716,0.782,0.508,,13.1,40,0.48,30.8,Moderate
LPIS-61574081643_141A,Ley / Grass,1.8700000047683716,0.661,0.426,,40,40,0.45,20.1,Low
LPIS-61524044278_2A,Rapeseed,1.8700000047683716,0.68,0.524,,11.9,15,0.53,9.8,Low
LPIS-61743958407_44A,Ley / Grass,1.8700000047683716,0.891,0.624,,2,70,0.56,73.7,High
LPIS-61574079327_102A,Spring Barley,1.8700000047683716,0.499,0.321,,26.1,15,0.31,9.7,Low
LPIS-61693997043_46A,Ley / Grass,1.8700000047683716,0.564,0.337,,23,40,0.65,17.9,Low
LPIS-61614037245_74A,Spring Barley,1.8700000047683716,0.782,0.538,,9.9,15,0.73,9.8,Low
LPIS-61594000836_11A,Rapeseed,1.8600000143051147,0.692,0.472,,15.7,15,0.82,9.2,Low
LPIS-61624054087_21A,Fallow,1.8600000143051147,0.709,0.483,,7.2,40,0.7,17.3,Low
LPIS-61504021339_24A,Rapeseed,1.8600000143051147,0.642,0.44,,19.7,15,0.71,9.6,Low
LPIS-61603984853_31A,Spring Barley,1.8600000143051147,0.766,0.603,,25.3,15,0.25,11.4,Low
LPIS-61663991767_74A,Ley / Grass,1.8600000143051147,0.541,0.337,,15.6,40,0.56,17.4,Low
LPIS-61524068113_4A,Ley / Grass,1.8600000143051147,0.689,0.447,,10.5,40,0.65,17.2,Low
LPIS-61654008551_12A,Ley / Grass,1.8600000143051147,0.614,0.387,,26.3,40,0.77,18.6,Low
LPIS-61634060376_5A,Ley / Grass,1.8600000143051147,0.705,0.469,,17.4,40,0.56,18.1,Low
LPIS-61504026931_1A,Ley / Grass,1.8600000143051147,0.495,0.318,,26.2,15,0.59,9.7,Low
LPIS-61674017722_27A,Ley / Grass,1.8600000143051147,0.813,0.554,,9.5,70,0.52,47.6,Moderate
LPIS-61624050754_55A,Ley / Grass,1.8600000143051147,0.75,0.49,,8.5,40,0.75,24.4,Low
LPIS-61503982097_47A,Rapeseed,1.8600000143051147,0.776,0.6,,21.9,40,0.45,23.1,Low
LPIS-61674033435_110A,Unknown,1.850000023841858,0.648,0.421,,15.5,15,0.6,8.7,Low
LPIS-61664020579_2A,Ley / Grass,1.850000023841858,0.83,0.582,,9.1,70,0.43,50.8,Moderate
LPIS-61663993422_89A,Ley / Grass,1.850000023841858,0.646,0.419,,26.9,40,0.63,18.9,Low
LPIS-61513997252_5A,Fallow,1.850000023841858,0.817,0.541,,12.5,40,0.51,34.7,Moderate
LPIS-61584026847_14A,Fallow,1.850000023841858,0.837,0.695,,7.1,15,0.55,31,Moderate
LPIS-61714019458_2A,Ley / Grass,1.850000023841858,0.769,0.51,,8.3,40,0.84,28.2,Low
LPIS-61514008866_6A,Winter Barley,1.850000023841858,0.653,0.452,,18.1,40,0.3,18.5,Low
LPIS-61604045300_74A,Ley / Grass,1.850000023841858,0.787,0.538,,17.9,40,0.59,32.8,Moderate
LPIS-61743979066_16A,Winter Wheat,1.850000023841858,0.835,0.58,,10.6,70,0.73,40.1,Moderate
LPIS-61513957282_62G,Winter Wheat,1.840000033378601,0.898,0.702,,4.1,15,0.53,41.7,Moderate
LPIS-61614018831_6A,Winter Wheat,1.840000033378601,0.835,0.645,,10.2,40,0.47,30.1,Moderate
LPIS-61614016814_5A,Winter Wheat,1.840000033378601,0.754,0.558,,17.1,15,0.57,10,Low
LPIS-61493988285_3C,Fallow,1.840000033378601,0.665,0.427,,20.7,15,0.57,9.2,Low
LPIS-61704003766_51A,Fallow,1.840000033378601,0.694,0.522,,11.1,40,0.72,18.5,Low
LPIS-61704013562_1A,Unknown,1.840000033378601,0.599,0.361,,18.5,15,0.62,8.5,Low
LPIS-61623988231_217A,Ley / Grass,1.840000033378601,0.789,0.515,,12.1,15,0.38,23.1,Low
LPIS-61634035626_58A,Ley / Grass,1.840000033378601,0.751,0.48,,11.7,40,0.52,24.8,Low
LPIS-61674013306_5B,Ley / Grass,1.840000033378601,0.69,0.431,,15.2,40,0.71,17.4,Low
LPIS-61583987394_23B,Ley / Grass,1.840000033378601,0.741,0.521,,16,15,0.38,15.3,Low
LPIS-61714039914_88A,Ley / Grass,1.8300000429153442,0.654,0.437,,9.1,70,0.3,28.1,Low
LPIS-61594045502_1A,Winter Wheat,1.8300000429153442,0.579,0.401,,18.7,40,0.6,18.6,Low
LPIS-61783961980_2A,Ley / Grass,1.8300000429153442,0.689,0.477,,11.4,40,0.64,17.9,Low
LPIS-61533967243_2B,Spring Barley,1.8300000429153442,0.774,0.582,,25.2,15,0.73,11,Low
LPIS-61673959566_2A,Ley / Grass,1.8300000429153442,0.7,0.483,,16.6,40,0.73,18.3,Low
LPIS-61564030898_131B,Fallow,1.8300000429153442,0.703,0.407,,16.2,15,0.65,8,Low
LPIS-61703936691_7A,Ley / Grass,1.8300000429153442,0.567,0.358,,19.2,40,0.48,17.9,Low
LPIS-61724010358_1A,Ley / Grass,1.8300000429153442,0.768,0.502,,9.2,40,0.81,28,Low
LPIS-61633980681_213A,Ley / Grass,1.8300000429153442,0.435,0.286,,65.9,15,0.57,13.9,Low
LPIS-61663997450_62A,Ley / Grass,1.8300000429153442,0.732,0.464,,14.6,40,0.63,21.5,Low
LPIS-61604014898_7A,Rapeseed,1.8300000429153442,0.815,0.613,,13.6,15,0.36,20.3,Low
LPIS-61524056985_33A,Winter Wheat,1.8200000524520874,0.676,0.46,,28.6,40,0.52,19.4,Low
LPIS-61513957282_62B,Fallow,1.8200000524520874,0.788,0.609,,24.7,15,0.56,23.1,Low
LPIS-61693998444_20A,Unknown,1.8200000524520874,0.677,0.445,,8.6,40,0.67,17.1,Low
LPIS-61743995346_22A,Unknown,1.8200000524520874,0.709,0.462,,13.7,40,0.61,22.5,Low
LPIS-61513979599_18A,Unknown,1.8200000524520874,0.792,0.539,,10,15,0.79,30.9,Moderate
LPIS-61633987968_88A,Ley / Grass,1.8200000524520874,0.678,0.431,,21.1,40,0.64,18.1,Low
LPIS-61723964432_112A,Unknown,1.8200000524520874,0.692,0.456,,6.8,70,0.59,29.2,Low
LPIS-61763931988_34A,Ley / Grass,1.8200000524520874,0.644,0.427,,12.8,40,0.62,17.6,Low
LPIS-61663951268_8A,Ley / Grass,1.8200000524520874,0.781,0.527,,7.8,40,0.6,30.5,Moderate
LPIS-61513912412_14A,Spring Barley,1.8200000524520874,0.788,0.618,,18.7,15,0.72,13,Low
LPIS-61703996014_58A,Ley / Grass,1.8200000524520874,0.73,0.461,,6.8,40,0.86,20.3,Low
LPIS-61674033255_114A,Unknown,1.8200000524520874,0.613,0.409,,16.7,15,0.71,9.1,Low
LPIS-61604055963_126A,Ley / Grass,1.809999942779541,0.632,0.425,,30.4,40,0.77,19.5,Low
LPIS-61574084936_115A,Ley / Grass,1.809999942779541,0.79,0.51,,11.5,40,0.52,32.1,Moderate
LPIS-61473944799_36A,Winter Barley,1.809999942779541,0.668,0.512,,14.3,15,0.48,10,Low
LPIS-61663966492_18A,Ley / Grass,1.809999942779541,0.672,0.462,,12.1,40,0.59,17.9,Low
LPIS-61684015607_4A,Winter Wheat,1.809999942779541,0.635,0.466,,29.7,40,0.69,20.2,Low
LPIS-61664027192_2A,Ley / Grass,1.809999942779541,0.554,0.362,,20.4,40,0.62,18.3,Low
LPIS-61694023545_136A,Spring Barley,1.809999942779541,0.838,0.598,,4,70,0.86,40.4,Moderate
LPIS-61703935845_5A,Ley / Grass,1.809999942779541,0.576,0.377,,12.8,15,0.72,8.5,Low
LPIS-61743940909_42A,Ley / Grass,1.7999999523162842,0.784,0.5,,7,40,0.69,30.5,Moderate
LPIS-61713969125_20A,Ley / Grass,1.7999999523162842,0.607,0.409,,5.4,40,0.42,17,Low
LPIS-61714004284_2A,Spring Barley,1.7999999523162842,0.815,0.619,,10.7,40,0.79,26.3,Low
LPIS-61664028403_3A,Ley / Grass,1.7999999523162842,0.732,0.468,,9.7,70,0.65,32,Moderate
LPIS-61623952262_1A,Ley / Grass,1.7999999523162842,0.636,0.411,,8.1,40,0.54,17,Low
LPIS-61564047523_165A,Ley / Grass,1.7999999523162842,0.704,0.448,,12.2,15,0.76,8.2,Low
LPIS-61704029664_9A,Ley / Grass,1.7999999523162842,0.679,0.464,,14.8,70,0.82,28.9,Low
LPIS-61713979217_94A,Ley / Grass,1.7999999523162842,0.691,0.457,,19.2,70,0.46,29.1,Low
LPIS-61634048609_1A,Ley / Grass,1.7999999523162842,0.789,0.538,,12.5,40,0.6,32.5,Moderate
LPIS-61684007935_2A,Unknown,1.7999999523162842,0.726,0.484,,12.9,70,0.94,37,Moderate
LPIS-61733957389_14A,Ley / Grass,1.7999999523162842,0.587,0.377,,26.2,40,0.67,18.7,Low
LPIS-61624051988_23A,Ley / Grass,1.7899999618530273,0.704,0.486,,7.6,40,0.75,17.4,Low
LPIS-61714003529_16A,Ley / Grass,1.7899999618530273,0.803,0.549,,7.4,95,0.47,54.4,Moderate
LPIS-61713960904_2A,Ley / Grass,1.7899999618530273,0.705,0.478,,7.2,40,0.6,17.3,Low
LPIS-61624034604_136A,Rapeseed,1.7899999618530273,0.626,0.415,,32.8,40,0.78,19.6,Low
LPIS-61703922901_16A,Ley / Grass,1.7899999618530273,0.637,0.393,,11.5,40,0.75,17,Low
LPIS-61614052226_58A,Ley / Grass,1.7899999618530273,0.788,0.52,,11.4,15,0.57,22.9,Low
LPIS-61614048218_8A,Ley / Grass,1.7899999618530273,0.767,0.546,,31.4,40,0.45,30.7,Moderate
LPIS-61513985412_12A,Rapeseed,1.7799999713897705,0.872,0.711,,9.3,15,0.83,31.2,Moderate
LPIS-61773940495_30A,Ley / Grass,1.7799999713897705,0.771,0.511,,14.6,40,0.65,29.2,Low
LPIS-61753972851_3A,Winter Wheat,1.7799999713897705,0.82,0.601,,18.6,40,0.71,27.1,Low
LPIS-61583977192_39A,Rapeseed,1.7799999713897705,0.79,0.57,,17.6,15,0.64,15.6,Low
LPIS-61723943253_1A,Spring Barley,1.7799999713897705,0.648,0.406,,12.7,40,0.7,17.2,Low
LPIS-61694023658_135A,Fallow,1.7799999713897705,0.805,0.574,,9.1,40,1,32.9,Moderate
LPIS-61453980256_32A,Spring Barley,1.7799999713897705,0.71,0.548,,22.7,15,0.56,10.9,Low
LPIS-61704003340_50A,Ley / Grass,1.7699999809265137,0.805,0.562,,7,40,0.64,35.2,Moderate
LPIS-61683944354_80A,Ley / Grass,1.7699999809265137,0.807,0.538,,15.6,40,0.71,36,Moderate
LPIS-61633961487_71A,Ley / Grass,1.7699999809265137,0.795,0.536,,14.2,95,0.43,53.5,Moderate
LPIS-61664002292_5A,Ley / Grass,1.7699999809265137,0.78,0.521,,8.8,70,0.71,41.1,Moderate
LPIS-61723956250_8A,Ley / Grass,1.7699999809265137,0.592,0.379,,14.9,40,0.7,17.6,Low
LPIS-61494017404_29A,Spring Barley,1.7699999809265137,0.775,0.535,,9.9,15,0.36,8.7,Low
LPIS-61703913969_2B,Ley / Grass,1.7699999809265137,0.659,0.415,,9.5,15,0.48,7.9,Low
LPIS-61743945557_81A,Ley / Grass,1.7699999809265137,0.782,0.537,,13.1,40,0.76,31.3,Moderate
LPIS-61783946776_82C,Ley / Grass,1.7699999809265137,0.705,0.454,,12.9,70,0.46,28.2,Low
LPIS-61594019146_6A,Ley / Grass,1.7599999904632568,0.859,0.631,,7,15,0.7,36.6,Moderate
LPIS-61704029549_37A,Ley / Grass,1.7599999904632568,0.532,0.345,,20.5,40,0.95,18.2,Low
LPIS-61483978158_1A,Winter Wheat,1.7599999904632568,0.738,0.562,,21.4,15,0.56,10.7,Low
LPIS-61703968208_7A,Ley / Grass,1.7599999904632568,0.683,0.466,,11.2,40,0.62,17.7,Low
LPIS-61574065041_5A,Ley / Grass,1.7599999904632568,0.731,0.485,,24,15,0.74,13.6,Low
LPIS-61713955718_6A,Ley / Grass,1.7599999904632568,0.725,0.513,,8.1,40,0.84,20.5,Low
LPIS-61594062116_76A,Spring Barley,1.7599999904632568,0.812,0.629,,7.9,40,0.86,25.6,Low
LPIS-61703914888_6D,Spring Barley,1.7599999904632568,0.593,0.375,,11.9,15,0.71,8.2,Low
LPIS-61713978986_4A,Unknown,1.7599999904632568,0.824,0.581,,5.5,70,0.68,68.8,High
LPIS-61683909077_3A,Ley / Grass,1.7599999904632568,0.586,0.383,,9.7,40,0.58,17.2,Low
LPIS-61734017454_8A,Ley / Grass,1.75,0.635,0.414,,17.5,70,0.66,28.8,Low
LPIS-61713936840_20A,Oats,1.75,0.759,0.552,,13.1,40,0.79,23,Low
LPIS-61494022046_51A,Maize,1.75,0.373,0.25,,52.5,15,0.33,12.7,Low
LPIS-61684032216_12A,Ley / Grass,1.75,0.382,0.254,,26.3,40,0.6,19,Low
LPIS-61534008908_5A,Winter Wheat,1.75,0.737,0.546,,13.5,40,0.48,18.6,Low
LPIS-61733955576_11A,Ley / Grass,1.75,0.741,0.492,,34.3,70,0.52,36.3,Moderate
LPIS-61554052578_3C,Fallow,1.75,0.777,0.513,,9,15,0.7,18.1,Low
LPIS-61693929193_27A,Ley / Grass,1.75,0.718,0.492,,5.5,70,0.76,29.4,Low
LPIS-61654002099_9A,Ley / Grass,1.7400000095367432,0.589,0.362,,16,40,0.47,17.4,Low
LPIS-61643999258_55A,Ley / Grass,1.7400000095367432,0.735,0.519,,12.3,40,0.6,22.8,Low
LPIS-61584060786_100A,Spring Barley,1.7400000095367432,0.517,0.349,,23.9,40,0.48,18.9,Low
LPIS-61484028451_6A,Fallow,1.7400000095367432,0.665,0.444,,21.6,15,0.46,9.6,Low
LPIS-61513957282_62F,Fallow,1.7400000095367432,0.87,0.66,,9.9,5,0.5,39.2,Moderate
LPIS-61443998618_57A,Ley / Grass,1.7300000190734863,0.563,0.361,,25.6,40,0.67,18.6,Low
LPIS-61653984908_11A,Ley / Grass,1.7300000190734863,0.809,0.56,,9.2,40,0.31,36,Moderate
LPIS-61593965780_49A,Ley / Grass,1.7300000190734863,0.566,0.392,,34.7,15,0.67,11.2,Low
LPIS-61773948263_69A,Ley / Grass,1.7300000190734863,0.745,0.479,,10.2,70,0.39,34.4,Moderate
LPIS-61484025164_37A,Fallow,1.7300000190734863,0.577,0.382,,25.7,15,0.34,9.9,Low
LPIS-61534064027_13A,Fallow,1.7300000190734863,0.734,0.506,,11.8,40,0.67,20,Low
LPIS-61583973925_37A,Fallow,1.7300000190734863,0.725,0.502,,18.2,40,0.67,19,Low
LPIS-61763944748_20A,Ley / Grass,1.7300000190734863,0.632,0.401,,13.6,70,0.72,28.2,Low
LPIS-61604014025_3A,Rapeseed,1.7300000190734863,0.833,0.573,,4.9,15,0.48,22,Low
LPIS-61703932605_17A,Ley / Grass,1.7200000286102295,0.695,0.471,,10.6,15,0.6,8.6,Low
LPIS-61703938135_73A,Ley / Grass,1.7200000286102295,0.603,0.446,,16.5,40,0.58,18.9,Low
LPIS-61473978545_33B,Ley / Grass,1.7200000286102295,0.599,0.398,,27.9,15,0.49,10.2,Low
LPIS-61494038518_71A,Rye,1.7200000286102295,0.652,0.467,,16,15,0.69,9.6,Low
LPIS-61713945575_2A,Ley / Grass,1.7200000286102295,0.508,0.33,,7.1,70,0.7,27.7,Low
LPIS-61763962249_7A,Fallow,1.7200000286102295,0.656,0.424,,14.1,70,0.46,28.4,Low
LPIS-61533989570_16A,Winter Wheat,1.7200000286102295,0.857,0.688,,11.1,15,0.81,26.4,Low
LPIS-61513991915_18A,Ley / Grass,1.7200000286102295,0.846,0.583,,4,70,0.6,63.9,High
LPIS-61653978759_15A,Spring Barley,1.7200000286102295,0.849,0.607,,4.9,40,0.56,32,Moderate
LPIS-61593980841_3A,Winter Wheat,1.7200000286102295,0.746,0.504,,19.1,15,0.84,9.4,Low
LPIS-61524017406_92C,Spring Barley,1.7200000286102295,0.803,0.603,,11.2,15,0.32,14.8,Low
LPIS-61683976426_11A,Unknown,1.7200000286102295,0.537,0.35,,34.1,40,0.76,19.6,Low
LPIS-61724020064_47A,Fallow,1.7200000286102295,0.577,0.376,,11.9,40,0.79,17.4,Low
LPIS-61683953169_23A,Ley / Grass,1.7100000381469727,0.653,0.429,,6.4,15,0.83,7.9,Low
LPIS-61703991071_45A,Ley / Grass,1.7100000381469727,0.597,0.367,,8.9,15,0.72,7.7,Low
LPIS-61753951536_57A,Ley / Grass,1.7100000381469727,0.813,0.54,,10.6,70,0.59,47.3,Moderate
LPIS-61624032570_9A,Ley / Grass,1.7100000381469727,0.684,0.445,,17.2,15,0.7,8.9,Low
LPIS-61564074089_19B,Ley / Grass,1.7100000381469727,0.788,0.51,,9.1,40,0.32,31.6,Moderate
LPIS-61704016090_12A,Ley / Grass,1.7100000381469727,0.781,0.509,,7.3,70,0.89,40.9,Moderate
LPIS-61634051887_109A,Ley / Grass,1.7100000381469727,0.637,0.431,,22.2,40,0.5,18.7,Low
LPIS-61783963670_18A,Unknown,1.7100000381469727,0.593,0.366,,13.8,40,0.73,17.2,Low
LPIS-61584022442_8A,Fallow,1.7100000381469727,0.776,0.506,,10.3,15,0.73,18,Low
LPIS-61603962044_26A,Ley / Grass,1.7100000381469727,0.581,0.399,,28.2,15,0.57,10.4,Low
LPIS-61733968734_5A,Ley / Grass,1.7100000381469727,0.799,0.542,,28.6,70,0.56,46.7,Moderate
LPIS-61483963157_102C,Fallow,1.7100000381469727,0.589,0.409,,11,15,0.44,8.8,Low
LPIS-61773941783_28A,Spring Barley,1.7100000381469727,0.711,0.498,,37,40,0.63,20.5,Low
LPIS-61524058080_31A,Winter Wheat,1.7000000476837158,0.691,0.5,,25.3,40,0.67,19.6,Low
LPIS-61743979584_2A,Ley / Grass,1.7000000476837158,0.844,0.568,,11.1,40,0.61,42.5,Moderate
LPIS-61474019573_13D,Spring Barley,1.7000000476837158,0.686,0.482,,30.1,15,0.45,10.9,Low
LPIS-61564038069_16A,Rapeseed,1.7000000476837158,0.824,0.569,,13.3,40,0.68,30.1,Moderate
LPIS-61613955944_11B,Ley / Grass,1.7000000476837158,0.698,0.473,,9.4,40,0.62,17.5,Low
LPIS-61743961234_2A,Ley / Grass,1.7000000476837158,0.858,0.609,,6.5,15,0.55,36.2,Moderate
LPIS-61564049507_18A,Ley / Grass,1.7000000476837158,0.775,0.507,,6.9,70,0.5,39.8,Moderate
LPIS-61753982273_3A,Ley / Grass,1.690000057220459,0.708,0.434,,23.8,40,0.6,18.1,Low
LPIS-61704006591_114A,Ley / Grass,1.690000057220459,0.662,0.509,,28.2,15,0.71,11.4,Low
LPIS-61703996105_59A,Ley / Grass,1.690000057220459,0.762,0.504,,9.4,40,0.81,27,Low
LPIS-61534016675_13A,Ley / Grass,1.690000057220459,0.556,0.353,,16.3,40,0.72,17.7,Low
LPIS-61634028457_10A,Fallow,1.690000057220459,0.695,0.467,,15.1,70,0.74,28.8,Low
LPIS-61703913969_2C,Ley / Grass,1.690000057220459,0.684,0.424,,10.4,15,0.56,7.9,Low
LPIS-61504023350_42A,Ley / Grass,1.690000057220459,0.628,0.418,,25.8,15,0.52,10,Low
LPIS-61493918843_11B,Fallow,1.6799999475479126,0.708,0.517,,7.5,15,0.06,8.9,Low
LPIS-61613967086_49A,Ley / Grass,1.6799999475479126,0.84,0.579,,6.9,15,0.35,32.5,Moderate
LPIS-61704005189_80A,Fallow,1.6799999475479126,0.625,0.483,,30.5,15,0.8,11.7,Low
LPIS-61693999271_23A,Unknown,1.6799999475479126,0.631,0.417,,15.2,40,0.68,17.8,Low
LPIS-61483997554_6B,Fallow,1.6799999475479126,0.649,0.431,,14.4,15,0.79,8.8,Low
LPIS-61703936035_6A,Ley / Grass,1.6799999475479126,0.542,0.362,,16.9,15,0.68,9.1,Low
LPIS-61684026516_45A,Ley / Grass,1.6799999475479126,0.768,0.537,,10,40,0.53,28.6,Low
LPIS-61523957739_52A,Fallow,1.6799999475479126,0.546,0.365,,8,15,0.66,8.2,Low
LPIS-61743980984_29A,Ley / Grass,1.6799999475479126,0.787,0.523,,14.3,40,0.81,32.2,Moderate
LPIS-61703969801_3A,Ley / Grass,1.6799999475479126,0.733,0.494,,8.1,70,0.54,32.4,Moderate
LPIS-61714019032_4A,Ley / Grass,1.6799999475479126,0.567,0.352,,17,15,0.85,8.6,Low
LPIS-61684012859_19A,Ley / Grass,1.6799999475479126,0.687,0.469,,11.5,40,0.81,17.7,Low
LPIS-61534067787_132A,Fallow,1.6799999475479126,0.58,0.39,,14.4,40,0.55,17.9,Low
LPIS-61553960633_9E,Fallow,1.6799999475479126,0.812,0.563,,7.6,15,0.17,24.7,Low
LPIS-61524054886_34A,Winter Wheat,1.6699999570846558,0.795,0.604,,19.3,40,0.48,21.9,Low
LPIS-61783973507_185A,Ley / Grass,1.6699999570846558,0.543,0.324,,23.1,40,0.79,17.9,Low
LPIS-61724029805_131A,Ley / Grass,1.6699999570846558,0.743,0.49,,9.2,70,0.56,34.2,Moderate
LPIS-61743967274_165B,Fallow,1.6699999570846558,0.824,0.559,,6.8,40,0.36,35.7,Moderate
LPIS-61753947550_70A,Ley / Grass,1.6699999570846558,0.686,0.444,,10.8,70,0.83,28.1,Low
LPIS-61743976996_3A,Ley / Grass,1.6699999570846558,0.752,0.505,,18.7,40,0.25,26,Low
LPIS-61563963459_5A,Fallow,1.6699999570846558,0.791,0.592,,23.3,15,0.69,23.2,Low
LPIS-61724019251_24A,Unknown,1.6699999570846558,0.767,0.519,,11.9,40,0.79,34.8,Moderate
LPIS-61453981544_25A,Ley / Grass,1.6699999570846558,0.752,0.59,,13.9,15,0.61,18.1,Low
LPIS-61653985707_14A,Ley / Grass,1.659999966621399,0.824,0.569,,6.6,40,0.62,38.6,Moderate
LPIS-61753948117_67A,Ley / Grass,1.659999966621399,0.648,0.432,,12,40,0.97,17.6,Low
LPIS-61514005170_56C,Spring Barley,1.659999966621399,0.671,0.507,,19.3,40,0.61,19.4,Low
LPIS-61574005625_187A,Winter Wheat,1.659999966621399,0.753,0.511,,21,15,0.53,9.6,Low
LPIS-61753983969_11A,Ley / Grass,1.659999966621399,0.753,0.476,,13.3,40,0.72,25.3,Low
LPIS-61753947905_65A,Ley / Grass,1.659999966621399,0.628,0.41,,11.6,15,0.67,8.4,Low
LPIS-61603986668_39A,Spring Barley,1.659999966621399,0.86,0.69,,13.8,15,0.62,27,Low
LPIS-61714004284_2B,Spring Barley,1.659999966621399,0.856,0.646,,7.1,40,0.74,34,Moderate
LPIS-61474000744_302A,Maize,1.659999966621399,0.681,0.451,,7.1,15,0.75,15.7,Low
LPIS-61503993774_121A,Ley / Grass,1.659999966621399,0.631,0.427,,16.5,15,0.69,9.2,Low
LPIS-61483983912_15C,Ley / Grass,1.659999966621399,0.649,0.452,,41.2,15,0.42,11.9,Low
LPIS-61583963835_7A,Winter Wheat,1.659999966621399,0.81,0.579,,11.1,15,0.81,15,Low
LPIS-61634023763_21A,Ley / Grass,1.659999966621399,0.68,0.418,,16.7,40,0.68,17.4,Low
LPIS-61644047499_8A,Unknown,1.649999976158142,0.649,0.443,,12.6,40,0.62,17.9,Low
LPIS-61624039640_69A,Ley / Grass,1.649999976158142,0.735,0.484,,9.1,70,0.43,32.7,Moderate
LPIS-61473961682_4A,Fallow,1.649999976158142,0.778,0.633,,8,15,0.7,20,Low
LPIS-61574079501_38B,Winter Wheat,1.649999976158142,0.49,0.323,,22,15,0.69,9.5,Low
LPIS-61663964054_3A,Ley / Grass,1.649999976158142,0.707,0.457,,8.7,40,0.72,17,Low
LPIS-61674000970_7A,Ley / Grass,1.649999976158142,0.827,0.525,,8.3,40,0.59,38.7,Moderate
LPIS-61533967271_3A,Rapeseed,1.649999976158142,0.852,0.648,,14.4,15,0.81,27.3,Low
LPIS-61583997133_6C,Ley / Grass,1.649999976158142,0.752,0.504,,8.7,15,0.57,16.2,Low
LPIS-61494023816_37A,Maize,1.649999976158142,0.773,0.603,,28,15,0.53,25.3,Low
LPIS-61723957992_111A,Unknown,1.6399999856948853,0.703,0.479,,7.9,70,0.57,31.9,Moderate
LPIS-61513979532_112A,Winter Wheat,1.6399999856948853,0.814,0.551,,13.5,15,0.72,15.6,Low
LPIS-61733964771_1A,Ley / Grass,1.6399999856948853,0.414,0.256,,87.7,40,0.72,24.6,Low
LPIS-61693925911_10A,Ley / Grass,1.6399999856948853,0.573,0.351,,20.3,40,0.78,17.8,Low
LPIS-61504029522_2A,Spring Barley,1.6399999856948853,0.79,0.62,,15,15,0.58,13,Low
LPIS-61693993398_33A,Oats,1.6399999856948853,0.879,0.662,,3.7,40,0.68,40.9,Moderate
LPIS-61634029199_5A,Ley / Grass,1.6399999856948853,0.759,0.481,,14.2,40,0.6,26.5,Low
LPIS-61534017973_14A,Ley / Grass,1.6399999856948853,0.574,0.373,,21.4,40,0.64,18.3,Low
LPIS-61513977502_13A,Rapeseed,1.6399999856948853,0.831,0.668,,12.2,15,0.66,23.6,Low
LPIS-61594061974_75B,Fallow,1.6399999856948853,0.614,0.402,,22.9,40,0.52,18.5,Low
LPIS-61674037152_20A,Unknown,1.6299999952316284,0.702,0.451,,11.3,40,0.66,20.8,Low
LPIS-61733994706_8A,Unknown,1.6299999952316284,0.697,0.482,,20.2,40,0.38,21.3,Low
LPIS-61773942013_5A,Ley / Grass,1.6299999952316284,0.665,0.451,,15.6,40,0.9,18.1,Low
LPIS-61713935625_36A,Ley / Grass,1.6299999952316284,0.55,0.335,,30.2,70,0.68,29.5,Low
LPIS-61703912461_13A,Ley / Grass,1.6299999952316284,0.71,0.454,,14,40,0.64,17.5,Low
LPIS-61733990950_102A,Ley / Grass,1.6299999952316284,0.621,0.395,,19.1,40,0.68,17.9,Low
LPIS-61663969517_39A,Ley / Grass,1.6299999952316284,0.581,0.376,,24,40,0.42,18.6,Low
LPIS-61693995149_41A,Ley / Grass,1.6299999952316284,0.663,0.433,,11.5,40,0.65,17.4,Low
LPIS-61743994347_3A,Unknown,1.6299999952316284,0.78,0.521,,11.8,40,0.64,37.4,Moderate
LPIS-61533965823_29A,Fallow,1.6200000047683716,0.782,0.522,,24,15,0.92,20.7,Low
LPIS-61654004874_1A,Ley / Grass,1.6200000047683716,0.705,0.466,,17.2,40,0.56,18.1,Low
LPIS-61694028172_2A,Ley / Grass,1.6200000047683716,0.798,0.527,,13.2,70,0.51,44.8,Moderate
LPIS-61554019385_9A,Fallow,1.6200000047683716,0.739,0.505,,14,40,0.34,21,Low
LPIS-61563972387_29F,Fallow,1.6200000047683716,0.793,0.563,,12.9,15,0.08,22.1,Low
LPIS-61713982991_32A,Spring Barley,1.6200000047683716,0.705,0.535,,6.3,15,0.78,9.1,Low
LPIS-61714002924_9A,Ley / Grass,1.6200000047683716,0.77,0.536,,10,70,0.74,39.8,Moderate
LPIS-61654007634_11A,Ley / Grass,1.6200000047683716,0.665,0.422,,31.4,40,0.58,19.2,Low
LPIS-61734030101_36A,Unknown,1.6200000047683716,0.624,0.432,,25.6,40,0.57,19.3,Low
LPIS-61534013174_3A,Ley / Grass,1.6200000047683716,0.662,0.45,,13.2,15,0.44,8.9,Low
LPIS-61684024584_17A,Ley / Grass,1.6200000047683716,0.421,0.266,,26.2,40,0.8,18.6,Low
LPIS-61634037512_20A,Ley / Grass,1.6100000143051147,0.746,0.483,,8.5,40,0.52,23.7,Low
LPIS-61693924131_9A,Ley / Grass,1.6100000143051147,0.57,0.371,,11.8,40,0.65,17.4,Low
LPIS-61613968286_29A,Ley / Grass,1.6100000143051147,0.809,0.534,,6.3,15,0.41,26.4,Low
LPIS-61514030445_16A,Spring Barley,1.6100000143051147,0.716,0.526,,10.9,15,0.63,9.3,Low
LPIS-61723987213_72C,Potato,1.6100000143051147,0.595,0.4,,14.6,15,0.87,8.9,Low
LPIS-61713967904_5A,Ley / Grass,1.6100000143051147,0.636,0.423,,7.2,40,0.66,17.1,Low
LPIS-61714028441_6A,Ley / Grass,1.6100000143051147,0.607,0.408,,8.3,40,0.83,17.3,Low
LPIS-61763944134_33A,Ley / Grass,1.6100000143051147,0.625,0.399,,8.3,70,0.49,27.7,Low
LPIS-61733957473_65A,Ley / Grass,1.600000023841858,0.732,0.497,,15,70,0.67,33,Moderate
LPIS-61613947295_127A,Ley / Grass,1.600000023841858,0.653,0.444,,11,40,0.46,17.7,Low
LPIS-61464009495_305A,Maize,1.600000023841858,0.371,0.248,,67.8,40,0.61,23.2,Low
LPIS-61503949120_17A,Spring Barley,1.600000023841858,0.772,0.559,,5.8,70,0.62,28.5,Low
LPIS-61664014911_8A,Ley / Grass,1.600000023841858,0.791,0.526,,15.3,95,0.45,52.8,Moderate
LPIS-61724039008_51A,Unknown,1.600000023841858,0.559,0.379,,24.8,40,0.57,19,Low
LPIS-61604028996_54A,Ley / Grass,1.600000023841858,0.807,0.535,,5.3,15,0.5,25.9,Low
LPIS-61503949971_32A,Unknown,1.600000023841858,0.812,0.634,,14.4,40,0.64,54.8,Moderate
LPIS-61723963021_10A,Ley / Grass,1.600000023841858,0.635,0.428,,10.1,40,0.58,17.5,Low
LPIS-61724026238_135A,Ley / Grass,1.600000023841858,0.676,0.47,,7.8,70,0.58,28.3,Low
LPIS-61783963882_20A,Unknown,1.590000033378601,0.577,0.36,,7,70,0.59,27.4,Low
LPIS-61713932414_9A,Spring Barley,1.590000033378601,0.634,0.449,,6.5,40,0.73,17.5,Low
LPIS-61723971325_96A,Winter Wheat,1.590000033378601,0.626,0.422,,24.6,40,0.75,18.9,Low
LPIS-61473955428_72A,Spring Barley,1.590000033378601,0.606,0.461,,12.8,15,0.51,9.8,Low
LPIS-61474019573_13E,Ley / Grass,1.590000033378601,0.639,0.445,,32,15,0.61,11,Low
LPIS-61703939124_109A,Ley / Grass,1.590000033378601,0.623,0.428,,8.1,15,0.69,8.5,Low
LPIS-61583998095_5A,Ley / Grass,1.590000033378601,0.628,0.426,,15.1,15,0.7,9.1,Low
LPIS-61614051687_121A,Winter Wheat,1.590000033378601,0.608,0.406,,23.8,40,0.8,18.8,Low
LPIS-61723987213_72A,Unknown,1.590000033378601,0.552,0.372,,16.3,15,0.93,9.1,Low
LPIS-61644042896_93A,Rapeseed,1.5800000429153442,0.622,0.446,,23.2,40,0.51,19.3,Low
LPIS-61554075057_202A,Fallow,1.5800000429153442,0.755,0.522,,18.2,15,0.64,15.4,Low
LPIS-61614014732_3A,Fallow,1.5800000429153442,0.784,0.614,,16.7,15,0.43,21.6,Low
LPIS-61713985739_14A,Fallow,1.5800000429153442,0.702,0.451,,11.6,40,0.59,17.3,Low
LPIS-61613973291_27A,Ley / Grass,1.5800000429153442,0.716,0.494,,19.1,40,0.54,19.7,Low
LPIS-61574048692_29A,Winter Wheat,1.5800000429153442,0.769,0.578,,19.1,15,0.79,10.3,Low
LPIS-61613953447_16B,Ley / Grass,1.5800000429153442,0.706,0.461,,15,15,0.5,8.7,Low
LPIS-61733963830_226A,Ley / Grass,1.5800000429153442,0.723,0.458,,14.3,15,0.59,10.8,Low
LPIS-61773957931_10A,Ley / Grass,1.5800000429153442,0.776,0.557,,15.9,40,0.84,30.9,Moderate
LPIS-61724006269_102A,Ley / Grass,1.5700000524520874,0.684,0.445,,18.6,70,0.47,28.9,Low
LPIS-61614049150_7A,Ley / Grass,1.5700000524520874,0.69,0.44,,17.7,40,0.66,17.8,Low
LPIS-61534032837_14A,Ley / Grass,1.5700000524520874,0.792,0.522,,9.8,70,0.43,43.3,Moderate
LPIS-61713973940_14A,Ley / Grass,1.5700000524520874,0.714,0.439,,9.8,40,0.58,17.4,Low
LPIS-61743944923_87A,Ley / Grass,1.5700000524520874,0.809,0.533,,12.7,70,0.54,46.8,Moderate
LPIS-61653998024_6A,Ley / Grass,1.5700000524520874,0.696,0.46,,14.1,70,0.48,28.5,Low
LPIS-61593978901_4B,Ley / Grass,1.5700000524520874,0.652,0.457,,16.9,40,0.62,18.5,Low
LPIS-61613965778_4A,Ley / Grass,1.5700000524520874,0.797,0.543,,12,15,0.57,24.9,Low
LPIS-61603956522_15A,Ley / Grass,1.5700000524520874,0.753,0.469,,14.7,40,0.76,25.3,Low
LPIS-61513996788_7A,Spring Barley,1.5700000524520874,0.824,0.648,,10.3,15,0.7,19.3,Low
LPIS-61763931220_105A,Ley / Grass,1.559999942779541,0.765,0.491,,7.4,40,0.64,27.1,Low
LPIS-61603976448_121A,Ley / Grass,1.559999942779541,0.739,0.468,,15.8,5,0.39,10.4,Low
LPIS-61604013269_4A,Ley / Grass,1.559999942779541,0.735,0.478,,18.6,15,0.8,13.6,Low
LPIS-61723960996_93A,Ley / Grass,1.559999942779541,0.654,0.436,,19.8,70,0.49,29.2,Low
LPIS-61723946631_109A,Ley / Grass,1.559999942779541,0.736,0.473,,9.9,40,0.53,21.8,Low
LPIS-61713920262_37A,Fallow,1.559999942779541,0.602,0.368,,15.5,15,0.63,8.3,Low
LPIS-61713984329_13A,Fallow,1.559999942779541,0.744,0.49,,9.8,40,0.87,21.3,Low
LPIS-61503959766_2A,Winter Wheat,1.559999942779541,0.773,0.484,,9.5,5,0.67,4.3,Low
LPIS-61533990184_17A,Ley / Grass,1.559999942779541,0.768,0.522,,6.5,15,0.47,18.9,Low
LPIS-61723996954_14A,Spring Wheat,1.559999942779541,0.749,0.573,,21.6,15,0.6,10.8,Low
LPIS-61653999502_8A,Ley / Grass,1.5499999523162842,0.794,0.534,,10.5,40,0.56,33.1,Moderate
LPIS-61734025018_3A,Unknown,1.5499999523162842,0.664,0.438,,24.4,70,0.68,29.5,Low
LPIS-61713930939_7A,Ley / Grass,1.5499999523162842,0.581,0.379,,10.3,40,0.54,17.3,Low
LPIS-61763967225_3B,Ley / Grass,1.5499999523162842,0.76,0.538,,19.8,40,0.55,28.2,Low
LPIS-61723941305_15A,Fallow,1.5499999523162842,0.781,0.503,,6.8,40,0.87,27.5,Low
LPIS-61574075748_61A,Ley / Grass,1.5499999523162842,0.706,0.541,,27.2,15,0.94,11.3,Low
LPIS-61664008101_1A,Ley / Grass,1.5499999523162842,0.849,0.592,,4.9,70,0.57,64.7,High
LPIS-61753928183_139A,Ley / Grass,1.5499999523162842,0.683,0.444,,8.6,40,0.93,17.1,Low
LPIS-61664001506_5A,Fallow,1.5499999523162842,0.771,0.508,,9.4,40,0.6,26,Low
LPIS-61663959788_1D,Spring Barley,1.5499999523162842,0.708,0.462,,8.1,15,0.38,8,Low
LPIS-61603964070_10A,Ley / Grass,1.5499999523162842,0.654,0.432,,20.3,15,0.53,9.4,Low
LPIS-61683952978_22A,Ley / Grass,1.5399999618530273,0.667,0.427,,12.8,15,0.67,8.4,Low
LPIS-61723969103_25A,Ley / Grass,1.5399999618530273,0.718,0.492,,6.2,70,0.8,29.4,Low
LPIS-61594066348_80b,Ley / Grass,1.5399999618530273,0.609,0.411,,36.1,40,0.32,20.1,Low
LPIS-61663983683_5A,Ley / Grass,1.5399999618530273,0.844,0.563,,6.2,40,0.55,41.9,Moderate
LPIS-61524010355_21A,Ley / Grass,1.5399999618530273,0.826,0.56,,7.4,15,0.59,29.9,Low
LPIS-61703925637_7B,Ley / Grass,1.5399999618530273,0.619,0.41,,23.2,40,0.76,18.7,Low
LPIS-61773935299_37A,Winter Wheat,1.5399999618530273,0.624,0.449,,15.6,15,0.84,9.6,Low
LPIS-61663959788_1E,Ley / Grass,1.5399999618530273,0.788,0.598,,10.5,15,0.39,24.1,Low
LPIS-61634051972_111A,Ley / Grass,1.5299999713897705,0.6,0.4,,19.5,40,0.75,18.4,Low
LPIS-61584078226_65A,Winter Wheat,1.5299999713897705,0.703,0.532,,40.8,15,0.52,12.6,Low
LPIS-61564037707_152A,Ley / Grass,1.5299999713897705,0.6,0.381,,26,15,0.53,9.6,Low
LPIS-61533965744_4B,Winter Wheat,1.5299999713897705,0.82,0.545,,13.9,15,0.7,16.8,Low
LPIS-61713951015_4A,Ley / Grass,1.5299999713897705,0.667,0.446,,10,40,0.7,17.4,Low
LPIS-61713934972_8A,Ley / Grass,1.5299999713897705,0.612,0.406,,14.8,40,0.67,17.8,Low
LPIS-61693960750_6A,Maize,1.5299999713897705,0.319,0.216,,44.2,40,0.64,21,Low
LPIS-61724002724_52A,Ley / Grass,1.5299999713897705,0.658,0.425,,14.7,40,0.84,17.6,Low
LPIS-61734001138_2A,Unknown,1.5299999713897705,0.767,0.509,,17.9,40,0.53,35.3,Moderate
LPIS-61563972387_29C,Spring Barley,1.5299999713897705,0.707,0.497,,11.2,40,0.69,17.9,Low
LPIS-61753958965_15A,Ley / Grass,1.5199999809265137,0.701,0.446,,9.8,70,0.75,27.8,Low
LPIS-61653993011_10A,Ley / Grass,1.5199999809265137,0.744,0.514,,13.5,40,0.57,24.4,Low
LPIS-61664011729_15A,Ley / Grass,1.5199999809265137,0.792,0.506,,13.6,40,0.76,32.6,Moderate
LPIS-61703943348_25A,Fallow,1.5199999809265137,0.683,0.479,,8.4,70,0.67,28.5,Low
LPIS-61733925495_51A,Ley / Grass,1.5199999809265137,0.77,0.52,,7.4,70,0.53,39.3,Moderate
LPIS-61703922736_2B,Ley / Grass,1.5199999809265137,0.684,0.468,,18.2,40,0.61,18.4,Low
LPIS-61503990368_45A,Rapeseed,1.5199999809265137,0.821,0.632,,15.3,15,0.58,21.8,Low
LPIS-61523957739_52B,Spring Barley,1.5199999809265137,0.552,0.382,,16.7,15,0.67,9.4,Low
LPIS-61673970647_12A,Ley / Grass,1.5199999809265137,0.757,0.512,,11.2,70,0.75,37.1,Moderate
LPIS-61473957172_13B,Fallow,1.5199999809265137,0.645,0.423,,26.6,40,0.58,18.9,Low
LPIS-61703972754_4A,Spring Barley,1.5199999809265137,0.587,0.383,,20.1,40,0.58,18.2,Low
LPIS-61714001892_120A,Ley / Grass,1.5099999904632568,0.709,0.48,,24.6,40,0.31,19,Low
LPIS-61684022382_15B,Winter Wheat,1.5099999904632568,0.52,0.392,,8.2,40,0.96,18.3,Low
LPIS-61604026480_15A,Ley / Grass,1.5099999904632568,0.747,0.479,,6.8,15,0.65,14.7,Low
LPIS-61483978874_2C,Spring Barley,1.5099999904632568,0.856,0.707,,14.2,40,0.62,35.6,Moderate
LPIS-61474010817_3A,Ley / Grass,1.5099999904632568,0.62,0.414,,16.4,40,0.5,18.1,Low
LPIS-61773940329_2A,Ley / Grass,1.5099999904632568,0.623,0.398,,16.6,15,0.81,8.7,Low
LPIS-61564038888_1A,Ley / Grass,1.5099999904632568,0.763,0.505,,8.5,40,0.41,27,Low
LPIS-61713981736_2A,Unknown,1.5099999904632568,0.721,0.48,,14.7,40,0.75,25.3,Low
LPIS-61613965914_49A,Ley / Grass,1.5099999904632568,0.647,0.406,,24.8,40,0.68,18.4,Low
LPIS-61603953966_8A,Ley / Grass,1.5099999904632568,0.85,0.603,,4.5,40,0.16,43.3,Moderate
LPIS-61723940783_41A,Winter Wheat,1.5099999904632568,0.543,0.391,,11.4,40,0.8,18.2,Low
LPIS-61463964158_2A,Ley / Grass,1.5099999904632568,0.636,0.439,,21.5,15,0.68,9.8,Low
LPIS-61704001867_5A,Unknown,1.5099999904632568,0.734,0.504,,13.4,15,0.59,19.3,Low
LPIS-61494012120_80A,Sugar Beet,1.5099999904632568,0.827,0.629,,21.9,15,0.57,22.9,Low
LPIS-61783974607_184A,Ley / Grass,1.5099999904632568,0.475,0.273,,12.8,40,0.63,16.6,Low
LPIS-61553955994_12A,Winter Wheat,1.5099999904632568,0.752,0.522,,13.8,15,0.69,9.1,Low
LPIS-61713928085_9A,Ley / Grass,1.5099999904632568,0.746,0.466,,11.5,40,0.63,23.7,Low
LPIS-61674035664_116A,Unknown,1.5099999904632568,0.628,0.407,,15.7,40,0.61,17.7,Low
LPIS-61624006503_15A,Ley / Grass,1.5,0.742,0.501,,20.4,40,0.67,24.5,Low
LPIS-61574087311_53A,Rapeseed,1.5,0.811,0.643,,26.4,40,0.69,30.4,Moderate
LPIS-61624038792_10A,Ley / Grass,1.5,0.75,0.521,,10.5,40,0.61,25.2,Low
LPIS-61644020924_11A,Ley / Grass,1.5,0.612,0.425,,11.5,40,0.71,17.9,Low
LPIS-61733961704_23A,Ley / Grass,1.5,0.654,0.401,,14.2,40,0.81,17.2,Low
LPIS-61743984285_28A,Unknown,1.5,0.733,0.479,,19.7,40,0.72,28.3,Low
LPIS-61484010786_9A,Winter Wheat,1.5,0.771,0.576,,28.1,40,0.56,20.2,Low
LPIS-61723936413_15A,Ley / Grass,1.5,0.774,0.484,,18,40,0.64,29.6,Low
LPIS-61494015901_51A,Sugar Beet,1.5,0.676,0.434,,12.6,5,0.62,4.8,Low
LPIS-61523954847_21B,Spring Barley,1.5,0.809,0.638,,14,40,0.29,25.8,Low
LPIS-61733972618_3A,Ley / Grass,1.4900000095367432,0.636,0.401,,21.7,40,0.88,18.1,Low
LPIS-61693945348_66A,Ley / Grass,1.4900000095367432,0.726,0.485,,13.4,70,0.67,31.6,Moderate
LPIS-61763924209_3B,Fallow,1.4900000095367432,0.613,0.407,,25.1,70,0.36,29.7,Low
LPIS-61473975215_63B,Ley / Grass,1.4900000095367432,0.644,0.421,,26.2,15,0.51,9.9,Low
LPIS-61624007140_200A,Ley / Grass,1.4900000095367432,0.838,0.643,,19.4,40,0.72,43.3,Moderate
LPIS-61723994006_12A,Rapeseed,1.4900000095367432,0.609,0.43,,14.3,15,0.72,9.3,Low
LPIS-61654041184_2A,Unknown,1.4900000095367432,0.674,0.447,,18,40,0.81,18.2,Low
LPIS-61533931667_3A,Fallow,1.4900000095367432,0.639,0.412,,26,15,0.62,9.7,Low
LPIS-61773945209_62A,Maize,1.4900000095367432,0.732,0.535,,13.6,40,0.84,29.5,Low
LPIS-61674027725_2A,Ley / Grass,1.4900000095367432,0.692,0.432,,18.2,40,0.69,17.7,Low
LPIS-61594007031_4C,Unknown,1.4900000095367432,0.698,0.471,,8.4,15,0.63,11.1,Low
LPIS-61733986182_7A,Unknown,1.4800000190734863,0.734,0.486,,21.1,40,0.46,28.7,Low
LPIS-61604041156_159A,Spring Barley,1.4800000190734863,0.792,0.641,,23.1,40,0.67,23.6,Low
LPIS-61484022815_17A,Fallow,1.4800000190734863,0.657,0.419,,28.9,15,0.58,9.9,Low
LPIS-61723968031_28A,Ley / Grass,1.4800000190734863,0.67,0.437,,30,40,0.91,19.2,Low
LPIS-61544045993_10A,Sugar Beet,1.4800000190734863,0.728,0.512,,25,40,0.65,19.3,Low
LPIS-61513941663_5A,Winter Barley,1.4800000190734863,0.833,0.654,,12.8,15,0.65,22.1,Low
LPIS-61644033761_14A,Ley / Grass,1.4800000190734863,0.685,0.461,,12.9,40,0.58,17.8,Low
LPIS-61763958611_25A,Rapeseed,1.4800000190734863,0.826,0.608,,14.6,40,0.69,31.2,Moderate
LPIS-61733962802_68A,Ley / Grass,1.4800000190734863,0.598,0.375,,21.1,40,0.71,18,Low
LPIS-61743942954_59A,Ley / Grass,1.4800000190734863,0.81,0.534,,7.1,40,0.48,35.6,Moderate
LPIS-61694026021_52A,Ley / Grass,1.4800000190734863,0.839,0.573,,8.1,70,0.66,52.2,Moderate
LPIS-61684012172_14A,Ley / Grass,1.4800000190734863,0.722,0.479,,18.8,40,0.52,20.4,Low
LPIS-61743962556_6A,Ley / Grass,1.4800000190734863,0.858,0.597,,5.5,70,0.83,66.9,High
LPIS-61493996001_26A,Spring Barley,1.4800000190734863,0.722,0.548,,31.3,15,0.66,11.6,Low
LPIS-61743936606_324A,Unknown,1.4800000190734863,0.651,0.433,,19.1,70,0.86,29.1,Low
LPIS-61463983986_7B,Fallow,1.4800000190734863,0.754,0.458,,11.8,15,0.69,13.6,Low
LPIS-61674017837_22A,Rye,1.4800000190734863,0.75,0.481,,13.7,40,0.67,21.6,Low
LPIS-61723946978_29A,Ley / Grass,1.4700000286102295,0.716,0.459,,8.7,40,0.78,18.1,Low
LPIS-61514002692_6A,Fallow,1.4700000286102295,0.732,0.475,,14.2,40,0.69,19.4,Low
LPIS-61564026283_20A,Ley / Grass,1.4700000286102295,0.712,0.473,,10.8,40,0.69,17.8,Low
LPIS-61743963556_51A,Ley / Grass,1.4700000286102295,0.781,0.491,,11.7,40,0.91,30.4,Moderate
LPIS-61614031301_21A,Ley / Grass,1.4700000286102295,0.81,0.532,,7,15,0.59,26.5,Low
LPIS-61703933732_1A,Ley / Grass,1.4700000286102295,0.607,0.409,,23.7,40,0.64,18.9,Low
LPIS-61683910370_1A,Ley / Grass,1.4700000286102295,0.694,0.437,,6,70,0.67,27.4,Low
LPIS-61743920192_3A,Ley / Grass,1.4700000286102295,0.76,0.509,,8.6,70,0.66,37.4,Moderate
LPIS-61703947169_29A,Ley / Grass,1.4700000286102295,0.656,0.441,,7.5,70,0.64,28,Low
LPIS-61703993568_4A,Unknown,1.4700000286102295,0.671,0.45,,13.6,40,0.74,17.8,Low
LPIS-61514019796_2C,Fallow,1.4600000381469727,0.706,0.458,,12.5,15,0.62,8.4,Low
LPIS-61534015084_17A,Unknown,1.4600000381469727,0.599,0.406,,20.1,15,0.54,9.6,Low
LPIS-61723931566_3A,Ley / Grass,1.4600000381469727,0.738,0.45,,18.5,40,0.8,22.8,Low
LPIS-61474003081_1A,Winter Wheat,1.4600000381469727,0.806,0.631,,6.6,40,0.6,23.4,Low
LPIS-61634050862_132A,Fallow,1.4600000381469727,0.712,0.47,,14.4,70,0.54,28.6,Low
LPIS-61473961222_1A,Fallow,1.4600000381469727,0.644,0.465,,27,5,0.76,7.2,Low
LPIS-61674025500_6A,Spring Barley,1.4600000381469727,0.685,0.435,,21.7,70,0.56,29,Low
LPIS-61703936691_7B,Ley / Grass,1.4600000381469727,0.524,0.334,,16.7,40,0.57,17.7,Low
LPIS-61733958686_45A,Unknown,1.4600000381469727,0.643,0.407,,11,15,0.59,8.1,Low
LPIS-61684024895_3A,Ley / Grass,1.4500000476837158,0.533,0.36,,19,40,0.73,18.4,Low
LPIS-61684038601_9B,Ley / Grass,1.4500000476837158,0.355,0.214,,65.1,40,0.58,22.2,Low
LPIS-61603960814_9A,Ley / Grass,1.4500000476837158,0.839,0.586,,3.7,15,0.56,32.2,Moderate
LPIS-61563979631_19A,Winter Wheat,1.4500000476837158,0.888,0.644,,6.6,40,0.83,41,Moderate
LPIS-61663981334_6A,Ley / Grass,1.4500000476837158,0.816,0.538,,6.4,15,0.68,27.7,Low
LPIS-61574037528_3A,Ley / Grass,1.4500000476837158,0.613,0.406,,26.4,15,0.86,10,Low
LPIS-61713922477_37C,Ley / Grass,1.4500000476837158,0.685,0.434,,8.9,40,0.78,16.9,Low
LPIS-61524011980_3A,Ley / Grass,1.4500000476837158,0.649,0.424,,19.9,40,0.62,18.2,Low
LPIS-61534063338_14A,Ley / Grass,1.4500000476837158,0.778,0.543,,17.3,40,0.65,31.2,Moderate
LPIS-61484023460_57A,Fallow,1.4500000476837158,0.601,0.4,,20,15,0.3,9.4,Low
LPIS-61654003692_4A,Ley / Grass,1.4500000476837158,0.623,0.403,,19.2,40,0.8,18.1,Low
LPIS-61663994867_107A,Ley / Grass,1.4500000476837158,0.674,0.43,,13.9,70,0.8,28.2,Low
LPIS-61544019515_13A,Ley / Grass,1.4500000476837158,0.691,0.439,,11,15,0.7,8.1,Low
LPIS-61683951802_53A,Ley / Grass,1.4500000476837158,0.719,0.474,,6.2,40,0.64,18.5,Low
LPIS-61733948201_41A,Ley / Grass,1.4500000476837158,0.714,0.452,,10.1,40,0.65,17.6,Low
LPIS-61564007885_575A,Ley / Grass,1.4500000476837158,0.707,0.467,,10.2,40,0.32,17.3,Low
LPIS-61604025453_4A,Ley / Grass,1.440000057220459,0.791,0.55,,13,15,0.43,24.2,Low
LPIS-61703935554_4A,Ley / Grass,1.440000057220459,0.592,0.395,,13,40,0.68,17.7,Low
LPIS-61674035126_101F,Unknown,1.440000057220459,0.662,0.431,,6.6,40,0.66,16.9,Low
LPIS-61663969686_118A,Ley / Grass,1.440000057220459,0.724,0.5,,12.3,70,0.57,31.3,Moderate
LPIS-61474000825_301A,Maize,1.440000057220459,0.682,0.465,,12.7,15,0.66,16.6,Low
LPIS-61574022266_150A,Winter Wheat,1.440000057220459,0.835,0.654,,11.3,15,0.83,21.3,Low
LPIS-61503947233_10A,Spring Barley,1.440000057220459,0.741,0.526,,20.5,40,0.74,19,Low
LPIS-61473970760_1A,Peas,1.440000057220459,0.774,0.582,,12.8,15,0.75,9.7,Low
LPIS-61533989476_1A,Sugar Beet,1.440000057220459,0.826,0.606,,10.1,5,0.8,17.5,Low
LPIS-61714028295_69A,Ley / Grass,1.440000057220459,0.624,0.4,,12.3,70,0.59,28.1,Low
LPIS-61584065028_75A,Ley / Grass,1.440000057220459,0.664,0.429,,24.4,15,0.72,9.6,Low
LPIS-61743958332_43A,Ley / Grass,1.440000057220459,0.879,0.602,,2.7,40,0.62,48.4,Moderate
LPIS-61733975371_4A,Unknown,1.440000057220459,0.677,0.413,,11.8,15,0.95,7.9,Low
LPIS-61674035126_101B,Unknown,1.4299999475479126,0.382,0.249,,71.6,40,0.59,23.4,Low
LPIS-61554003099_9A,Ley / Grass,1.4299999475479126,0.612,0.413,,15.4,15,0.76,9,Low
LPIS-61614019312_7A,Winter Wheat,1.4299999475479126,0.814,0.612,,10.7,40,0.58,25.2,Low
LPIS-61693927303_30A,Oats,1.4299999475479126,0.563,0.349,,27.5,40,0.69,18.6,Low
LPIS-61663959788_1A,Ley / Grass,1.4299999475479126,0.777,0.52,,10.3,70,0.45,40.7,Moderate
LPIS-61733959154_44A,Unknown,1.4299999475479126,0.733,0.462,,14.2,40,0.48,27.3,Low
LPIS-61583983154_57A,Fallow,1.4299999475479126,0.664,0.517,,17,15,0.58,10.4,Low
LPIS-61823942583_39A,Ley / Grass,1.4299999475479126,0.803,0.541,,9.4,40,0.69,34.7,Moderate
LPIS-61743996163_12A,Ley / Grass,1.4299999475479126,0.621,0.399,,23.4,40,0.6,18.5,Low
LPIS-61664011619_14A,Ley / Grass,1.4299999475479126,0.795,0.517,,16.4,40,0.74,33.6,Moderate
LPIS-61733945092_10A,Unknown,1.4199999570846558,0.735,0.486,,14.3,40,0.77,28.2,Low
LPIS-61483967548_5A,Fallow,1.4199999570846558,0.598,0.399,,19.1,40,0.47,18.3,Low
LPIS-61594069611_35A,Ley / Grass,1.4199999570846558,0.806,0.539,,12.6,40,0.63,35.5,Moderate
LPIS-61724005557_118A,Fallow,1.4199999570846558,0.575,0.38,,32.9,40,0.58,19.6,Low
LPIS-61624040882_7A,Ley / Grass,1.4199999570846558,0.741,0.475,,15.9,40,0.69,23.5,Low
LPIS-61693939506_38A,Ley / Grass,1.4199999570846558,0.728,0.49,,3.8,40,0.68,20.1,Low
LPIS-61733979008_44A,Spring Barley,1.4199999570846558,0.854,0.624,,6.8,40,0.64,33.3,Moderate
LPIS-61623962068_8A,Unknown,1.409999966621399,0.847,0.664,,7.3,15,0.39,52.1,Moderate
LPIS-61503992741_122A,Ley / Grass,1.409999966621399,0.857,0.605,,5.7,15,0.72,35.8,Moderate
LPIS-61743959543_20A,Ley / Grass,1.409999966621399,0.774,0.533,,12.3,40,0.64,29.9,Low
LPIS-61563952168_72A,Fallow,1.409999966621399,0.614,0.415,,29.7,15,0.6,10.5,Low
LPIS-61594054027_40B,Ley / Grass,1.409999966621399,0.827,0.583,,10.2,40,0.36,39.7,Moderate
LPIS-61763949140_9A,Rapeseed,1.409999966621399,0.728,0.52,,7.5,40,0.83,17.7,Low
LPIS-61674035126_101E,Unknown,1.409999966621399,0.648,0.412,,10.7,15,0.57,8.1,Low
LPIS-61594037018_24A,Rapeseed,1.409999966621399,0.737,0.586,,12.3,15,0.73,10.2,Low
LPIS-61624033593_24A,Ley / Grass,1.409999966621399,0.578,0.37,,30.4,15,0.72,10.1,Low
LPIS-61624040622_4A,Ley / Grass,1.409999966621399,0.754,0.483,,15,15,0.56,16.7,Low
LPIS-61614048256_10A,Ley / Grass,1.409999966621399,0.703,0.453,,16.5,40,0.76,17.8,Low
LPIS-61584070723_62A,Spring Barley,1.409999966621399,0.466,0.297,,26.6,15,0.69,9.7,Low
LPIS-61653979096_6A,Ley / Grass,1.409999966621399,0.862,0.583,,3.4,40,0.81,45.2,Moderate
LPIS-61713924759_8A,Ley / Grass,1.409999966621399,0.763,0.499,,12.1,40,0.83,27.3,Low
LPIS-61544010665_10A,Ley / Grass,1.399999976158142,0.66,0.448,,18.5,40,0.55,18.4,Low
LPIS-61674035126_101D,Unknown,1.399999976158142,0.654,0.418,,9.5,40,0.59,17,Low
LPIS-61623971373_91A,Ley / Grass,1.399999976158142,0.736,0.465,,17.4,40,0.56,22.6,Low
LPIS-61484022605_63A,Fallow,1.399999976158142,0.734,0.497,,24.6,15,0.42,12.2,Low
LPIS-61733967261_25A,Ley / Grass,1.399999976158142,0.799,0.516,,10.6,40,0.62,33.7,Moderate
LPIS-61703934501_16A,Ley / Grass,1.399999976158142,0.632,0.402,,10.3,40,0.83,17.1,Low
LPIS-61674035126_101C,Unknown,1.399999976158142,0.605,0.393,,35.8,40,0.6,19.8,Low
LPIS-61624031429_67A,Fallow,1.399999976158142,0.678,0.45,,17,15,0.78,9.1,Low
LPIS-61773935649_113A,Winter Wheat,1.399999976158142,0.577,0.359,,14.4,70,0.86,28.1,Low
LPIS-61584024561_12B,Winter Wheat,1.399999976158142,0.74,0.482,,14.2,15,0.58,8.6,Low
LPIS-61724013501_7A,Rapeseed,1.399999976158142,0.511,0.348,,23.7,40,0.88,19,Low
LPIS-61723963612_113A,Unknown,1.399999976158142,0.546,0.338,,28.5,40,0.72,18.7,Low
LPIS-61513959371_63A,Winter Wheat,1.399999976158142,0.679,0.406,,15,5,0.49,4.5,Low
LPIS-61753983546_46A,Ley / Grass,1.399999976158142,0.85,0.6,,7.9,40,0.73,43.6,Moderate
LPIS-61654004886_2A,Ley / Grass,1.399999976158142,0.655,0.423,,9.6,70,0.69,27.9,Low
LPIS-61713938806_11A,Oats,1.3899999856948853,0.507,0.331,,65.7,40,0.54,22.8,Low
LPIS-61574064223_119A,Winter Wheat,1.3899999856948853,0.7,0.578,,40,15,0.66,13.3,Low
LPIS-61593952658_17B,Fallow,1.3899999856948853,0.723,0.472,,13.9,40,0.56,17.6,Low
LPIS-61703938713_78A,Ley / Grass,1.3899999856948853,0.612,0.444,,24.1,15,0.64,10.5,Low
LPIS-61753946219_3A,Ley / Grass,1.3899999856948853,0.642,0.429,,15.6,40,0.65,18,Low
LPIS-61614023143_6A,Rapeseed,1.3899999856948853,0.811,0.644,,24.6,15,0.72,21.2,Low
LPIS-61453974276_9A,Ley / Grass,1.3899999856948853,0.811,0.651,,16.8,15,0.53,29.6,Low
LPIS-61673957260_3A,Ley / Grass,1.3899999856948853,0.761,0.545,,7.8,40,0.59,27.2,Low
LPIS-61724029805_131B,Ley / Grass,1.3899999856948853,0.675,0.444,,18.3,70,0.57,28.9,Low
LPIS-61513940321_4A,Fallow,1.3899999856948853,0.808,0.527,,7.5,40,0.59,32.6,Moderate
LPIS-61733989914_208A,Ley / Grass,1.3899999856948853,0.649,0.416,,18.1,40,0.81,17.9,Low
LPIS-61734003545_3A,Unknown,1.3899999856948853,0.653,0.429,,21.8,70,0.43,29.3,Low
LPIS-61683934245_4A,Spring Barley,1.3899999856948853,0.656,0.436,,11.3,40,0.8,17.5,Low
LPIS-61614035854_24B,Ley / Grass,1.3899999856948853,0.759,0.504,,18.8,15,0.74,18.3,Low
LPIS-61704005064_52B,Fallow,1.3899999856948853,0.709,0.455,,8.4,40,0.96,16.9,Low
LPIS-61463991943_37A,Spring Barley,1.3799999952316284,0.676,0.465,,39.6,15,0.59,11.6,Low
LPIS-61753970170_17A,Winter Wheat,1.3799999952316284,0.816,0.554,,13,40,0.49,25,Low
LPIS-61733989378_2A,Ley / Grass,1.3799999952316284,0.796,0.534,,8.2,40,0.63,33.2,Moderate
LPIS-61584023016_7B,Fallow,1.3799999952316284,0.795,0.541,,12.4,15,0.65,22,Low
LPIS-61503989510_71A,Fallow,1.3799999952316284,0.813,0.53,,8.1,15,0.72,24.6,Low
LPIS-61484002109_50B,Sugar Beet,1.3799999952316284,0.716,0.47,,18.1,15,0.71,9.1,Low
LPIS-61564022476_21A,Ley / Grass,1.3799999952316284,0.749,0.518,,9.2,40,0.38,24.8,Low
LPIS-61723964901_12A,Ley / Grass,1.3799999952316284,0.725,0.489,,11,70,0.68,31.1,Moderate
LPIS-61524055891_63A,Ley / Grass,1.3799999952316284,0.479,0.329,,50.4,15,0.59,12.7,Low
LPIS-61733956466_64A,Ley / Grass,1.3799999952316284,0.783,0.534,,7.8,70,0.64,41.8,Moderate
LPIS-61514028283_7D,Ley / Grass,1.3799999952316284,0.738,0.531,,24.9,15,0.2,15.6,Low
LPIS-61564032977_112B,Fallow,1.3799999952316284,0.751,0.448,,16.5,15,0.74,13.3,Low
LPIS-61783977761_182A,Ley / Grass,1.3799999952316284,0.69,0.451,,10.7,70,0.75,28.1,Low
LPIS-61664006528_54A,Winter Wheat,1.3799999952316284,0.849,0.633,,12.8,40,0.66,33.3,Moderate
LPIS-61703929031_26A,Ley / Grass,1.3799999952316284,0.676,0.446,,15.6,40,0.46,17.9,Low
LPIS-61504023390_4A,Fallow,1.3799999952316284,0.657,0.437,,30.4,40,0.6,19.4,Low
LPIS-61554010808_5A,Ley / Grass,1.3799999952316284,0.69,0.457,,7.1,40,0.76,17.1,Low
LPIS-61694007405_37A,Ley / Grass,1.3799999952316284,0.793,0.532,,9.7,70,0.4,43.7,Moderate
LPIS-61693998990_25A,Unknown,1.3799999952316284,0.679,0.451,,12.4,40,0.65,17.6,Low
LPIS-61703959612_3A,Ley / Grass,1.3700000047683716,0.696,0.463,,7.5,40,0.68,17.1,Low
LPIS-61704009518_14A,Ley / Grass,1.3700000047683716,0.789,0.546,,8.6,95,0.45,52.1,Moderate
LPIS-61674039829_83A,Ley / Grass,1.3700000047683716,0.623,0.401,,14,70,0.75,28.3,Low
LPIS-61743970812_42A,Spring Barley,1.3700000047683716,0.872,0.647,,4,40,0.78,36.8,Moderate
LPIS-61544052941_111C,Spring Barley,1.3700000047683716,0.578,0.369,,35.9,40,0.71,19.7,Low
LPIS-61713958706_4A,Ley / Grass,1.3700000047683716,0.606,0.404,,9.8,40,0.47,17.4,Low
LPIS-61574054381_15A,Spring Barley,1.3700000047683716,0.758,0.577,,10,15,0.45,9.5,Low
LPIS-61564088023_104A,Ley / Grass,1.3700000047683716,0.664,0.431,,42.7,40,0.47,20.5,Low
LPIS-61623966633_24A,Ley / Grass,1.3600000143051147,0.699,0.495,,6.8,40,0.61,17.6,Low
LPIS-61773956242_17A,Ley / Grass,1.3600000143051147,0.711,0.472,,18.4,40,0.71,18.4,Low
LPIS-61623978710_11A,Ley / Grass,1.3600000143051147,0.69,0.442,,12.9,70,0.64,28.2,Low
LPIS-61534013674_4A,Ley / Grass,1.3600000143051147,0.652,0.415,,12.1,15,0.37,8.2,Low
LPIS-61703920155_33A,Ley / Grass,1.3600000143051147,0.707,0.47,,5.9,40,0.64,17,Low
LPIS-61614022397_17A,Ley / Grass,1.3600000143051147,0.808,0.535,,6.6,40,0.68,35.2,Moderate
LPIS-61694001718_32A,Fallow,1.3600000143051147,0.826,0.613,,8.7,70,0.55,47.9,Moderate
LPIS-61713931213_12A,Ley / Grass,1.3600000143051147,0.572,0.367,,12.9,70,0.47,28.2,Low
LPIS-61743964232_7A,Ley / Grass,1.3600000143051147,0.744,0.499,,14.1,40,0.71,24.1,Low
LPIS-61783957094_195A,Ley / Grass,1.3600000143051147,0.677,0.439,,14.8,70,0.47,28.5,Low
LPIS-61743931798_34A,Ley / Grass,1.3600000143051147,0.773,0.483,,7.6,70,0.5,39.2,Moderate
LPIS-61663967044_11A,Fallow,1.350000023841858,0.63,0.412,,18.6,40,0.68,18.1,Low
LPIS-61783965444_25A,Ley / Grass,1.350000023841858,0.636,0.408,,16.8,40,0.35,17.8,Low
LPIS-61674035126_101A,Unknown,1.350000023841858,0.601,0.392,,26.5,40,0.62,18.9,Low
LPIS-61543986293_19A,Spring Barley,1.350000023841858,0.847,0.7,,9.8,15,0.78,24.4,Low
LPIS-61653978789_21A,Spring Barley,1.350000023841858,0.882,0.643,,2.9,40,0.66,38.3,Moderate
LPIS-61714022729_31A,Ley / Grass,1.350000023841858,0.63,0.412,,7.8,15,0.83,8,Low
LPIS-61564015274_19A,Sugar Beet,1.350000023841858,0.686,0.484,,32,15,0.64,11.1,Low
LPIS-61614036016_75A,Ley / Grass,1.350000023841858,0.82,0.557,,11.7,40,0.7,38.2,Moderate
LPIS-61773955527_34A,Ley / Grass,1.350000023841858,0.665,0.432,,12.2,40,0.78,17.4,Low
LPIS-61653985123_13A,Fallow,1.340000033378601,0.812,0.562,,6.8,40,0.63,33.6,Moderate
LPIS-61713930311_8A,Ley / Grass,1.340000033378601,0.587,0.371,,7.7,15,0.83,7.8,Low
LPIS-61773935271_24A,Winter Wheat,1.340000033378601,0.727,0.545,,10.1,70,0.82,35.1,Moderate
LPIS-61463992199_40A,Maize,1.340000033378601,0.618,0.441,,13.3,15,0.4,12.8,Low
LPIS-61624063833_17A,Unknown,1.340000033378601,0.669,0.449,,16.2,70,0.6,28.9,Low
LPIS-61653979834_2A,Ley / Grass,1.340000033378601,0.796,0.522,,6.6,40,0.71,32.8,Moderate
LPIS-61753985967_29A,Ley / Grass,1.340000033378601,0.689,0.471,,27.8,40,0.49,19.4,Low
LPIS-61773984525_22A,Ley / Grass,1.340000033378601,0.706,0.46,,12.2,40,0.8,17.4,Low
LPIS-61653988106_7A,Ley / Grass,1.340000033378601,0.849,0.564,,4.5,40,0.48,42.7,Moderate
LPIS-61574072851_28A,Ley / Grass,1.340000033378601,0.677,0.468,,20.1,15,0.64,9.7,Low
LPIS-61713933311_14A,Spring Barley,1.340000033378601,0.666,0.478,,5.5,40,0.73,17.6,Low
LPIS-61553976663_16B,Fallow,1.340000033378601,0.827,0.596,,7.8,15,0.38,27.8,Low
LPIS-61703946284_1A,Ley / Grass,1.340000033378601,0.577,0.375,,12.9,40,0.69,17.5,Low
LPIS-61763949356_11A,Rapeseed,1.340000033378601,0.707,0.5,,14.3,40,0.91,18.3,Low
LPIS-61733996464_16A,Ley / Grass,1.340000033378601,0.771,0.505,,11.1,40,0.58,28.7,Low
LPIS-61693926123_34A,Oats,1.340000033378601,0.659,0.419,,7.5,15,0.69,7.8,Low
LPIS-61614038072_10B,Fallow,1.3300000429153442,0.557,0.362,,27.6,15,0.25,10,Low
LPIS-61703925322_8A,Ley / Grass,1.3300000429153442,0.444,0.272,,21.6,15,0.56,8.9,Low
LPIS-61614048124_26A,Ley / Grass,1.3300000429153442,0.794,0.533,,8.4,40,0.4,32.9,Moderate
LPIS-61743962879_8A,Fallow,1.3300000429153442,0.854,0.576,,6.8,70,0.71,51.9,Moderate
LPIS-61724016974_128A,Ley / Grass,1.3300000429153442,0.736,0.482,,14.1,70,0.58,33.3,Moderate
LPIS-61623960896_7A,Fallow,1.3300000429153442,0.781,0.502,,11,15,0.59,18.9,Low
LPIS-61623971711_43A,Spring Barley,1.3300000429153442,0.868,0.62,,9.7,40,0.61,36.2,Moderate
LPIS-61623965863_50A,Ley / Grass,1.3300000429153442,0.798,0.526,,8.6,70,0.66,44.4,Moderate
LPIS-61713932528_10A,Ley / Grass,1.3300000429153442,0.546,0.345,,14.9,40,0.68,17.5,Low
LPIS-61703938942_79A,Ley / Grass,1.3300000429153442,0.67,0.495,,9,40,0.68,18.2,Low
LPIS-61604042757_5D,Ley / Grass,1.3300000429153442,0.769,0.53,,20.6,70,0.56,40.5,Moderate
LPIS-61693998267_44A,Ley / Grass,1.3300000429153442,0.531,0.324,,23,15,0.82,9,Low
LPIS-61544075722_7A,Rapeseed,1.3300000429153442,0.634,0.473,,30.7,15,0.63,11.4,Low
LPIS-61633970717_8A,Ley / Grass,1.3300000429153442,0.843,0.577,,7.1,40,0.62,42.1,Moderate
LPIS-61734006322_2A,Ley / Grass,1.3300000429153442,0.752,0.486,,16.4,40,0.57,25.5,Low
LPIS-61703940392_79A,Fallow,1.3300000429153442,0.586,0.357,,23.4,40,0.69,18.1,Low
LPIS-61713947302_43A,Ley / Grass,1.3200000524520874,0.744,0.558,,9.2,40,0.88,24.6,Low
LPIS-61694003795_3A,Ley / Grass,1.3200000524520874,0.796,0.549,,6.5,40,0.68,33.3,Moderate
LPIS-61703934536_2A,Ley / Grass,1.3200000524520874,0.576,0.365,,19.7,40,0.69,18,Low
LPIS-61713923753_9A,Fallow,1.3200000524520874,0.786,0.505,,8.6,40,0.65,28.6,Low
LPIS-61723982151_19A,Winter Wheat,1.3200000524520874,0.632,0.463,,23.7,15,0.61,10.5,Low
LPIS-61703969912_4A,Ley / Grass,1.3200000524520874,0.745,0.473,,8.8,40,0.75,23.4,Low
LPIS-61683945214_9A,Fallow,1.3200000524520874,0.821,0.555,,10.9,40,0.62,35.5,Moderate
LPIS-61554043353_36B,Unknown,1.3200000524520874,0.725,0.518,,24.3,15,0.21,18.7,Low
LPIS-61713953225_10A,Ley / Grass,1.3200000524520874,0.633,0.434,,13.9,40,0.69,18,Low
LPIS-61783964568_32A,Ley / Grass,1.3200000524520874,0.557,0.347,,20.1,70,0.42,28.7,Low
LPIS-61513903446_28A,Winter Wheat,1.3200000524520874,0.798,0.646,,25.9,15,0.6,14.9,Low
LPIS-61623989884_212A,Ley / Grass,1.309999942779541,0.46,0.301,,62.1,15,0.73,13.5,Low
LPIS-61624058633_131A,Winter Wheat,1.309999942779541,0.679,0.499,,15.8,40,0.65,18.8,Low
LPIS-61763948696_24A,Ley / Grass,1.309999942779541,0.81,0.528,,7.9,40,0.92,35.5,Moderate
LPIS-61743971933_20A,Ley / Grass,1.309999942779541,0.806,0.519,,6.8,40,0.67,34.7,Moderate
LPIS-61604014180_33A,Ley / Grass,1.309999942779541,0.735,0.485,,14.9,40,0.71,22.4,Low
LPIS-61703931650_9A,Ley / Grass,1.309999942779541,0.664,0.446,,13.6,70,0.59,28.6,Low
LPIS-61553947753_7A,Rapeseed,1.309999942779541,0.768,0.602,,7.3,15,0.47,11.4,Low
LPIS-61713982010_77A,Ley / Grass,1.309999942779541,0.848,0.572,,6.4,40,0.69,42.8,Moderate
LPIS-61574055991_20B,Fallow,1.309999942779541,0.791,0.611,,7.7,40,0.38,31,Moderate
LPIS-61723967004_4A,Ley / Grass,1.309999942779541,0.653,0.429,,17.6,70,0.69,28.8,Low
LPIS-61564071173_17B,Ley / Grass,1.309999942779541,0.649,0.427,,18.3,40,0.47,18.1,Low
LPIS-61723962506_114A,Unknown,1.309999942779541,0.572,0.355,,13.1,40,0.6,17.2,Low
LPIS-61573967263_221A,Ley / Grass,1.309999942779541,0.818,0.566,,16.9,15,0.71,29.4,Low
LPIS-61713995229_195A,Spring Barley,1.309999942779541,0.696,0.541,,12.5,40,0.64,19,Low
LPIS-61783982036_170A,Ley / Grass,1.309999942779541,0.729,0.478,,20.6,40,0.48,21.8,Low
LPIS-61544050576_9A,Ley / Grass,1.2999999523162842,0.648,0.447,,18.3,40,0.57,18.5,Low
LPIS-61733940786_29A,Ley / Grass,1.2999999523162842,0.66,0.437,,24.1,40,0.67,18.8,Low
LPIS-61574044651_36D,Spring Wheat,1.2999999523162842,0.795,0.548,,13.1,40,0.56,26.7,Low
LPIS-61584026698_43B,Ley / Grass,1.2999999523162842,0.582,0.368,,29.3,15,0.7,9.9,Low
LPIS-61763949249_10A,Rapeseed,1.2999999523162842,0.724,0.513,,11.1,40,0.85,18,Low
LPIS-61513911927_25A,Rapeseed,1.2999999523162842,0.78,0.62,,17.4,15,0.59,14.7,Low
LPIS-61624058845_13A,Ley / Grass,1.2999999523162842,0.675,0.445,,15.3,40,0.78,17.8,Low
LPIS-61443983221_92A,Ley / Grass,1.2999999523162842,0.655,0.438,,35.1,15,0.5,10.9,Low
LPIS-61714026806_34A,Ley / Grass,1.2999999523162842,0.563,0.377,,25.7,40,0.89,19,Low
LPIS-61603995144_270A,Winter Wheat,1.2999999523162842,0.784,0.59,,18.6,15,0.69,10.4,Low
LPIS-61614030405_6A,Ley / Grass,1.2999999523162842,0.782,0.523,,5.7,15,0.6,21.4,Low
LPIS-61623964735_52A,Fallow,1.2999999523162842,0.684,0.454,,9,40,0.54,17.3,Low
LPIS-61753956385_22A,Ley / Grass,1.2899999618530273,0.777,0.522,,9,40,0.29,29.8,Low
LPIS-61743974223_41A,Ley / Grass,1.2899999618530273,0.848,0.588,,6.1,40,0.64,42.9,Moderate
LPIS-61624030418_62A,Ley / Grass,1.2899999618530273,0.7,0.469,,16.5,15,0.58,9.1,Low
LPIS-61664009794_4A,Ley / Grass,1.2899999618530273,0.777,0.485,,9.8,40,0.67,29.3,Low
LPIS-61743943010_36A,Ley / Grass,1.2899999618530273,0.756,0.474,,12.1,40,0.64,25.6,Low
LPIS-61753947091_3A,Fallow,1.2899999618530273,0.709,0.461,,10.1,40,0.98,17.2,Low
LPIS-61493972759_5A,Winter Wheat,1.2899999618530273,0.768,0.573,,26,40,0.62,20,Low
LPIS-61574074248_128A,Winter Wheat,1.2899999618530273,0.719,0.56,,22.5,15,0.89,11,Low
LPIS-61753945684_1A,Ley / Grass,1.2899999618530273,0.727,0.475,,8.3,40,0.82,20.2,Low
LPIS-61684036558_6A,Unknown,1.2899999618530273,0.6,0.392,,22.7,70,0.84,29.3,Low
LPIS-61723981089_24A,Unknown,1.2799999713897705,0.657,0.462,,8.5,15,0.91,8.7,Low
LPIS-61733970995_1A,Unknown,1.2799999713897705,0.656,0.419,,15.2,15,0.67,8.6,Low
LPIS-61564061480_13A,Ley / Grass,1.2799999713897705,0.602,0.395,,13.5,15,0.47,8.6,Low
LPIS-61663952475_8A,Ley / Grass,1.2799999713897705,0.705,0.467,,18.7,40,0.77,18.2,Low
LPIS-61544011571_7A,Ley / Grass,1.2799999713897705,0.742,0.495,,12.1,40,0.57,23.5,Low
LPIS-61723984351_2A,Ley / Grass,1.2799999713897705,0.61,0.394,,13.5,40,0.75,17.5,Low
LPIS-61504006247_11A,Ley / Grass,1.2799999713897705,0.707,0.464,,26.8,15,0.6,10,Low
LPIS-61614044584_21A,Ley / Grass,1.2799999713897705,0.615,0.409,,20.3,15,0.83,9.4,Low
LPIS-61504024441_46A,Maize,1.2799999713897705,0.8,0.574,,10.4,15,0.61,24.5,Low
LPIS-61483978874_2A,Fallow,1.2799999713897705,0.835,0.681,,21,15,0.58,31.7,Moderate
LPIS-61623996845_47A,Ley / Grass,1.2799999713897705,0.717,0.482,,34.7,15,0.51,12.3,Low
LPIS-61514019332_12B,Rapeseed,1.2799999713897705,0.717,0.534,,9,15,0.51,9.2,Low
LPIS-61674010586_1A,Rapeseed,1.2699999809265137,0.768,0.484,,17.6,40,0.19,19.4,Low
LPIS-61503958635_34B,Spring Barley,1.2699999809265137,0.838,0.626,,4.4,15,0.38,21,Low
LPIS-61594019777_1A,Fallow,1.2699999809265137,0.825,0.62,,17.6,15,0.6,28.8,Low
LPIS-61674003377_28A,Ley / Grass,1.2699999809265137,0.802,0.531,,7.8,40,0.56,34.3,Moderate
LPIS-61613966383_40A,Ley / Grass,1.2699999809265137,0.818,0.558,,5.6,15,0.52,28.3,Low
LPIS-61613982303_28A,Unknown,1.2699999809265137,0.806,0.564,,22.9,15,0.76,35.3,Moderate
LPIS-61574023515_58A,Rapeseed,1.2699999809265137,0.549,0.364,,21,15,0.58,9.5,Low
LPIS-61584079341_64A,Winter Wheat,1.2699999809265137,0.71,0.562,,26,15,0.73,11.5,Low
LPIS-61743974412_10A,Fallow,1.2699999809265137,0.799,0.56,,11.8,70,0.61,42.7,Moderate
LPIS-61743972308_43A,Ley / Grass,1.2699999809265137,0.796,0.513,,9,70,0.53,43.8,Moderate
LPIS-61624050409_16A,Ley / Grass,1.2699999809265137,0.822,0.558,,5.5,40,0.69,38,Moderate
LPIS-61564037860_86A,Ley / Grass,1.2699999809265137,0.574,0.374,,44.1,40,0.25,20.6,Low
LPIS-61524030268_24A,Rye,1.2699999809265137,0.769,0.566,,13.6,15,1,18.2,Low
LPIS-61594059347_127A,Fallow,1.2699999809265137,0.768,0.49,,9.5,40,0.68,25.4,Low
LPIS-61484011765_44A,Ley / Grass,1.2699999809265137,0.785,0.534,,15.3,15,0.54,23,Low
LPIS-61753956377_27A,Ley / Grass,1.2599999904632568,0.782,0.52,,12.2,70,0.28,41.7,Moderate
LPIS-61724028857_3A,Unknown,1.2599999904632568,0.637,0.392,,22.3,70,0.55,28.8,Low
LPIS-61823953921_2A,Ley / Grass,1.2599999904632568,0.737,0.497,,20,70,0.7,34.2,Moderate
LPIS-61604038748_8B,Fallow,1.2599999904632568,0.791,0.531,,12.2,15,0.73,21.1,Low
LPIS-61594026962_7A,Unknown,1.2599999904632568,0.772,0.586,,13.7,15,0.68,28.1,Low
LPIS-61724001962_4A,Ley / Grass,1.2599999904632568,0.762,0.491,,15.4,70,0.81,38.1,Moderate
LPIS-61693945829_3A,Ley / Grass,1.2599999904632568,0.706,0.451,,24.6,40,0.69,18.5,Low
LPIS-61643997239_56A,Ley / Grass,1.2599999904632568,0.774,0.545,,3.9,40,0.59,29.1,Low
LPIS-61614033734_5B,Ley / Grass,1.2599999904632568,0.753,0.507,,10.9,40,0.61,25.5,Low
LPIS-61553984068_2A,Sugar Beet,1.2599999904632568,0.849,0.653,,12.1,5,0.51,24.6,Low
LPIS-61554024279_61A,Ley / Grass,1.2599999904632568,0.745,0.504,,9.8,15,0.54,15.1,Low
LPIS-61664001281_6A,Ley / Grass,1.2599999904632568,0.795,0.539,,8.1,70,0.58,43.9,Moderate
LPIS-61693993253_206A,Fallow,1.2599999904632568,0.588,0.389,,22.9,70,0.58,29.4,Low
LPIS-61703935925_75A,Ley / Grass,1.25,0.649,0.492,,6.3,15,0.8,9.1,Low
LPIS-61553940395_62A,Fallow,1.25,0.81,0.609,,23.1,40,0.51,35.7,Moderate
LPIS-61753984455_237A,Ley / Grass,1.25,0.704,0.441,,23.6,40,0.75,18.3,Low
LPIS-61773969744_15A,Fallow,1.25,0.675,0.446,,12.1,40,0.67,17.5,Low
LPIS-61594066702_70A,Ley / Grass,1.25,0.698,0.45,,24.7,40,0.72,18.6,Low
LPIS-61524023451_10A,Winter Wheat,1.25,0.757,0.507,,13.1,15,0.65,8.7,Low
LPIS-61574071408_67B,Ley / Grass,1.25,0.592,0.4,,4.6,15,0.52,8,Low
LPIS-61664004917_3A,Ley / Grass,1.25,0.816,0.559,,8.8,40,0.72,37.2,Moderate
LPIS-61684031018_7A,Ley / Grass,1.25,0.598,0.39,,16.5,70,0.59,28.7,Low
LPIS-61673952262_15A,Ley / Grass,1.25,0.628,0.397,,8.8,70,0.72,27.7,Low
LPIS-61504017794_12A,Ley / Grass,1.25,0.571,0.36,,19.7,15,0.72,8.9,Low
LPIS-61503991612_36A,Ley / Grass,1.25,0.746,0.514,,19.5,15,0.65,16.2,Low
LPIS-61743973327_19A,Ley / Grass,1.25,0.836,0.557,,5.3,70,0.68,51.2,Moderate
LPIS-61703939651_3A,Ley / Grass,1.25,0.658,0.409,,10.7,40,0.82,16.9,Low
LPIS-61504030221_29A,Potato,1.25,0.727,0.543,,15.6,40,0.62,18.9,Low
LPIS-61494028081_44A,Unknown,1.25,0.407,0.278,,50.8,15,0.58,12.7,Low
LPIS-61604042757_5B,Winter Wheat,1.25,0.591,0.399,,22.2,40,0.58,18.7,Low
LPIS-61443997611_2A,Ley / Grass,1.25,0.623,0.403,,25.9,15,0.64,9.7,Low
LPIS-61623981595_206A,Ley / Grass,1.25,0.859,0.6,,12.7,40,0.71,45.8,Moderate
LPIS-61713939156_1A,Ley / Grass,1.25,0.791,0.486,,5.4,40,0.78,31.4,Moderate
LPIS-61473953401_69A,Spring Barley,1.25,0.657,0.524,,5.5,15,0.67,9.5,Low
LPIS-61594057021_171C,Ley / Grass,1.2400000095367432,0.801,0.541,,7.7,40,0.69,34.2,Moderate
LPIS-61624032526_143A,Rapeseed,1.2400000095367432,0.657,0.426,,27.6,40,0.79,18.9,Low
LPIS-61634049021_4A,Ley / Grass,1.2400000095367432,0.739,0.505,,20.3,40,0.52,24.1,Low
LPIS-61614049288_5A,Ley / Grass,1.2400000095367432,0.829,0.548,,5.8,40,0.58,39,Moderate
LPIS-61673946646_70A,Ley / Grass,1.2400000095367432,0.825,0.563,,5.6,40,0.56,38.6,Moderate
LPIS-61663968740_21A,Ley / Grass,1.2400000095367432,0.594,0.387,,14.9,40,0.84,17.7,Low
LPIS-61713953503_2A,Ley / Grass,1.2400000095367432,0.636,0.457,,14.8,70,0.65,29.3,Low
LPIS-61543952125_38A,Winter Wheat,1.2400000095367432,0.811,0.639,,16.1,15,0.75,16.5,Low
LPIS-61663979777_11A,Ley / Grass,1.2300000190734863,0.818,0.569,,5.4,70,0.67,48.2,Moderate
LPIS-61733976162_11A,Unknown,1.2300000190734863,0.649,0.396,,18.8,40,0.88,17.6,Low
LPIS-61484029264_114A,Ley / Grass,1.2300000190734863,0.545,0.336,,27.3,15,0.59,9.5,Low
LPIS-61604028181_13A,Ley / Grass,1.2300000190734863,0.785,0.502,,10.1,15,0.52,22.1,Low
LPIS-61564058894_13A,Spring Barley,1.2300000190734863,0.642,0.51,,6.5,15,0.62,9.6,Low
LPIS-61713985954_27A,Ley / Grass,1.2300000190734863,0.725,0.458,,11.1,40,0.6,19.9,Low
LPIS-61683917710_8A,Ley / Grass,1.2300000190734863,0.653,0.435,,22.4,70,0.61,29.4,Low
LPIS-61693979431_2A,Ley / Grass,1.2300000190734863,0.633,0.414,,28.9,40,0.65,19.1,Low
LPIS-61604054373_188A,Ley / Grass,1.2300000190734863,0.829,0.574,,12,40,0.73,40.1,Moderate
LPIS-61703936827_74A,Ley / Grass,1.2300000190734863,0.6,0.453,,12.8,40,0.75,18.7,Low
LPIS-61693942589_5A,Ley / Grass,1.2300000190734863,0.724,0.504,,30.4,70,0.52,33.2,Moderate
LPIS-61453974764_8A,Ley / Grass,1.2300000190734863,0.824,0.662,,13.8,15,0.5,31.7,Moderate
LPIS-61723963701_116A,Unknown,1.2300000190734863,0.631,0.392,,21.7,40,0.67,18,Low
LPIS-61763966976_6A,Ley / Grass,1.2300000190734863,0.693,0.445,,14.4,70,0.63,28.3,Low
LPIS-61683935950_2A,Spring Barley,1.2300000190734863,0.683,0.456,,11.7,70,0.8,28.4,Low
LPIS-61693978116_1A,Ley / Grass,1.2300000190734863,0.519,0.346,,33.2,15,0.52,10.7,Low
LPIS-61723938120_14A,Ley / Grass,1.2300000190734863,0.823,0.532,,5.9,40,0.59,37.8,Moderate
LPIS-61753981044_17A,Ley / Grass,1.2200000286102295,0.67,0.444,,20.4,40,0.57,18.4,Low
LPIS-61514019332_12A,Fallow,1.2200000286102295,0.699,0.549,,9.3,15,0.8,9.8,Low
LPIS-61614000528_9B,Spring Barley,1.2200000286102295,0.848,0.646,,14.1,15,0.57,24.1,Low
LPIS-61534066673_131A,Ley / Grass,1.2200000286102295,0.59,0.399,,16.1,40,0.59,18.1,Low
LPIS-61673992728_118A,Ley / Grass,1.2200000286102295,0.827,0.561,,10.8,70,0.56,50.2,Moderate
LPIS-61753945877_2A,Ley / Grass,1.2200000286102295,0.738,0.494,,6.6,40,0.58,22.2,Low
LPIS-61684000565_1A,Ley / Grass,1.2200000286102295,0.653,0.406,,30.7,40,0.96,18.9,Low
LPIS-61553945464_14A,Fallow,1.2200000286102295,0.615,0.424,,24.7,15,0.41,10.1,Low
LPIS-61723943386_2A,Rapeseed,1.2200000286102295,0.566,0.388,,12.5,40,0.59,17.9,Low
LPIS-61663997802_11A,Ley / Grass,1.2200000286102295,0.857,0.623,,9.5,15,0.35,36.4,Moderate
LPIS-61693979245_4A,Ley / Grass,1.2200000286102295,0.826,0.581,,20.4,15,0.67,31.4,Moderate
LPIS-61664027378_2A,Ley / Grass,1.2200000286102295,0.565,0.361,,15.4,40,0.58,17.6,Low
LPIS-61553982741_27A,Sugar Beet,1.2200000286102295,0.707,0.482,,16.4,15,0.58,9.2,Low
LPIS-61773944394_2A,Ley / Grass,1.2200000286102295,0.739,0.459,,11.7,70,0.68,33.1,Moderate
LPIS-61594026258_18A,Ley / Grass,1.2200000286102295,0.698,0.47,,9.5,15,0.6,8.4,Low
LPIS-61674035877_117B,Unknown,1.2200000286102295,0.714,0.457,,15.9,40,0.62,23.7,Low
LPIS-61653970981_144A,Maize,1.2200000286102295,0.432,0.28,,69.1,70,0.61,40.7,Moderate
LPIS-61594005121_1A,Fallow,1.2100000381469727,0.758,0.547,,12.6,15,0.52,15.8,Low
LPIS-61743952595_51A,Ley / Grass,1.2100000381469727,0.687,0.465,,39.1,40,0.71,20.4,Low
LPIS-61723967857_26A,Ley / Grass,1.2100000381469727,0.712,0.504,,9.6,70,0.26,29,Low
LPIS-61594063150_82A,Ley / Grass,1.2100000381469727,0.715,0.49,,23.8,40,0.5,19.9,Low
LPIS-61723981435_61A,Ley / Grass,1.2100000381469727,0.725,0.505,,8.4,15,0.83,11.4,Low
LPIS-61743973315_42A,Ley / Grass,1.2100000381469727,0.841,0.568,,7.9,70,0.73,63,High
LPIS-61564034839_12A,Ley / Grass,1.2100000381469727,0.655,0.462,,12.9,40,0.26,18.1,Low
LPIS-61683933552_5A,Spring Barley,1.2100000381469727,0.639,0.429,,11.2,40,0.92,17.6,Low
LPIS-61673966218_21A,Ley / Grass,1.2100000381469727,0.753,0.487,,10.2,40,0.51,25.2,Low
LPIS-61683951672_24A,Ley / Grass,1.2100000381469727,0.685,0.463,,13.4,40,0.47,17.9,Low
LPIS-61624054780_7A,Fallow,1.2100000381469727,0.718,0.499,,9.1,40,0.78,17.7,Low
LPIS-61514042508_21B,Ley / Grass,1.2000000476837158,0.669,0.452,,21.6,15,0.7,9.7,Low
LPIS-61703957678_1A,Ley / Grass,1.2000000476837158,0.617,0.399,,19.6,70,0.38,28.9,Low
LPIS-61733987264_8A,Ley / Grass,1.2000000476837158,0.642,0.407,,15.6,40,0.59,17.6,Low
LPIS-61633961969_56A,Ley / Grass,1.2000000476837158,0.751,0.516,,5.6,70,0.68,35.6,Moderate
LPIS-61523996033_3G,Fallow,1.2000000476837158,0.81,0.58,,5.4,70,0.62,44.2,Moderate
LPIS-61493971728_2A,Winter Wheat,1.2000000476837158,0.757,0.573,,11.1,40,0.63,18.6,Low
LPIS-61773944188_86B,Ley / Grass,1.2000000476837158,0.825,0.542,,7.8,70,0.64,49.2,Moderate
LPIS-61473961682_4B,Winter Wheat,1.2000000476837158,0.697,0.571,,12.6,15,0.82,10.5,Low
LPIS-61713922477_37A,Ley / Grass,1.2000000476837158,0.698,0.457,,20.8,15,0.57,9.3,Low
LPIS-61663963180_3A,Ley / Grass,1.2000000476837158,0.706,0.47,,8.8,70,0.55,28.1,Low
LPIS-61664009576_3A,Ley / Grass,1.2000000476837158,0.822,0.51,,7.1,40,0.62,37.4,Moderate
LPIS-61494026274_47A,Fallow,1.2000000476837158,0.679,0.467,,18.3,15,0.34,9.5,Low
LPIS-61503991482_13A,Ley / Grass,1.2000000476837158,0.739,0.485,,27.5,15,0.61,15.5,Low
LPIS-61594034482_49A,Rapeseed,1.190000057220459,0.555,0.377,,21.5,40,0.75,18.7,Low
LPIS-61624040293_6A,Ley / Grass,1.190000057220459,0.815,0.534,,8.4,40,0.68,36.6,Moderate
LPIS-61693929866_30A,Ley / Grass,1.190000057220459,0.719,0.486,,5.5,40,0.67,18.7,Low
LPIS-61743975638_8A,Rapeseed,1.190000057220459,0.775,0.561,,9.8,40,0.61,21.2,Low
LPIS-61494029965_5A,Spring Barley,1.190000057220459,0.69,0.527,,26.6,15,0.49,11.2,Low
LPIS-61713933275_3A,Ley / Grass,1.190000057220459,0.61,0.409,,10.8,70,0.78,28.3,Low
LPIS-61513979522_2A,Spring Barley,1.190000057220459,0.801,0.604,,23.4,15,0.73,15.6,Low
LPIS-61713951693_11A,Ley / Grass,1.190000057220459,0.688,0.453,,9.2,40,0.52,17.2,Low
LPIS-61614021585_10A,Ley / Grass,1.190000057220459,0.804,0.543,,10.2,40,0.6,35,Moderate
LPIS-61603964706_20A,Maize,1.190000057220459,0.8,0.579,,15.1,40,0.61,34.1,Moderate
LPIS-61604055268_163A,Fallow,1.190000057220459,0.807,0.614,,16.9,40,0.7,34.6,Moderate
LPIS-61554008535_8A,Fallow,1.190000057220459,0.744,0.594,,4.9,15,0.97,13.4,Low
LPIS-61663956177_4A,Ley / Grass,1.1799999475479126,0.61,0.391,,13.9,40,0.73,17.5,Low
LPIS-61503970806_2A,Ley / Grass,1.1799999475479126,0.738,0.482,,25,15,0.7,15,Low
LPIS-61614049062_12A,Ley / Grass,1.1799999475479126,0.753,0.481,,16.5,40,0.52,25.6,Low
LPIS-61624043752_14C,Rye,1.1799999475479126,0.7,0.489,,6.2,70,0.55,28.2,Low
LPIS-61723936235_2A,Ley / Grass,1.1799999475479126,0.779,0.5,,7.1,40,0.65,29.7,Low
LPIS-61703949943_4A,Ley / Grass,1.1799999475479126,0.568,0.369,,16.4,40,1,17.8,Low
LPIS-61724020257_43A,Unknown,1.1799999475479126,0.547,0.35,,9.3,70,0.88,27.8,Low
LPIS-61743914150_443A,Fallow,1.1799999475479126,0.812,0.554,,20.4,40,0.69,34.9,Moderate
LPIS-61663965263_6A,Ley / Grass,1.1799999475479126,0.628,0.414,,23.5,40,0.68,18.7,Low
LPIS-61613982429_26A,Ley / Grass,1.1799999475479126,0.734,0.458,,21.7,15,0.57,13.4,Low
LPIS-61594068493_80A,Fallow,1.1799999475479126,0.666,0.413,,22.2,40,0.45,18.1,Low
LPIS-61653979657_1A,Ley / Grass,1.1799999475479126,0.647,0.433,,46.7,40,0.74,21.1,Low
LPIS-61624045229_9A,Ley / Grass,1.1799999475479126,0.683,0.46,,9.5,70,0.89,28.2,Low
LPIS-61823965944_86A,Unknown,1.1799999475479126,0.652,0.401,,12.1,40,0.69,17,Low
LPIS-61623971203_42A,Ley / Grass,1.1799999475479126,0.835,0.57,,9.1,40,0.61,40.8,Moderate
LPIS-61663953671_9A,Ley / Grass,1.1799999475479126,0.724,0.48,,7.6,15,0.82,10.6,Low
LPIS-61743978330_14A,Rye,1.1799999475479126,0.792,0.571,,16.2,40,0.57,32.5,Moderate
LPIS-61664006270_11A,Ley / Grass,1.1799999475479126,0.79,0.524,,14.7,70,0.41,43.5,Moderate
LPIS-61694025106_48A,Ley / Grass,1.1699999570846558,0.85,0.604,,6.6,70,0.79,65.4,High
LPIS-61723972072_9A,Ley / Grass,1.1699999570846558,0.81,0.568,,18.4,40,0.75,37.3,Moderate
LPIS-61524044395_3A,Ley / Grass,1.1699999570846558,0.649,0.453,,13.2,15,0.47,9.1,Low
LPIS-61713940730_16A,Ley / Grass,1.1699999570846558,0.666,0.423,,5.9,70,0.8,27.4,Low
LPIS-61743972119_21A,Ley / Grass,1.1699999570846558,0.819,0.529,,8.3,40,0.79,37.3,Moderate
LPIS-61724004345_105A,Ley / Grass,1.1699999570846558,0.705,0.471,,21.7,40,0.74,18.6,Low
LPIS-61713937687_10A,Ley / Grass,1.1699999570846558,0.611,0.396,,14.9,40,0.6,17.7,Low
LPIS-61734000475_17A,Unknown,1.1699999570846558,0.703,0.467,,19.8,40,0.45,22.1,Low
LPIS-61643997819_58A,Ley / Grass,1.1699999570846558,0.765,0.544,,5,40,0.82,27.6,Low
LPIS-61783970267_192A,Ley / Grass,1.1699999570846558,0.682,0.454,,7.9,40,0.35,17.2,Low
LPIS-61713966554_2B,Fallow,1.159999966621399,0.754,0.472,,8.1,15,0.55,13.5,Low
LPIS-61743934328_10A,Ley / Grass,1.159999966621399,0.814,0.528,,9.2,70,0.83,47.3,Moderate
LPIS-61613963799_48A,Ley / Grass,1.159999966621399,0.717,0.467,,11,15,0.48,9.6,Low
LPIS-61624054429_13A,Ley / Grass,1.159999966621399,0.762,0.495,,14.4,40,0.58,27.3,Low
LPIS-61673953079_17A,Ley / Grass,1.159999966621399,0.461,0.284,,26.7,40,0.68,18.5,Low
LPIS-61733948323_55A,Ley / Grass,1.159999966621399,0.738,0.48,,8.8,40,0.72,22.3,Low
LPIS-61494012301_24A,Spring Barley,1.159999966621399,0.765,0.502,,16.3,15,0.6,8.9,Low
LPIS-61553987392_10A,Fallow,1.159999966621399,0.583,0.389,,42.1,15,0.47,11.6,Low
LPIS-61703995773_32A,Unknown,1.159999966621399,0.63,0.43,,6.2,15,0.77,8.2,Low
LPIS-61614020488_14A,Ley / Grass,1.159999966621399,0.745,0.48,,11.9,15,0.54,14.8,Low
LPIS-61693940980_11A,Ley / Grass,1.159999966621399,0.752,0.48,,14.7,15,0.67,16.3,Low
LPIS-61763958889_68A,Fallow,1.159999966621399,0.757,0.496,,16.6,40,0.75,24.3,Low
LPIS-61684006035_16A,Ley / Grass,1.159999966621399,0.745,0.518,,11.9,40,0.84,24.3,Low
LPIS-61613966762_25B,Ley / Grass,1.159999966621399,0.737,0.472,,8.7,15,0.51,13,Low
LPIS-61684007944_401A,Fallow,1.159999966621399,0.664,0.426,,35.5,40,0.76,19.6,Low
LPIS-61513900394_77D,Fallow,1.159999966621399,0.639,0.447,,25.4,15,0.73,10.3,Low
LPIS-61783981944_169A,Ley / Grass,1.149999976158142,0.698,0.45,,21.6,40,0.62,18.3,Low
LPIS-61604029895_55A,Ley / Grass,1.149999976158142,0.814,0.546,,9.9,15,0.53,27.7,Low
LPIS-61783976374_175A,Ley / Grass,1.149999976158142,0.688,0.454,,14.7,70,0.77,28.6,Low
LPIS-61733975543_13A,Unknown,1.149999976158142,0.671,0.413,,19.1,40,0.95,17.7,Low
LPIS-61503997815_115B,Fallow,1.149999976158142,0.807,0.525,,11.6,15,0.62,23.8,Low
LPIS-61524031261_27A,Ley / Grass,1.149999976158142,0.778,0.544,,8.2,15,1,21.3,Low
LPIS-61673990757_64A,Ley / Grass,1.149999976158142,0.843,0.571,,6.3,40,0.54,41.8,Moderate
LPIS-61723999175_8A,Ley / Grass,1.149999976158142,0.665,0.448,,14.3,40,0.49,17.9,Low
LPIS-61554029915_14A,Ley / Grass,1.149999976158142,0.801,0.556,,12.5,70,0.27,45.6,Moderate
LPIS-61713938357_5A,Ley / Grass,1.149999976158142,0.724,0.45,,11.3,40,0.93,19.6,Low
LPIS-61703938460_80A,Ley / Grass,1.149999976158142,0.765,0.557,,8.1,40,0.7,28.2,Low
LPIS-61693961874_8A,Ley / Grass,1.149999976158142,0.701,0.496,,11.3,40,0.57,18,Low
LPIS-61663969517_39B,Ley / Grass,1.149999976158142,0.585,0.388,,17.4,15,0.49,9.1,Low
LPIS-61603960827_25A,Ley / Grass,1.149999976158142,0.638,0.445,,24.1,15,0.66,10.2,Low
LPIS-61484029739_36B,Spring Barley,1.1399999856948853,0.789,0.596,,9.3,15,0.29,11.9,Low
LPIS-61624003380_21A,Winter Wheat,1.1399999856948853,0.662,0.442,,17.6,40,0.78,18.2,Low
LPIS-61783971572_176A,Ley / Grass,1.1399999856948853,0.629,0.41,,11.8,40,0.59,17.4,Low
LPIS-61634046715_3A,Ley / Grass,1.1399999856948853,0.731,0.479,,16.2,40,0.65,21.8,Low
LPIS-61443988398_21A,Ley / Grass,1.1399999856948853,0.617,0.417,,32.1,15,0.68,10.7,Low
LPIS-61593965717_4D,Fallow,1.1399999856948853,0.685,0.49,,24.5,15,0.18,10.4,Low
LPIS-61823967235_55A,Ley / Grass,1.1399999856948853,0.685,0.457,,18.9,70,0.67,29.1,Low
LPIS-61534001947_14A,Fallow,1.1399999856948853,0.752,0.602,,24.8,15,0.7,16.9,Low
LPIS-61623950834_6A,Ley / Grass,1.1399999856948853,0.531,0.339,,15.2,40,0.7,17.6,Low
LPIS-61713938485_17A,Ley / Grass,1.1399999856948853,0.781,0.561,,6.2,40,0.93,30.8,Moderate
LPIS-61453978340_9A,Winter Wheat,1.1399999856948853,0.727,0.579,,23.7,15,0.53,11.3,Low
LPIS-61713975290_5C,Sugar Beet,1.1299999952316284,0.816,0.637,,17.3,15,0.69,19.4,Low
LPIS-61734016247_2A,Unknown,1.1299999952316284,0.676,0.449,,21.3,40,0.47,18.5,Low
LPIS-61723945349_108A,Ley / Grass,1.1299999952316284,0.76,0.479,,11.5,40,0.58,26.4,Low
LPIS-61564065311_123A,Ley / Grass,1.1299999952316284,0.625,0.428,,7.2,70,0.45,28.1,Low
LPIS-61464008386_30A,Fallow,1.1299999952316284,0.62,0.427,,24.1,40,0.67,19.1,Low
LPIS-61533923049_28A,Fallow,1.1299999952316284,0.695,0.465,,24.2,15,0.69,9.9,Low
LPIS-61663965721_7A,Ley / Grass,1.1299999952316284,0.721,0.466,,8.6,40,0.62,19,Low
LPIS-61693953144_146A,Spring Barley,1.1299999952316284,0.681,0.435,,21.1,70,0.72,29,Low
LPIS-61663972635_15A,Ley / Grass,1.1299999952316284,0.836,0.616,,6.2,40,0.73,41.3,Moderate
LPIS-61483978874_2B,Ley / Grass,1.1299999952316284,0.758,0.546,,26.3,15,0.51,19.6,Low
LPIS-61773940778_12A,Ley / Grass,1.1200000047683716,0.793,0.528,,8.4,40,0.37,32.7,Moderate
LPIS-61763948529_6A,Ley / Grass,1.1200000047683716,0.69,0.443,,14.9,40,0.68,17.6,Low
LPIS-61713935807_38A,Ley / Grass,1.1200000047683716,0.616,0.401,,26.4,70,0.8,29.6,Low
LPIS-61723945226_115A,Ley / Grass,1.1200000047683716,0.8,0.548,,6.5,70,0.32,44.9,Moderate
LPIS-61533920858_31A,Fallow,1.1200000047683716,0.772,0.549,,13.7,15,0.63,18.3,Low
LPIS-61703938121_72A,Ley / Grass,1.1200000047683716,0.617,0.46,,9.4,40,0.65,18.3,Low
LPIS-61534057618_5A,Fallow,1.1200000047683716,0.684,0.494,,9.6,15,0.69,9,Low
LPIS-61494021976_52A,Fallow,1.1200000047683716,0.485,0.286,,23.1,40,0.54,17.8,Low
LPIS-61703933617_76A,Ley / Grass,1.1200000047683716,0.739,0.567,,4.6,40,0.56,23.5,Low
LPIS-61663991407_13A,Ley / Grass,1.1200000047683716,0.848,0.58,,8.2,40,0.5,43.1,Moderate
LPIS-61493999104_113A,Ley / Grass,1.1200000047683716,0.854,0.604,,9.8,15,0.42,35.6,Moderate
LPIS-61553957232_12A,Fallow,1.1200000047683716,0.858,0.674,,8.9,15,0.51,41.2,Moderate
LPIS-61624063323_19A,Ley / Grass,1.1100000143051147,0.686,0.458,,11.1,40,0.76,17.5,Low
LPIS-61694009949_70A,Ley / Grass,1.1100000143051147,0.727,0.464,,11.6,40,0.65,20.3,Low
LPIS-61534057618_5B,Winter Wheat,1.1100000143051147,0.719,0.554,,9.4,15,0.22,9.6,Low
LPIS-61453995482_28A,Ley / Grass,1.1100000143051147,0.609,0.408,,12.1,40,0.62,17.7,Low
LPIS-61623992802_205A,Ley / Grass,1.1100000143051147,0.809,0.61,,32.7,40,0.64,39.2,Moderate
LPIS-61703955991_50A,Ley / Grass,1.1100000143051147,0.621,0.412,,6.8,40,0.62,17.1,Low
LPIS-61574031329_85A,Maize,1.1100000143051147,0.576,0.368,,45,15,0.8,12.3,Low
LPIS-61554017048_8A,Fallow,1.1100000143051147,0.767,0.503,,10.8,40,0.88,25.4,Low
LPIS-61573966660_220A,Ley / Grass,1.1100000143051147,0.868,0.607,,4.2,15,0.53,37.7,Moderate
LPIS-61524001116_3A,Winter Barley,1.1100000143051147,0.797,0.543,,8.9,40,0.72,20.1,Low
LPIS-61743975407_11A,Fallow,1.1100000143051147,0.797,0.588,,12.4,40,0.67,32,Moderate
LPIS-61574040755_27A,Ley / Grass,1.1100000143051147,0.699,0.465,,23.1,40,0.34,18.7,Low
LPIS-61604050667_107A,Ley / Grass,1.1100000143051147,0.676,0.452,,24,15,0.77,9.8,Low
LPIS-61614032840_1A,Ley / Grass,1.1100000143051147,0.752,0.501,,7.3,40,0.68,24.9,Low
LPIS-61743989709_19A,Winter Wheat,1.1100000143051147,0.772,0.569,,13.7,40,0.64,18.6,Low
LPIS-61733992646_21A,Ley / Grass,1.1100000143051147,0.553,0.348,,19.4,40,0.67,17.9,Low
LPIS-61473949493_3A,Fallow,1.1100000143051147,0.645,0.486,,10,40,0.66,18.4,Low
LPIS-61553985867_4A,Rapeseed,1.100000023841858,0.695,0.514,,24.6,15,0.57,10.7,Low
LPIS-61693910419_12A,Ley / Grass,1.100000023841858,0.656,0.42,,16.7,70,0.61,28.5,Low
LPIS-61693923757_35A,Ley / Grass,1.100000023841858,0.622,0.411,,15,70,0.72,28.6,Low
LPIS-61683975343_8A,Ley / Grass,1.100000023841858,0.517,0.338,,27.8,40,0.57,19,Low
LPIS-61603964875_52A,Spring Barley,1.100000023841858,0.535,0.351,,28.1,40,0.48,19.1,Low
LPIS-61473951391_2C,Ley / Grass,1.100000023841858,0.6,0.423,,10.9,15,0.77,9,Low
LPIS-61544072908_7A,Winter Wheat,1.100000023841858,0.711,0.516,,11.1,15,0.67,9.2,Low
LPIS-61603953689_7A,Ley / Grass,1.100000023841858,0.722,0.476,,17.7,15,0.57,11.2,Low
LPIS-61574047450_4F,Spring Wheat,1.100000023841858,0.782,0.559,,20.3,40,0.52,24.5,Low
LPIS-61513935066_1A,Fallow,1.100000023841858,0.838,0.634,,5.3,15,0.72,30.1,Moderate
LPIS-61504039030_4A,Fallow,1.100000023841858,0.634,0.41,,14.8,15,0.56,8.6,Low
LPIS-61613963695_47A,Ley / Grass,1.100000023841858,0.687,0.437,,16.4,15,0.39,8.7,Low
LPIS-61723961401_115A,Unknown,1.100000023841858,0.572,0.365,,12.8,40,0.6,17.3,Low
LPIS-61753984027_50A,Ley / Grass,1.100000023841858,0.662,0.46,,43.5,40,0.43,21.1,Low
LPIS-61773944188_86A,Ley / Grass,1.100000023841858,0.789,0.509,,11.4,40,0.76,32,Moderate
LPIS-61623991910_204A,Ley / Grass,1.100000023841858,0.728,0.466,,34,40,0.74,22.7,Low
LPIS-61743960266_1A,Fallow,1.100000023841858,0.804,0.53,,15.3,40,0.67,32.7,Moderate
LPIS-61724036705_27A,Unknown,1.100000023841858,0.53,0.355,,23.4,40,0.54,18.8,Low
LPIS-61503939587_111A,Winter Wheat,1.090000033378601,0.849,0.622,,3.6,15,0.67,23.1,Low
LPIS-61594066702_70B,Ley / Grass,1.090000033378601,0.76,0.485,,9,40,0.86,26.3,Low
LPIS-61574048033_5A,Spring Wheat,1.090000033378601,0.835,0.644,,10.7,15,0.73,28,Low
LPIS-61624004186_20A,Winter Wheat,1.090000033378601,0.629,0.416,,26.8,15,0.78,10,Low
LPIS-61613968866_7A,Ley / Grass,1.090000033378601,0.831,0.574,,8.1,15,0.51,31,Moderate
LPIS-61713931902_5A,Ley / Grass,1.090000033378601,0.615,0.39,,9.8,70,0.85,27.8,Low
LPIS-61513915502_26A,Ley / Grass,1.090000033378601,0.623,0.431,,32.5,15,0.72,11,Low
LPIS-61564023957_23A,Ley / Grass,1.090000033378601,0.76,0.527,,10.9,70,0.31,38,Moderate
LPIS-61733965266_19A,Unknown,1.090000033378601,0.749,0.476,,14.2,70,0.48,41.6,Moderate
LPIS-61634041644_27A,Ley / Grass,1.090000033378601,0.732,0.48,,11,40,0.66,21.3,Low
LPIS-61783963507_201A,Ley / Grass,1.090000033378601,0.684,0.434,,20.1,15,0.72,9,Low
LPIS-61624040649_11A,Ley / Grass,1.090000033378601,0.643,0.417,,16.6,40,0.79,17.8,Low
LPIS-61664008244_2A,Ley / Grass,1.090000033378601,0.871,0.607,,4.4,70,0.58,69.5,High
LPIS-61664003231_2A,Unknown,1.0800000429153442,0.684,0.465,,20.3,70,0.61,29.4,Low
LPIS-61753936568_101A,Fallow,1.0800000429153442,0.732,0.551,,7.3,40,0.76,19.9,Low
LPIS-61484021423_8A,Spring Barley,1.0800000429153442,0.575,0.355,,20.9,15,0.67,8.9,Low
LPIS-61613965013_3A,Ley / Grass,1.0800000429153442,0.684,0.452,,26.4,15,0.72,10,Low
LPIS-61683962424_23A,Ley / Grass,1.0800000429153442,0.677,0.435,,13.2,40,0.86,17.4,Low
LPIS-61613969171_39A,Ley / Grass,1.0800000429153442,0.823,0.572,,7.5,15,0.54,29.5,Low
LPIS-61484029739_36A,Fallow,1.0800000429153442,0.802,0.562,,9.1,15,0.45,23.1,Low
LPIS-61503991791_31A,Spring Barley,1.0800000429153442,0.807,0.615,,16.9,15,0.67,16.3,Low
LPIS-61663983158_3A,Ley / Grass,1.0800000429153442,0.842,0.582,,11.6,40,0.62,42.4,Moderate
LPIS-61683959259_143A,Fallow,1.0800000429153442,0.671,0.44,,19.6,15,0.47,9.2,Low
LPIS-61443996904_20A,Ley / Grass,1.0800000429153442,0.703,0.468,,9.3,15,0.61,8.3,Low
LPIS-61494039609_61A,Fallow,1.0800000429153442,0.618,0.419,,14,15,0.61,8.9,Low
LPIS-61694025910_47A,Ley / Grass,1.0800000429153442,0.88,0.629,,3.8,95,0.67,82.5,Critical
LPIS-61733979419_43A,Spring Barley,1.0800000429153442,0.879,0.641,,5.9,40,0.71,38.1,Moderate
LPIS-61484027115_35A,Fallow,1.0800000429153442,0.625,0.428,,18,15,0.46,9.4,Low
LPIS-61703949791_15A,Fallow,1.0700000524520874,0.751,0.558,,14.5,40,0.92,23.9,Low
LPIS-61523916080_93A,Ley / Grass,1.0700000524520874,0.764,0.515,,15.7,15,0.59,19.1,Low
LPIS-61733996895_3A,Ley / Grass,1.0700000524520874,0.773,0.512,,10.9,40,0.56,29.2,Low
LPIS-61584053579_56A,Winter Wheat,1.0700000524520874,0.841,0.67,,16,15,0.66,23.3,Low
LPIS-61524059285_6A,Winter Wheat,1.0700000524520874,0.698,0.521,,19.9,40,0.47,19.3,Low
LPIS-61743974732_7A,Rapeseed,1.0700000524520874,0.788,0.575,,8.6,70,0.7,34.3,Moderate
LPIS-61494006794_26A,Fallow,1.0700000524520874,0.725,0.476,,19.1,15,0.67,9.6,Low
LPIS-61494016703_11A,Ley / Grass,1.0700000524520874,0.681,0.439,,19.8,15,0.38,9.1,Low
LPIS-61714009671_6A,Ley / Grass,1.0700000524520874,0.832,0.57,,6.4,40,0.93,40,Moderate
LPIS-61753984979_12A,Ley / Grass,1.0700000524520874,0.781,0.49,,8.4,40,0.7,29.9,Low
LPIS-61733963095_2C,Ley / Grass,1.0700000524520874,0.427,0.27,,51.2,15,0.78,12.1,Low
LPIS-61623964851_6A,Spring Barley,1.0700000524520874,0.797,0.532,,12.3,70,0.55,32.5,Moderate
LPIS-61623963241_12A,Ley / Grass,1.0700000524520874,0.676,0.441,,15.5,15,0.73,8.8,Low
LPIS-61623962178_33A,Ley / Grass,1.0700000524520874,0.833,0.596,,8.5,15,0.39,31.7,Moderate
LPIS-61703921873_20A,Ley / Grass,1.0700000524520874,0.648,0.408,,12.4,15,0.62,8.2,Low
LPIS-61703949085_14A,Spring Barley,1.0700000524520874,0.761,0.563,,12.5,15,0.78,9.5,Low
LPIS-61783974552_179A,Ley / Grass,1.0700000524520874,0.723,0.481,,6.5,70,0.67,30.3,Moderate
LPIS-61704015308_14A,Fallow,1.0700000524520874,0.738,0.558,,13.9,40,0.78,21.8,Low
LPIS-61584046611_133A,Ley / Grass,1.059999942779541,0.685,0.451,,16.8,40,0.64,18,Low
LPIS-61663982193_93A,Ley / Grass,1.059999942779541,0.703,0.459,,22.7,70,0.75,29.3,Low
LPIS-61554051134_1A,Ley / Grass,1.059999942779541,0.743,0.503,,26,40,0.59,25.3,Low
LPIS-61723996709_5A,Unknown,1.059999942779541,0.586,0.375,,19.1,15,0.6,9,Low
LPIS-61723936930_5A,Ley / Grass,1.059999942779541,0.807,0.542,,10.1,40,0.52,35.6,Moderate
LPIS-61683976937_12A,Ley / Grass,1.059999942779541,0.616,0.387,,22.4,40,0.76,18.2,Low
LPIS-61713958213_2A,Winter Wheat,1.059999942779541,0.625,0.437,,5.1,40,0.63,17.3,Low
LPIS-61763912399_6A,Ley / Grass,1.059999942779541,0.698,0.446,,15,40,0.6,17.6,Low
LPIS-61504013883_2A,Fallow,1.059999942779541,0.721,0.515,,14.9,15,0.89,9.5,Low
LPIS-61724015772_124A,Ley / Grass,1.059999942779541,0.735,0.494,,17,70,0.6,33.6,Moderate
LPIS-61543940749_18A,Winter Wheat,1.059999942779541,0.739,0.511,,9.2,15,0.65,8.6,Low
LPIS-61503939480_22A,Winter Wheat,1.059999942779541,0.807,0.591,,6,15,0.76,13.9,Low
LPIS-61493999126_55A,Fallow,1.0499999523162842,0.712,0.46,,22.7,15,0.7,9.4,Low
LPIS-61604063041_34A,Sugar Beet,1.0499999523162842,0.821,0.662,,12.8,40,0.6,29.7,Low
LPIS-61463982137_7C,Fallow,1.0499999523162842,0.726,0.468,,20,15,0.65,9.8,Low
LPIS-61574040520_30A,Winter Wheat,1.0499999523162842,0.833,0.567,,3,40,0.67,27.8,Low
LPIS-61623970314_16A,Ley / Grass,1.0499999523162842,0.878,0.597,,3.7,40,0.54,48.1,Moderate
LPIS-61673942207_14A,Ley / Grass,1.0499999523162842,0.832,0.547,,7.3,40,0.83,39.7,Moderate
LPIS-61733961917_48A,Ley / Grass,1.0499999523162842,0.569,0.365,,20.9,40,0.75,18.2,Low
LPIS-61604031296_25A,Ley / Grass,1.0499999523162842,0.678,0.458,,21.7,40,0.71,18.7,Low
LPIS-61634047614_2A,Ley / Grass,1.0499999523162842,0.707,0.463,,20.8,40,0.52,18.3,Low
LPIS-61564044635_23A,Rapeseed,1.0499999523162842,0.855,0.671,,7.1,15,0.68,27.4,Low
LPIS-61723982459_20A,Winter Wheat,1.0499999523162842,0.649,0.484,,8.8,15,0.66,9.2,Low
LPIS-61624028292_13A,Winter Barley,1.0499999523162842,0.722,0.514,,10.2,15,0.64,9,Low
LPIS-61614050580_120A,Winter Wheat,1.0499999523162842,0.582,0.378,,24.2,40,0.78,18.6,Low
LPIS-61703961958_9C,Ley / Grass,1.0499999523162842,0.734,0.479,,8.6,70,0.64,32.3,Moderate
LPIS-61604067649_42A,Ley / Grass,1.0499999523162842,0.751,0.502,,15.5,70,0.83,36.4,Moderate
LPIS-61663968417_48A,Ley / Grass,1.0499999523162842,0.643,0.417,,15.4,15,0.71,8.7,Low
LPIS-61663966658_8A,Ley / Grass,1.0499999523162842,0.765,0.52,,7.9,40,0.55,27.5,Low
LPIS-61653996541_90A,Ley / Grass,1.0499999523162842,0.581,0.376,,26.2,70,0.8,29.6,Low
LPIS-61554001170_2E,Ley / Grass,1.0499999523162842,0.665,0.435,,17.3,15,0.84,9,Low
LPIS-61723952294_117A,Unknown,1.0499999523162842,0.572,0.346,,10.5,40,0.64,16.7,Low
LPIS-61674035126_101G,Unknown,1.0399999618530273,0.625,0.4,,13.5,40,0.63,17.4,Low
LPIS-61564008402_67A,Spring Barley,1.0399999618530273,0.827,0.55,,3.3,15,0.65,17.8,Low
LPIS-61704016778_4A,Ley / Grass,1.0399999618530273,0.728,0.456,,18.3,70,0.89,31.9,Moderate
LPIS-61633964682_52A,Ley / Grass,1.0399999618530273,0.766,0.519,,8.9,40,0.56,27.9,Low
LPIS-61534030409_21A,Fallow,1.0399999618530273,0.703,0.48,,11.3,40,0.42,17.7,Low
LPIS-61604052859_86A,Ley / Grass,1.0399999618530273,0.752,0.507,,14.2,40,0.72,25.8,Low
LPIS-61663975343_11A,Ley / Grass,1.0399999618530273,0.762,0.512,,15.2,40,0.49,27.7,Low
LPIS-61713965257_15A,Ley / Grass,1.0399999618530273,0.727,0.48,,8.4,15,0.6,11.3,Low
LPIS-61574067787_90A,Winter Wheat,1.0399999618530273,0.507,0.322,,21.2,15,0.53,9.1,Low
LPIS-61534005301_3A,Winter Wheat,1.0399999618530273,0.707,0.517,,15.2,40,0.7,18.7,Low
LPIS-61743998518_14A,Unknown,1.0399999618530273,0.745,0.481,,10.3,40,0.6,29.7,Low
LPIS-61723937051_8A,Ley / Grass,1.0399999618530273,0.72,0.461,,9.4,70,0.58,29.7,Low
LPIS-61733941373_28A,Ley / Grass,1.0399999618530273,0.655,0.432,,19.9,40,0.62,18.3,Low
LPIS-61624053284_71A,Ley / Grass,1.0399999618530273,0.682,0.466,,4.6,40,0.8,17.1,Low
LPIS-61694006406_36A,Fallow,1.0399999618530273,0.785,0.515,,11.3,40,0.7,28.8,Low
LPIS-61703939563_2A,Ley / Grass,1.0399999618530273,0.741,0.47,,10.4,15,0.57,13.8,Low
LPIS-61583982436_8A,Spring Barley,1.0399999618530273,0.635,0.497,,31,15,0.41,11.9,Low
LPIS-61733947711_30A,Ley / Grass,1.0399999618530273,0.677,0.433,,9.9,40,0.59,17.1,Low
LPIS-61554069280_21A,Ley / Grass,1.0399999618530273,0.644,0.456,,17.9,15,0.48,9.7,Low
LPIS-61503992886_110A,Winter Wheat,1.0299999713897705,0.815,0.595,,15.4,15,0.57,16.6,Low
LPIS-61584062822_79A,Ley / Grass,1.0299999713897705,0.718,0.498,,8.5,70,0.42,29.8,Low
LPIS-61724021561_33A,Unknown,1.0299999713897705,0.591,0.398,,8.7,40,0.54,17.4,Low
LPIS-61723942793_29A,Winter Wheat,1.0299999713897705,0.511,0.327,,11.9,40,0.61,17.3,Low
LPIS-61623973007_43A,Ley / Grass,1.0299999713897705,0.753,0.49,,14.6,15,0.68,16.5,Low
LPIS-61634011645_93A,Ley / Grass,1.0299999713897705,0.644,0.388,,14.3,15,0.86,8.1,Low
LPIS-61673947085_17A,Winter Wheat,1.0299999713897705,0.767,0.505,,15.3,40,0.78,17.8,Low
LPIS-61664004755_4A,Unknown,1.0299999713897705,0.842,0.56,,7.9,70,0.74,73.1,High
LPIS-61614046160_29B,Ley / Grass,1.0299999713897705,0.63,0.398,,21.1,40,0.63,18.1,Low
LPIS-61733988167_5A,Ley / Grass,1.0299999713897705,0.588,0.365,,18.9,40,0.71,17.7,Low
LPIS-61504021550_5A,Winter Wheat,1.0299999713897705,0.683,0.519,,14.9,15,0.56,10,Low
LPIS-61613980512_30B,Unknown,1.0299999713897705,0.799,0.521,,23.5,15,0.58,33.5,Moderate
LPIS-61534036667_9A,Ley / Grass,1.0299999713897705,0.731,0.49,,14.9,15,0.67,12.8,Low
LPIS-61724026959_39A,Unknown,1.0299999713897705,0.62,0.427,,10.5,70,0.57,28.5,Low
LPIS-61574058904_81A,Maize,1.0299999713897705,0.435,0.292,,72.5,40,0.7,23.7,Low
LPIS-61623964460_17A,Ley / Grass,1.0299999713897705,0.845,0.585,,12.1,40,0.37,43,Moderate
LPIS-61604063124_48A,Fallow,1.0199999809265137,0.694,0.479,,18.9,40,0.73,18.6,Low
LPIS-61533989394_26A,Sugar Beet,1.0199999809265137,0.828,0.582,,5.5,15,0.68,20.8,Low
LPIS-61663993631_90A,Ley / Grass,1.0199999809265137,0.711,0.463,,19.7,40,0.49,18.3,Low
LPIS-61693978247_5A,Ley / Grass,1.0199999809265137,0.816,0.573,,18.1,40,0.76,38.3,Moderate
LPIS-61723930101_5A,Ley / Grass,1.0199999809265137,0.726,0.462,,9.8,40,0.51,19.9,Low
LPIS-61713975290_5G,Spring Barley,1.0199999809265137,0.86,0.646,,6.3,15,0.63,25.6,Low
LPIS-61533963610_8A,Ley / Grass,1.0199999809265137,0.71,0.432,,18.9,40,1,17.6,Low
LPIS-61613966762_25A,Ley / Grass,1.0199999809265137,0.823,0.552,,7.2,15,0.67,29.2,Low
LPIS-61513975621_1B,Spring Barley,1.0199999809265137,0.804,0.626,,29.2,15,0.75,17.3,Low
LPIS-61693992464_190A,Ley / Grass,1.0199999809265137,0.658,0.427,,16,40,0.51,17.8,Low
LPIS-61823965754_85A,Unknown,1.0199999809265137,0.615,0.38,,25.1,40,0.91,18.3,Low
LPIS-61543923421_18A,Spring Barley,1.0199999809265137,0.841,0.68,,4.9,15,0.51,22.5,Low
LPIS-61634051179_112A,Ley / Grass,1.0199999809265137,0.603,0.402,,16.8,40,0.62,18.1,Low
LPIS-61554008328_18A,Winter Wheat,1.0099999904632568,0.731,0.581,,10.4,15,1,10,Low
LPIS-61734017641_7A,Unknown,1.0099999904632568,0.638,0.417,,20.5,40,0.53,18.3,Low
LPIS-61753972809_50A,Unknown,1.0099999904632568,0.733,0.464,,11.3,40,0.65,27.2,Low
LPIS-61613958221_2A,Ley / Grass,1.0099999904632568,0.541,0.356,,23.1,40,0.56,18.6,Low
LPIS-61484016150_116A,Ley / Grass,1.0099999904632568,0.775,0.539,,10.6,15,0.64,20.8,Low
LPIS-61694038528_12A,Ley / Grass,1.0099999904632568,0.773,0.518,,15.5,70,0.72,40.4,Moderate
LPIS-61693946935_65A,Ley / Grass,1.0099999904632568,0.681,0.444,,15.2,40,0.55,17.7,Low
LPIS-61723998018_3A,Winter Wheat,1.0099999904632568,0.569,0.376,,14.7,15,0.75,8.8,Low
LPIS-61483963094_8A,Ley / Grass,1.0099999904632568,0.451,0.31,,26.7,15,0.76,10.3,Low
LPIS-61743956109_79C,Ley / Grass,1.0099999904632568,0.874,0.604,,3.7,40,0.18,47.7,Moderate
LPIS-61673965871_23A,Ley / Grass,1.0099999904632568,0.827,0.555,,9.1,70,0.62,50,Moderate
LPIS-61623976933_10A,Ley / Grass,1.0099999904632568,0.773,0.508,,14.3,40,0.64,29.5,Low
LPIS-61653999417_7B,Ley / Grass,1.0099999904632568,0.844,0.609,,10.7,40,0.57,43.1,Moderate
LPIS-61654015433_1A,Ley / Grass,1.0099999904632568,0.782,0.534,,15.2,40,0.63,31.5,Moderate
LPIS-61694001064_404A,Fallow,1.0099999904632568,0.553,0.362,,44.5,40,0.65,20.7,Low
LPIS-61683918639_4A,Ley / Grass,1.0099999904632568,0.638,0.412,,11.4,70,0.7,28.1,Low
LPIS-61783966626_197A,Ley / Grass,1.0099999904632568,0.651,0.412,,10.1,40,0.74,17,Low
LPIS-61463994683_43A,Fallow,1.0099999904632568,0.566,0.371,,36.8,15,0.58,10.9,Low
LPIS-61753945836_2A,Ley / Grass,1.0099999904632568,0.688,0.47,,25.2,70,0.93,29.9,Low
LPIS-61723999463_10A,Fallow,1.0099999904632568,0.679,0.44,,13.4,40,0.55,17.5,Low
LPIS-61684002053_18A,Ley / Grass,1.0099999904632568,0.732,0.486,,15.5,40,0.73,22.1,Low
LPIS-61604042757_5F,Ley / Grass,1.0099999904632568,0.62,0.41,,24.1,40,0.53,18.7,Low
LPIS-61693941255_9A,Ley / Grass,1.0099999904632568,0.869,0.624,,4.6,70,0.9,69.3,High
LPIS-61473998076_14A,Fallow,1.0099999904632568,0.654,0.486,,45.8,15,0.73,12.9,Low
LPIS-61524014915_19A,Winter Wheat,1,0.799,0.556,,11,40,0.56,21.3,Low
LPIS-61693926318_11A,Ley / Grass,1,0.577,0.36,,15.4,15,0.57,8.4,Low
LPIS-61783954615_10A,Fallow,1,0.67,0.405,,10.1,70,0.68,27.5,Low
LPIS-61743944054_23A,Ley / Grass,1,0.809,0.52,,8.2,15,0.68,26.4,Low
LPIS-61674020611_2A,Unknown,1,0.697,0.454,,20.6,40,0.73,20.8,Low
LPIS-61554033789_5A,Fallow,1,0.819,0.63,,17,15,0.64,27.9,Low
LPIS-61743942602_35A,Ley / Grass,1,0.788,0.505,,10.4,70,0.52,42.3,Moderate
LPIS-61733960918_49A,Ley / Grass,1,0.616,0.4,,18.2,70,0.78,28.8,Low
LPIS-61634047425_5A,Ley / Grass,1,0.72,0.491,,11,70,0.58,30.2,Moderate
LPIS-61643993805_35A,Ley / Grass,1,0.669,0.426,,16,15,0.58,8.6,Low
LPIS-61663972686_1A,Ley / Grass,1,0.823,0.559,,6.2,40,0.76,38.2,Moderate
LPIS-61733947439_43A,Ley / Grass,1,0.785,0.528,,7.5,70,0.7,41.9,Moderate
LPIS-61624044204_27A,Ley / Grass,1,0.697,0.463,,12.2,70,0.44,28.4,Low
LPIS-61663951981_6A,Ley / Grass,1,0.711,0.486,,12.4,70,0.58,28.7,Low
LPIS-61683921909_5A,Ley / Grass,1,0.743,0.489,,10.7,40,0.7,23.5,Low
LPIS-61703939939_4A,Ley / Grass,1,0.604,0.387,,6.4,40,0.71,16.7,Low
LPIS-61484027229_9A,Ley / Grass,1,0.689,0.461,,16.9,15,0.32,9.1,Low
LPIS-61494038700_60A,Fallow,1,0.533,0.347,,13,15,0.56,8.5,Low
LPIS-61594055975_180A,Fallow,1,0.704,0.445,,16.4,40,0.57,17.6,Low
LPIS-61583978427_6A,Fallow,1,0.723,0.469,,21.2,40,0.7,18.5,Low
LPIS-61674001676_9A,Ley / Grass,1,0.704,0.439,,21.5,40,0.53,18,Low
LPIS-61674002082_10A,Ley / Grass,1,0.649,0.401,,25,15,0.49,9.3,Low
LPIS-61674012050_11A,Rye,1,0.751,0.487,,12.9,70,0.71,32.7,Moderate
LPIS-61723940150_25A,Fallow,0.9900000095367432,0.713,0.489,,9,40,0.72,17.5,Low
LPIS-61713938742_2A,Ley / Grass,0.9900000095367432,0.78,0.52,,6.9,40,0.76,30.1,Moderate
LPIS-61484005716_52A,Winter Wheat,0.9900000095367432,0.84,0.642,,11.3,15,0.65,22.2,Low
LPIS-61703949714_17A,Ley / Grass,0.9900000095367432,0.684,0.437,,9.3,40,0.97,17,Low
LPIS-61574021013_574A,Ley / Grass,0.9900000095367432,0.773,0.54,,6.8,40,0.51,29.1,Low
LPIS-61703957994_36A,Ley / Grass,0.9900000095367432,0.615,0.397,,8.3,15,0.63,8,Low
LPIS-61634025148_11A,Ley / Grass,0.9900000095367432,0.644,0.405,,16.8,40,0.65,17.6,Low
LPIS-61493983582_2E,Fallow,0.9900000095367432,0.522,0.362,,46.2,5,0.67,8.7,Low
LPIS-61564038978_11A,Rapeseed,0.9900000095367432,0.829,0.575,,8.6,15,0.63,21.6,Low
LPIS-61753945802_5A,Fallow,0.9900000095367432,0.722,0.474,,9.6,40,0.9,17.2,Low
LPIS-61574003180_4A,Fallow,0.9900000095367432,0.667,0.503,,20.4,15,0.7,10.5,Low
LPIS-61504031701_16A,Fallow,0.9900000095367432,0.63,0.409,,19.7,40,0.35,18.2,Low
LPIS-61733978051_38A,Spring Barley,0.9900000095367432,0.864,0.617,,3.4,70,0.82,45.6,Moderate
LPIS-61693998159_7A,Unknown,0.9900000095367432,0.665,0.434,,9.9,15,0.64,8.2,Low
LPIS-61583959575_4A,Fallow,0.9900000095367432,0.732,0.532,,14,15,0.58,11.2,Low
LPIS-61693952183_7A,Ley / Grass,0.9900000095367432,0.704,0.477,,6.7,40,0.77,17.2,Low
LPIS-61723954629_27A,Fallow,0.9900000095367432,0.756,0.501,,7.7,40,0.88,23.2,Low
LPIS-61603966359_51A,Spring Barley,0.9900000095367432,0.6,0.415,,28.1,15,0.7,10.5,Low
LPIS-61673964993_111A,Ley / Grass,0.9900000095367432,0.752,0.514,,17,70,0.51,36.8,Moderate
LPIS-61714029350_42A,Unknown,0.9800000190734863,0.551,0.358,,9.6,40,0.88,17.2,Low
LPIS-61513940953_4A,Rapeseed,0.9800000190734863,0.713,0.442,,15.6,15,0.68,8.4,Low
LPIS-61633965856_49A,Ley / Grass,0.9800000190734863,0.775,0.534,,4.9,70,0.86,40,Moderate
LPIS-61523961248_32A,Winter Wheat,0.9800000190734863,0.795,0.617,,24.6,15,0.76,13.7,Low
LPIS-61763932169_3A,Ley / Grass,0.9800000190734863,0.808,0.552,,10.6,70,0.68,46.6,Moderate
LPIS-61503943140_14A,Ley / Grass,0.9800000190734863,0.632,0.438,,21,15,0.53,9.8,Low
LPIS-61703941157_3A,Ley / Grass,0.9800000190734863,0.623,0.413,,8.2,70,0.68,28,Low
LPIS-61613955944_11C,Ley / Grass,0.9800000190734863,0.717,0.485,,4.7,40,0.52,18.3,Low
LPIS-61663972346_1A,Ley / Grass,0.9800000190734863,0.629,0.405,,24,40,0.7,18.5,Low
LPIS-61663955263_9A,Ley / Grass,0.9800000190734863,0.721,0.474,,14.5,70,0.67,30.5,Moderate
LPIS-61504022838_45A,Maize,0.9800000190734863,0.813,0.6,,9.2,15,0.63,25.5,Low
LPIS-61614048089_24A,Ley / Grass,0.9800000190734863,0.788,0.519,,13.4,40,0.7,32.2,Moderate
LPIS-61713931464_7A,Ley / Grass,0.9800000190734863,0.721,0.471,,8.8,70,0.7,29.9,Low
LPIS-61664007215_56A,Winter Wheat,0.9800000190734863,0.842,0.603,,14.8,70,0.68,42.3,Moderate
LPIS-61664001105_14A,Ley / Grass,0.9700000286102295,0.623,0.407,,29,40,0.57,19.1,Low
LPIS-61584054864_18A,Winter Wheat,0.9700000286102295,0.794,0.625,,11.3,40,0.57,21.4,Low
LPIS-61623978422_12A,Ley / Grass,0.9700000286102295,0.68,0.441,,18.5,40,0.63,18,Low
LPIS-61753937965_139A,Fallow,0.9700000286102295,0.696,0.513,,4.7,15,0.73,8.7,Low
LPIS-61503987091_59A,Ley / Grass,0.9700000286102295,0.854,0.592,,5.4,40,0.38,44,Moderate
LPIS-61504013883_2B,Fallow,0.9700000286102295,0.732,0.499,,8.6,15,0.86,10.3,Low
LPIS-61624011543_1B,Fallow,0.9700000286102295,0.683,0.432,,23.9,15,0.48,9.4,Low
LPIS-61713930648_5A,Ley / Grass,0.9700000286102295,0.644,0.409,,9.2,40,0.68,16.9,Low
LPIS-61563943163_71A,Winter Wheat,0.9700000286102295,0.692,0.532,,27.7,40,0.81,20.4,Low
LPIS-61474014702_2C,Fallow,0.9700000286102295,0.788,0.551,,12.3,40,0.61,29.9,Low
LPIS-61694039823_13A,Ley / Grass,0.9700000286102295,0.738,0.5,,17.9,70,0.81,34.3,Moderate
LPIS-61724001322_53A,Ley / Grass,0.9700000286102295,0.719,0.463,,17.2,40,0.79,19.4,Low
LPIS-61733946719_49A,Ley / Grass,0.9700000286102295,0.751,0.507,,3.5,40,0.62,24.4,Low
LPIS-61584022564_2A,Unknown,0.9700000286102295,0.771,0.56,,23.2,15,0.7,28.4,Low
LPIS-61743977321_13A,Rapeseed,0.9700000286102295,0.846,0.617,,5,40,0.68,33.8,Moderate
LPIS-61823963765_96A,Ley / Grass,0.9599999785423279,0.676,0.448,,16.9,40,0.74,18.1,Low
LPIS-61733951180_4A,Ley / Grass,0.9599999785423279,0.611,0.384,,21.7,70,0.57,28.9,Low
LPIS-61534057618_5D,Ley / Grass,0.9599999785423279,0.707,0.516,,17.3,15,0.31,9.9,Low
LPIS-61723980652_15A,Winter Wheat,0.9599999785423279,0.735,0.584,,15.1,15,0.88,10.4,Low
LPIS-61584020356_59A,Ley / Grass,0.9599999785423279,0.762,0.503,,9.9,40,0.56,26.9,Low
LPIS-61624017651_3E,Fallow,0.9599999785423279,0.83,0.573,,5.1,15,0.44,27.7,Low
LPIS-61783963357_10B,Ley / Grass,0.9599999785423279,0.643,0.421,,19.3,15,0.81,9.2,Low
LPIS-61533932968_67A,Spring Barley,0.9599999785423279,0.793,0.609,,12.3,40,0.28,22.1,Low
LPIS-61553994547_1E,Unknown,0.9599999785423279,0.343,0.233,,46.5,15,1,12.2,Low
LPIS-61604055934_153B,Ley / Grass,0.9599999785423279,0.629,0.412,,27.8,15,0.83,10,Low
LPIS-61683919522_20A,Ley / Grass,0.9599999785423279,0.626,0.4,,17,40,0.51,17.8,Low
LPIS-61683906882_27A,Ley / Grass,0.9599999785423279,0.611,0.407,,10.7,70,0.62,28.3,Low
LPIS-61674018583_5A,Fallow,0.9599999785423279,0.65,0.415,,18.4,15,0.75,8.9,Low
LPIS-61574033298_15A,Fallow,0.949999988079071,0.636,0.379,,32.4,40,0.75,18.8,Low
LPIS-61584006133_24A,Winter Wheat,0.949999988079071,0.743,0.585,,16.8,15,0.56,10.5,Low
LPIS-61624041890_9A,Ley / Grass,0.949999988079071,0.736,0.475,,14.5,40,0.63,22.3,Low
LPIS-61584024561_12A,Spring Barley,0.949999988079071,0.834,0.603,,11.2,15,0.69,20.6,Low
LPIS-61614045241_17A,Ley / Grass,0.949999988079071,0.583,0.375,,30,40,1,19.1,Low
LPIS-61544022027_16A,Ley / Grass,0.949999988079071,0.671,0.453,,15.7,40,0.68,18.1,Low
LPIS-61523970379_30A,Rapeseed,0.949999988079071,0.847,0.681,,10.4,15,0.83,26.5,Low
LPIS-61614031613_42A,Ley / Grass,0.949999988079071,0.715,0.469,,16.4,15,0.66,9.8,Low
LPIS-61463994992_32A,Winter Barley,0.949999988079071,0.699,0.497,,14.9,15,0.56,9.4,Low
LPIS-61724000375_9A,Ley / Grass,0.949999988079071,0.798,0.544,,8.7,40,0.98,33.7,Moderate
LPIS-61564073797_188A,Ley / Grass,0.949999988079071,0.807,0.524,,6.4,15,0.62,25.9,Low
LPIS-61523920729_11A,Ley / Grass,0.949999988079071,0.613,0.404,,29.2,15,0.67,10.2,Low
LPIS-61703934312_108A,Ley / Grass,0.949999988079071,0.718,0.536,,8.1,40,0.71,19.7,Low
LPIS-61443983465_22A,Rapeseed,0.949999988079071,0.715,0.523,,11.7,15,0.66,9.3,Low
LPIS-61783961969_1A,Ley / Grass,0.949999988079071,0.618,0.416,,15.3,15,0.77,9,Low
LPIS-61724009352_107A,Fallow,0.949999988079071,0.527,0.34,,29.9,40,0.79,19.1,Low
LPIS-61723931031_1A,Oats,0.949999988079071,0.778,0.499,,6.3,40,0.82,24.1,Low
LPIS-61724001033_54A,Ley / Grass,0.949999988079071,0.734,0.454,,15.1,70,0.81,32.6,Moderate
LPIS-61713931678_4A,Ley / Grass,0.949999988079071,0.758,0.519,,11.7,70,0.63,37.5,Moderate
LPIS-61484009070_54A,Spring Barley,0.949999988079071,0.813,0.64,,17.4,15,0.59,17.9,Low
LPIS-61494034802_18A,Ley / Grass,0.949999988079071,0.562,0.36,,25.9,40,0.52,18.7,Low
LPIS-61743972253_40A,Ley / Grass,0.949999988079071,0.795,0.519,,11.7,70,0.69,44.1,Moderate
LPIS-61723948372_11A,Ley / Grass,0.9399999976158142,0.723,0.481,,11.8,40,0.86,20,Low
LPIS-61614044643_26A,Ley / Grass,0.9399999976158142,0.624,0.385,,18.8,40,0.91,17.7,Low
LPIS-61623960946_11E,Fallow,0.9399999976158142,0.787,0.523,,9.6,15,0.4,20.1,Low
LPIS-61683907091_28A,Ley / Grass,0.9399999976158142,0.576,0.378,,24.6,70,0.62,29.5,Low
LPIS-61713929096_16A,Ley / Grass,0.9399999976158142,0.753,0.465,,9.3,15,0.71,15.6,Low
LPIS-61634042051_28A,Ley / Grass,0.9399999976158142,0.74,0.493,,9.7,70,0.59,33.7,Moderate
LPIS-61653998136_81A,Ley / Grass,0.9399999976158142,0.69,0.451,,13.6,70,0.68,28.4,Low
LPIS-61493999946_58C,Fallow,0.9399999976158142,0.845,0.597,,9.1,40,0.47,40.1,Moderate
LPIS-61743975426_9A,Rapeseed,0.9399999976158142,0.787,0.572,,7.7,40,0.65,23.3,Low
LPIS-61523989695_4A,Winter Wheat,0.9399999976158142,0.859,0.682,,13.7,40,0.78,36.1,Moderate
LPIS-61634002880_75A,Fallow,0.9399999976158142,0.695,0.434,,26.7,15,0.67,9.6,Low
LPIS-61704011212_8A,Ley / Grass,0.9399999976158142,0.578,0.413,,50.5,40,0.34,22,Low
LPIS-61724003557_103C,Fallow,0.9399999976158142,0.808,0.57,,10.1,70,1,44.3,Moderate
LPIS-61713973634_15A,Fallow,0.9399999976158142,0.698,0.437,,8.1,40,0.59,16.7,Low
LPIS-61693949132_2A,Ley / Grass,0.9399999976158142,0.639,0.416,,16.7,40,0.67,17.9,Low
LPIS-61713930957_6A,Ley / Grass,0.9399999976158142,0.684,0.437,,11.9,40,0.76,17.3,Low
LPIS-61713936875_6A,Ley / Grass,0.9399999976158142,0.651,0.411,,8.1,40,0.81,16.8,Low
LPIS-61503993332_16A,Spring Barley,0.9399999976158142,0.828,0.627,,10,15,0.43,19.8,Low
LPIS-61743926426_321A,Unknown,0.9399999976158142,0.364,0.242,,65,15,0.68,13.9,Low
LPIS-61524017406_92B,Spring Barley,0.9399999976158142,0.719,0.558,,13.8,15,0.27,10.1,Low
LPIS-61714016386_33A,Spring Barley,0.9300000071525574,0.55,0.352,,16.3,40,0.8,17.7,Low
LPIS-61603986286_32A,Spring Barley,0.9300000071525574,0.854,0.676,,10.5,15,0.49,25.3,Low
LPIS-61653983741_2A,Ley / Grass,0.9300000071525574,0.831,0.563,,12.1,40,0.75,40.2,Moderate
LPIS-61624048729_18A,Ley / Grass,0.9300000071525574,0.753,0.527,,8.1,40,0.7,25.6,Low
LPIS-61593955110_116B,Fallow,0.9300000071525574,0.81,0.594,,6.8,40,0.13,33.8,Moderate
LPIS-61733988845_31A,Spring Barley,0.9300000071525574,0.801,0.584,,9.4,70,0.81,33.8,Moderate
LPIS-61733993002_23A,Ley / Grass,0.9300000071525574,0.607,0.388,,24.8,15,0.5,9.6,Low
LPIS-61544020126_15A,Ley / Grass,0.9300000071525574,0.655,0.434,,18.1,40,0.63,18.2,Low
LPIS-61713950729_9A,Ley / Grass,0.9300000071525574,0.664,0.447,,14.4,70,0.55,28.7,Low
LPIS-61654015817_4A,Ley / Grass,0.9300000071525574,0.66,0.429,,28.5,40,0.68,19,Low
LPIS-61484025072_1A,Ley / Grass,0.9200000166893005,0.544,0.346,,17.9,15,0.33,8.8,Low
LPIS-61763952874_131A,Fallow,0.9200000166893005,0.634,0.422,,8.1,70,0.81,28,Low
LPIS-61763950419_8A,Ley / Grass,0.9200000166893005,0.766,0.519,,8.3,70,0.77,38.5,Moderate
LPIS-61543975455_65A,Fallow,0.9200000166893005,0.861,0.614,,4.2,15,0.83,33.5,Moderate
LPIS-61763949327_1A,Ley / Grass,0.9200000166893005,0.572,0.357,,80.5,40,0.66,23.9,Low
LPIS-61573965901_17D,Fallow,0.9200000166893005,0.861,0.612,,4.1,40,0.11,42.5,Moderate
LPIS-61614048974_4A,Ley / Grass,0.9200000166893005,0.717,0.457,,11.8,70,0.89,29.3,Low
LPIS-61634052128_2A,Ley / Grass,0.9200000166893005,0.772,0.522,,8.7,70,0.72,39.8,Moderate
LPIS-61624005215_14A,Ley / Grass,0.9200000166893005,0.725,0.493,,8.3,40,0.82,20.2,Low
LPIS-61734014242_22A,Unknown,0.9200000166893005,0.752,0.527,,12.3,40,0.63,32,Moderate
LPIS-61574085209_51B,Ley / Grass,0.9200000166893005,0.812,0.542,,11.2,15,0.48,27.4,Low
LPIS-61624043632_8A,Ley / Grass,0.9200000166893005,0.751,0.494,,9.1,70,0.59,35.6,Moderate
LPIS-61663971069_4A,Ley / Grass,0.9200000166893005,0.809,0.531,,7.8,40,0.97,35.4,Moderate
LPIS-61664028310_1A,Unknown,0.9200000166893005,0.651,0.42,,17,70,0.88,28.7,Low
LPIS-61653979267_16A,Spring Barley,0.9200000166893005,0.857,0.618,,3.8,40,0.83,33.5,Moderate
LPIS-61653978170_18A,Ley / Grass,0.9200000166893005,0.834,0.579,,8.4,40,0.63,40.6,Moderate
LPIS-61743927921_179A,Unknown,0.9200000166893005,0.651,0.408,,11.6,40,0.73,17.1,Low
LPIS-61604045354_16A,Ley / Grass,0.9200000166893005,0.685,0.461,,24.1,40,0.7,18.9,Low
LPIS-61684017242_132A,Ley / Grass,0.9100000262260437,0.592,0.389,,14,40,0.6,17.7,Low
LPIS-61563996387_10F,Fallow,0.9100000262260437,0.836,0.682,,12.5,15,0.67,31.1,Moderate
LPIS-61504012983_1B,Ley / Grass,0.9100000262260437,0.797,0.606,,6.3,15,0.65,25.3,Low
LPIS-61553966888_3D,Fallow,0.9100000262260437,0.812,0.57,,9.5,15,0.16,25.1,Low
LPIS-61703949028_8A,Ley / Grass,0.9100000262260437,0.674,0.423,,10.2,40,0.75,16.9,Low
LPIS-61613982354_41A,Spring Barley,0.9100000262260437,0.849,0.633,,8.4,15,0.66,23.6,Low
LPIS-61673948369_74A,Fallow,0.9100000262260437,0.776,0.513,,12.3,40,0.68,27.2,Low
LPIS-61644010505_3A,Ley / Grass,0.9100000262260437,0.602,0.407,,43.3,40,0.7,20.9,Low
LPIS-61743975407_11B,Fallow,0.9100000262260437,0.834,0.62,,5.9,40,0.6,38.2,Moderate
LPIS-61743976517_12A,Rapeseed,0.9100000262260437,0.805,0.584,,9.7,40,0.62,26.7,Low
LPIS-61663961082_8A,Ley / Grass,0.9100000262260437,0.712,0.484,,12.1,70,0.42,28.9,Low
LPIS-61574020608_573A,Ley / Grass,0.9100000262260437,0.792,0.528,,7.3,70,0.49,43.1,Moderate
LPIS-61723986824_10B,Ley / Grass,0.9100000262260437,0.648,0.443,,24.8,15,0.86,10.1,Low
LPIS-61673952175_46A,Ley / Grass,0.9100000262260437,0.507,0.321,,18.5,40,0.71,17.8,Low
LPIS-61634055708_9A,Ley / Grass,0.8999999761581421,0.648,0.428,,14.3,40,0.6,17.8,Low
LPIS-61503939336_29A,Ley / Grass,0.8999999761581421,0.614,0.402,,29.1,15,0.49,10.2,Low
LPIS-61723945652_110A,Ley / Grass,0.8999999761581421,0.772,0.508,,12.4,40,0.45,29,Low
LPIS-61664026415_14A,Ley / Grass,0.8999999761581421,0.745,0.499,,7.1,70,0.6,34.5,Moderate
LPIS-61604060663_2B,Fallow,0.8999999761581421,0.831,0.594,,7.8,40,0.46,37.4,Moderate
LPIS-61624058717_30A,Ley / Grass,0.8999999761581421,0.667,0.426,,11.4,70,0.56,28,Low
LPIS-61464008775_42A,Ley / Grass,0.8999999761581421,0.648,0.437,,25.4,40,0.66,19,Low
LPIS-61634016823_85C,Fallow,0.8999999761581421,0.763,0.467,,15.8,40,0.83,24.8,Low
LPIS-61723952189_119A,Unknown,0.8999999761581421,0.628,0.402,,9,40,0.56,17,Low
LPIS-61703939096_4A,Ley / Grass,0.8999999761581421,0.692,0.456,,25.6,40,0.59,18.9,Low
LPIS-61653959480_5A,Ley / Grass,0.8999999761581421,0.774,0.534,,7.3,70,0.54,40.1,Moderate
LPIS-61674015082_4D,Fallow,0.8999999761581421,0.684,0.443,,24.4,70,0.8,29.4,Low
LPIS-61753938714_94A,Ley / Grass,0.8999999761581421,0.738,0.469,,8.7,40,0.66,22.1,Low
LPIS-61564008178_576A,Ley / Grass,0.8999999761581421,0.728,0.491,,9.2,40,0.25,20.8,Low
LPIS-61723982555_25A,Unknown,0.8999999761581421,0.648,0.454,,9.1,15,0.62,8.7,Low
LPIS-61703948485_12A,Spring Barley,0.8999999761581421,0.709,0.514,,12.1,40,0.6,18.3,Low
LPIS-61624010407_1A,Ley / Grass,0.8999999761581421,0.764,0.507,,20.5,15,0.64,19.4,Low
LPIS-61763932377_4A,Ley / Grass,0.8999999761581421,0.75,0.486,,11.7,40,0.97,24.8,Low
LPIS-61514016258_29B,Ley / Grass,0.8999999761581421,0.731,0.506,,9.2,15,0.73,12.5,Low
LPIS-61653996912_5A,Fallow,0.8899999856948853,0.671,0.458,,17.6,70,0.63,29.1,Low
LPIS-61683952488_103A,Ley / Grass,0.8899999856948853,0.752,0.488,,5.9,15,0.9,15.6,Low
LPIS-61703924550_10A,Ley / Grass,0.8899999856948853,0.639,0.429,,23.6,15,0.76,9.8,Low
LPIS-61553981522_9A,Sugar Beet,0.8899999856948853,0.737,0.508,,12,15,0.75,8.9,Low
LPIS-61654002874_7A,Unknown,0.8899999856948853,0.718,0.494,,11.7,15,0.79,15.6,Low
LPIS-61644049825_1A,Ley / Grass,0.8899999856948853,0.599,0.367,,41.5,40,0.68,19.9,Low
LPIS-61713952108_8A,Ley / Grass,0.8899999856948853,0.596,0.393,,9.9,70,0.69,28.1,Low
LPIS-61743925318_322A,Unknown,0.8899999856948853,0.386,0.255,,53.9,40,0.57,21.7,Low
LPIS-61634005448_10A,Ley / Grass,0.8899999856948853,0.622,0.403,,21,15,0.6,9.3,Low
LPIS-61574002871_3A,Ley / Grass,0.8899999856948853,0.715,0.498,,20,40,0.83,19.7,Low
LPIS-61574056456_105A,Ley / Grass,0.8899999856948853,0.828,0.614,,5.7,70,0.49,50.5,Moderate
LPIS-61733948710_45A,Ley / Grass,0.8899999856948853,0.709,0.446,,8.1,40,0.83,16.8,Low
LPIS-61594007031_4D,Spring Barley,0.8899999856948853,0.73,0.533,,10.9,15,0.3,9.2,Low
LPIS-61604043452_4A,Ley / Grass,0.8899999856948853,0.738,0.493,,20.5,70,0.65,34.5,Moderate
LPIS-61733984104_3A,Unknown,0.8799999952316284,0.593,0.368,,15.7,15,0.94,8.4,Low
LPIS-61763948876_7A,Fallow,0.8799999952316284,0.817,0.576,,13.7,40,0.61,35.4,Moderate
LPIS-61713990917_78A,Ley / Grass,0.8799999952316284,0.648,0.442,,8.9,40,0.94,17.5,Low
LPIS-61514001809_15A,Ley / Grass,0.8799999952316284,0.805,0.571,,13.1,70,0.52,46.7,Moderate
LPIS-61684018285_2A,Fallow,0.8799999952316284,0.727,0.493,,8.9,70,0.53,29.1,Low
LPIS-61513906195_7A,Spring Barley,0.8799999952316284,0.794,0.634,,17.8,15,0.43,14.3,Low
LPIS-61693948336_3A,Unknown,0.8799999952316284,0.646,0.406,,17.4,40,0.89,17.7,Low
LPIS-61464007574_29A,Fallow,0.8799999952316284,0.51,0.363,,37.2,15,0.48,11.7,Low
LPIS-61743973103_24A,Ley / Grass,0.8799999952316284,0.801,0.515,,13.1,95,0.57,54.2,Moderate
LPIS-61523994386_123B,Spring Barley,0.8799999952316284,0.601,0.444,,37.2,40,0.64,21,Low
LPIS-61623970271_74A,Ley / Grass,0.8799999952316284,0.839,0.572,,5.6,40,0.43,41.2,Moderate
LPIS-61713924581_2A,Ley / Grass,0.8799999952316284,0.659,0.427,,22.9,40,0.8,18.5,Low
LPIS-61564074680_71A,Ley / Grass,0.8799999952316284,0.704,0.48,,11.2,15,0.77,8.7,Low
LPIS-61694006943_2A,Fallow,0.8799999952316284,0.814,0.546,,9.4,70,0.61,44.8,Moderate
LPIS-61684033154_7A,Unknown,0.8799999952316284,0.678,0.464,,12.5,40,0.72,17.9,Low
LPIS-61684029085_11A,Ley / Grass,0.8700000047683716,0.581,0.398,,34.4,40,0.63,20.1,Low
LPIS-61753970149_13A,Ley / Grass,0.8700000047683716,0.849,0.59,,8.6,70,0.5,65.1,High
LPIS-61514009619_4A,Winter Barley,0.8700000047683716,0.781,0.539,,6.7,15,0.78,8.4,Low
LPIS-61624046695_16A,Rye,0.8700000047683716,0.597,0.403,,20.8,95,0.54,38.4,Moderate
LPIS-61713932567_20A,Winter Wheat,0.8700000047683716,0.589,0.438,,10.9,40,0.8,18.4,Low
LPIS-61734011045_18A,Unknown,0.8700000047683716,0.723,0.498,,29.5,70,0.72,38.4,Moderate
LPIS-61583983263_31A,Spring Barley,0.8700000047683716,0.683,0.508,,12,15,0.89,9.5,Low
LPIS-61613968286_29B,Ley / Grass,0.8700000047683716,0.776,0.508,,6.4,15,0.57,20.1,Low
LPIS-61653998756_85A,Ley / Grass,0.8700000047683716,0.628,0.413,,27.1,40,0.56,19,Low
LPIS-61723937425_7A,Ley / Grass,0.8700000047683716,0.823,0.555,,8.2,40,0.62,38.4,Moderate
LPIS-61584070115_22A,Ley / Grass,0.8700000047683716,0.561,0.356,,29.6,15,0.77,10,Low
LPIS-61714016195_38A,Ley / Grass,0.8700000047683716,0.757,0.556,,22.3,40,0.73,28.2,Low
LPIS-61693969555_2A,Ley / Grass,0.8700000047683716,0.622,0.416,,13.8,40,0.51,17.8,Low
LPIS-61623983108_17A,Ley / Grass,0.8700000047683716,0.868,0.588,,3.5,40,0.58,46.3,Moderate
LPIS-61654050304_4A,Unknown,0.8700000047683716,0.648,0.434,,14.8,95,0.78,37.7,Moderate
LPIS-61724027507_132A,Ley / Grass,0.8700000047683716,0.788,0.552,,5.5,95,0.45,51.6,Moderate
LPIS-61684003473_50A,Ley / Grass,0.8700000047683716,0.764,0.521,,5.6,40,0.62,27.1,Low
LPIS-61693928912_27A,Oats,0.8700000047683716,0.562,0.356,,18.7,40,0.54,17.9,Low
LPIS-61613967745_5A,Ley / Grass,0.8700000047683716,0.799,0.606,,26.1,15,0.88,27.7,Low
LPIS-61753986434_19A,Ley / Grass,0.8700000047683716,0.65,0.4,,21.2,70,0.59,28.7,Low
LPIS-61713957103_5A,Ley / Grass,0.8600000143051147,0.556,0.379,,10.3,40,0.78,17.6,Low
LPIS-61713947798_6A,Ley / Grass,0.8600000143051147,0.553,0.37,,9.6,40,0.78,17.4,Low
LPIS-61523932035_45B,Ley / Grass,0.8600000143051147,0.805,0.639,,29.2,15,0.63,29.5,Low
LPIS-61613981744_40A,Ley / Grass,0.8600000143051147,0.76,0.487,,10.2,15,0.61,17.5,Low
LPIS-61723982733_30A,Ley / Grass,0.8600000143051147,0.657,0.428,,18.2,15,0.76,9,Low
LPIS-61604058933_20A,Ley / Grass,0.8600000143051147,0.753,0.483,,9.5,15,0.71,16,Low
LPIS-61683950232_5A,Ley / Grass,0.8600000143051147,0.72,0.501,,12.1,40,0.57,19.7,Low
LPIS-61723933165_1A,Ley / Grass,0.8600000143051147,0.777,0.499,,4.4,40,0.97,29,Low
LPIS-61703994714_57A,Ley / Grass,0.8600000143051147,0.732,0.473,,6.4,40,1,20.8,Low
LPIS-61713927554_106A,Ley / Grass,0.8600000143051147,0.781,0.508,,7,40,0.65,30.1,Moderate
LPIS-61663967574_50A,Ley / Grass,0.8600000143051147,0.658,0.441,,16.5,70,0.61,28.9,Low
LPIS-61613966762_25C,Ley / Grass,0.8600000143051147,0.792,0.526,,10.4,40,0.52,32.6,Moderate
LPIS-61713940641_1A,Ley / Grass,0.8600000143051147,0.569,0.35,,12.1,40,0.93,17,Low
LPIS-61683950283_105A,Ley / Grass,0.8600000143051147,0.765,0.507,,13.5,70,0.68,38.6,Moderate
LPIS-61524014915_19B,Winter Wheat,0.8600000143051147,0.784,0.546,,5.3,40,0.56,17.3,Low
LPIS-61674033018_113B,Unknown,0.8600000143051147,0.534,0.362,,30.6,15,0.62,10.6,Low
LPIS-61693901471_8A,Ley / Grass,0.8500000238418579,0.575,0.357,,17.5,70,0.65,28.4,Low
LPIS-61693910709_22A,Ley / Grass,0.8500000238418579,0.677,0.466,,8.4,70,0.69,28.3,Low
LPIS-61634007136_60A,Ley / Grass,0.8500000238418579,0.535,0.346,,27.4,40,0.56,18.9,Low
LPIS-61684000320_13A,Ley / Grass,0.8500000238418579,0.808,0.574,,9.9,40,0.86,36.1,Moderate
LPIS-61623971921_17A,Ley / Grass,0.8500000238418579,0.853,0.592,,7.6,40,0.59,44.2,Moderate
LPIS-61734025203_2A,Unknown,0.8500000238418579,0.689,0.462,,29.8,70,0.79,31.1,Moderate
LPIS-61634029199_5B,Maize,0.8500000238418579,0.721,0.473,,8.3,70,0.65,38.2,Moderate
LPIS-61613978280_76A,Ley / Grass,0.8500000238418579,0.815,0.533,,12,40,0.64,36.9,Moderate
LPIS-61763944012_65A,Ley / Grass,0.8500000238418579,0.491,0.296,,17.5,40,0.67,17.4,Low
LPIS-61693952675_38A,Ley / Grass,0.8500000238418579,0.671,0.449,,15,40,0.62,17.9,Low
LPIS-61683983826_29A,Fallow,0.8500000238418579,0.785,0.529,,15.4,40,0.56,29.4,Low
LPIS-61723935840_7A,Ley / Grass,0.8399999737739563,0.745,0.467,,8.1,40,0.54,23.2,Low
LPIS-61604063924_49A,Ley / Grass,0.8399999737739563,0.698,0.49,,21,40,0.67,18.9,Low
LPIS-61743928214_178A,Unknown,0.8399999737739563,0.672,0.427,,12.9,70,0.62,28.1,Low
LPIS-61634041338_25A,Ley / Grass,0.8399999737739563,0.694,0.468,,10.1,70,0.49,28.3,Low
LPIS-61734016935_6A,Ley / Grass,0.8399999737739563,0.638,0.415,,18.1,40,0.65,18,Low
LPIS-61663971460_6A,Ley / Grass,0.8399999737739563,0.796,0.53,,9,15,0.81,24.3,Low
LPIS-61624033959_5A,Ley / Grass,0.8399999737739563,0.814,0.557,,19,40,0.68,37.8,Moderate
LPIS-61623995758_45A,Ley / Grass,0.8399999737739563,0.808,0.556,,18.7,40,0.67,36.8,Moderate
LPIS-61664002778_7A,Ley / Grass,0.8399999737739563,0.762,0.503,,11.8,70,0.51,38,Moderate
LPIS-61703998326_5A,Ley / Grass,0.8399999737739563,0.624,0.399,,30.1,40,0.76,19.1,Low
LPIS-61713925596_9A,Ley / Grass,0.8399999737739563,0.616,0.386,,17.8,40,0.81,17.7,Low
LPIS-61673957737_2A,Ley / Grass,0.8399999737739563,0.696,0.488,,4.8,70,0.82,28.1,Low
LPIS-61723951422_17A,Unknown,0.8399999737739563,0.767,0.534,,11.4,40,1,35,Moderate
LPIS-61494009084_10A,Ley / Grass,0.8399999737739563,0.596,0.388,,24.9,40,0.59,18.7,Low
LPIS-61673915983_14A,Ley / Grass,0.8399999737739563,0.781,0.521,,7.3,40,0.94,30.3,Moderate
LPIS-61684037106_6A,Unknown,0.8399999737739563,0.555,0.393,,34.8,40,0.69,20.4,Low
LPIS-61443987239_7A,Fallow,0.8399999737739563,0.691,0.515,,20.2,15,0.64,10.4,Low
LPIS-61663996729_97A,Ley / Grass,0.8399999737739563,0.766,0.493,,10.2,15,0.86,18.6,Low
LPIS-61723950508_2A,Unknown,0.8299999833106995,0.664,0.458,,13.9,40,0.94,18.1,Low
LPIS-61514030837_15A,Spring Barley,0.8299999833106995,0.708,0.521,,13.5,15,0.61,9.6,Low
LPIS-61823988291_176A,Ley / Grass,0.8299999833106995,0.655,0.436,,23.5,70,0.56,29.5,Low
LPIS-61743986459_24A,Unknown,0.8299999833106995,0.802,0.529,,11.5,40,0.72,41.9,Moderate
LPIS-61723934646_6A,Ley / Grass,0.8299999833106995,0.764,0.494,,7.1,40,0.61,27,Low
LPIS-61714022357_13A,Ley / Grass,0.8299999833106995,0.465,0.293,,11.6,40,0.67,17.1,Low
LPIS-61693948296_80C,Ley / Grass,0.8299999833106995,0.593,0.376,,36.3,15,0.58,10.6,Low
LPIS-61723934969_5A,Ley / Grass,0.8299999833106995,0.756,0.492,,7.3,40,0.86,25.5,Low
LPIS-61524031044_11A,Ley / Grass,0.8299999833106995,0.777,0.551,,4.8,40,0.86,29.9,Low
LPIS-61694006442_4A,Fallow,0.8299999833106995,0.8,0.525,,7.3,70,0.71,41.9,Moderate
LPIS-61763965233_4A,Ley / Grass,0.8299999833106995,0.783,0.515,,9.8,40,0.69,30.9,Moderate
LPIS-61613981106_6A,Ley / Grass,0.8299999833106995,0.787,0.523,,13.2,15,0.62,23.1,Low
LPIS-61693924225_8A,Ley / Grass,0.8199999928474426,0.583,0.366,,7.6,40,0.66,16.7,Low
LPIS-61573966682_222A,Ley / Grass,0.8199999928474426,0.803,0.558,,22.1,40,0.3,36.2,Moderate
LPIS-61713972826_10A,Ley / Grass,0.8199999928474426,0.737,0.479,,10.4,70,0.49,33.1,Moderate
LPIS-61684031954_9A,Ley / Grass,0.8199999928474426,0.608,0.398,,20.4,40,0.71,18.3,Low
LPIS-61634063207_133A,Winter Wheat,0.8199999928474426,0.676,0.498,,32.1,40,0.58,20.5,Low
LPIS-61624008451_4A,Ley / Grass,0.8199999928474426,0.708,0.468,,14.9,40,0.44,17.8,Low
LPIS-61703928209_18A,Ley / Grass,0.8199999928474426,0.669,0.431,,20.8,15,0.6,9.2,Low
LPIS-61673947349_71A,Fallow,0.8199999928474426,0.831,0.567,,7.5,15,0.67,28.1,Low
LPIS-61534035054_4A,Ley / Grass,0.8199999928474426,0.702,0.464,,17.5,40,0.71,18.1,Low
LPIS-61573965901_17C,Fallow,0.8199999928474426,0.811,0.537,,4,15,0.28,23.8,Low
LPIS-61713930197_12A,Ley / Grass,0.8199999928474426,0.757,0.507,,23.1,70,0.75,38.2,Moderate
LPIS-61513962158_5C,Spring Barley,0.8199999928474426,0.719,0.482,,17.7,15,0.48,9.2,Low
LPIS-61614054611_15B,Ley / Grass,0.8199999928474426,0.436,0.295,,54.9,15,0.64,13,Low
LPIS-61713989753_12A,Winter Wheat,0.8199999928474426,0.799,0.624,,4.3,15,0.71,12.6,Low
LPIS-61733975752_15A,Unknown,0.8199999928474426,0.62,0.371,,29.5,40,0.89,18.5,Low
LPIS-61624059525_31A,Ley / Grass,0.8199999928474426,0.699,0.455,,10.8,70,0.52,28.1,Low
LPIS-61624027744_15A,Ley / Grass,0.8199999928474426,0.723,0.484,,7.7,40,0.66,19.6,Low
LPIS-61723956918_33A,Ley / Grass,0.8199999928474426,0.757,0.495,,6.1,40,0.92,25.7,Low
LPIS-61493997719_65A,Rapeseed,0.8100000023841858,0.782,0.584,,18.5,15,0.47,14.6,Low
LPIS-61484023905_13A,Fallow,0.8100000023841858,0.764,0.522,,15,15,0.65,16.6,Low
LPIS-61813970730_118A,Ley / Grass,0.8100000023841858,0.692,0.466,,26,70,0.42,29.9,Low
LPIS-61623950942_41A,Ley / Grass,0.8100000023841858,0.481,0.314,,16.2,40,0.69,17.9,Low
LPIS-61734020472_2A,Unknown,0.8100000023841858,0.68,0.438,,16.7,40,0.61,17.8,Low
LPIS-61713933293_5A,Fallow,0.8100000023841858,0.705,0.489,,15.9,40,0.51,18.3,Low
LPIS-61714021348_11A,Winter Wheat,0.8100000023841858,0.597,0.399,,10.1,40,0.71,17.4,Low
LPIS-61563979520_4A,Ley / Grass,0.8100000023841858,0.886,0.617,,2.8,40,0.59,49.7,Moderate
LPIS-61554026375_13A,Ley / Grass,0.8100000023841858,0.703,0.509,,5.7,70,0.59,28.4,Low
LPIS-61633992801_38A,Ley / Grass,0.8100000023841858,0.838,0.577,,12.3,15,0.43,32.7,Moderate
LPIS-61713928297_15A,Ley / Grass,0.8100000023841858,0.726,0.452,,12.1,40,0.62,20,Low
LPIS-61694008630_73A,Ley / Grass,0.8100000023841858,0.776,0.501,,14.5,70,0.86,40.7,Moderate
LPIS-61703942501_8A,Ley / Grass,0.8100000023841858,0.647,0.415,,12.5,70,0.67,28.1,Low
LPIS-61713960523_5A,Ley / Grass,0.8100000023841858,0.719,0.453,,10.8,40,0.69,18.8,Low
LPIS-61574043181_13A,Ley / Grass,0.8100000023841858,0.694,0.462,,18.2,15,0.4,9.2,Low
LPIS-61674021206_2A,Unknown,0.8100000023841858,0.662,0.397,,17.2,40,0.64,17.3,Low
LPIS-61554021572_1C,Fallow,0.8100000023841858,0.7,0.493,,12.2,40,0.86,18.1,Low
LPIS-61514002704_16A,Ley / Grass,0.800000011920929,0.754,0.51,,13.3,70,0.79,36.8,Moderate
LPIS-61584052423_10A,Ley / Grass,0.800000011920929,0.774,0.514,,20,40,0.46,30.3,Moderate
LPIS-61564035567_154A,Ley / Grass,0.800000011920929,0.724,0.465,,12,15,0.65,10.9,Low
LPIS-61724019038_23A,Unknown,0.800000011920929,0.711,0.48,,18.6,40,0.91,23.8,Low
LPIS-61513957282_62A,Fallow,0.800000011920929,0.611,0.467,,77.1,40,0.39,30.3,Moderate
LPIS-61484025523_81A,Ley / Grass,0.800000011920929,0.723,0.48,,20.2,40,0.47,20.8,Low
LPIS-61723930531_2A,Oats,0.800000011920929,0.811,0.57,,4.2,40,1,29.8,Low
LPIS-61553985157_4A,Fallow,0.800000011920929,0.767,0.573,,25.2,15,0.59,18.9,Low
LPIS-61743994969_4A,Unknown,0.800000011920929,0.797,0.543,,9.8,70,0.73,51.8,Moderate
LPIS-61624004984_85A,Ley / Grass,0.800000011920929,0.519,0.328,,28.2,40,0.82,18.8,Low
LPIS-61534049287_1A,Ley / Grass,0.800000011920929,0.674,0.486,,24.2,15,0.61,10.5,Low
LPIS-61723934961_4A,Ley / Grass,0.800000011920929,0.78,0.496,,5.2,40,0.94,29.6,Low
LPIS-61524066909_3A,Fallow,0.800000011920929,0.744,0.495,,10.4,40,0.69,21.4,Low
LPIS-61493972724_3A,Ley / Grass,0.800000011920929,0.767,0.54,,9.2,40,0.57,28.3,Low
LPIS-61713943651_4A,Ley / Grass,0.800000011920929,0.569,0.378,,11.5,40,0.73,17.5,Low
LPIS-61734016429_3A,Ley / Grass,0.800000011920929,0.665,0.444,,25.2,40,0.59,18.9,Low
LPIS-61483963157_102A,Spring Barley,0.800000011920929,0.717,0.581,,6.3,40,0.59,18.8,Low
LPIS-61734012927_25A,Unknown,0.800000011920929,0.691,0.457,,26.3,70,0.92,30.9,Moderate
LPIS-61593998358_51A,Ley / Grass,0.800000011920929,0.606,0.387,,21.9,40,0.74,18.2,Low
LPIS-61543956748_11A,Fallow,0.800000011920929,0.652,0.417,,33.5,15,0.62,10.4,Low
LPIS-61653983727_1A,Ley / Grass,0.800000011920929,0.818,0.541,,10.1,15,0.71,28.4,Low
LPIS-61724016599_133A,Ley / Grass,0.800000011920929,0.699,0.473,,7.8,70,0.62,28.1,Low
LPIS-61574044651_36A,Fallow,0.800000011920929,0.822,0.628,,11.4,40,0.63,36.8,Moderate
LPIS-61663962068_6A,Ley / Grass,0.800000011920929,0.675,0.433,,11,70,0.69,28,Low
LPIS-61653978077_19A,Ley / Grass,0.7900000214576721,0.838,0.579,,4.2,40,0.75,40.9,Moderate
LPIS-61574079501_38A,Ley / Grass,0.7900000214576721,0.593,0.372,,32.1,15,0.57,10.1,Low
LPIS-61663956108_5A,Ley / Grass,0.7900000214576721,0.721,0.456,,21.4,70,0.7,31,Moderate
LPIS-61664012207_4A,Ley / Grass,0.7900000214576721,0.789,0.54,,9.1,70,0.57,43,Moderate
LPIS-61614046160_29C,Ley / Grass,0.7900000214576721,0.541,0.372,,41.3,40,0.78,20.8,Low
LPIS-61453996376_27A,Ley / Grass,0.7900000214576721,0.589,0.398,,21.1,40,0.54,18.6,Low
LPIS-61684008060_402A,Fallow,0.7900000214576721,0.678,0.447,,32,40,0.55,19.5,Low
LPIS-61614044562_14A,Ley / Grass,0.7900000214576721,0.641,0.412,,26.4,15,0.91,9.8,Low
LPIS-61674015490_2A,Ley / Grass,0.7900000214576721,0.802,0.538,,11.9,95,0.51,54.6,Moderate
LPIS-61543933393_12J,Spring Barley,0.7900000214576721,0.716,0.507,,8.9,40,0.44,17.8,Low
LPIS-61683939777_41A,Ley / Grass,0.7900000214576721,0.691,0.45,,8.1,40,0.71,17,Low
LPIS-61823956276_4A,Ley / Grass,0.7900000214576721,0.595,0.384,,25.4,70,0.65,29.5,Low
LPIS-61723982425_29A,Ley / Grass,0.7799999713897705,0.668,0.432,,7.8,15,0.89,7.9,Low
LPIS-61683962266_10B,Ley / Grass,0.7799999713897705,0.739,0.491,,16.2,40,0.71,23.4,Low
LPIS-61554064417_11A,Ley / Grass,0.7799999713897705,0.71,0.484,,3.4,40,0.57,16.9,Low
LPIS-61473969157_40A,Ley / Grass,0.7799999713897705,0.696,0.472,,16.1,40,0.72,18.1,Low
LPIS-61594064308_61B,Ley / Grass,0.7799999713897705,0.709,0.461,,20.6,40,0.68,18.3,Low
LPIS-61624035597_2A,Ley / Grass,0.7799999713897705,0.66,0.438,,23.4,70,0.74,29.5,Low
LPIS-61604027986_5A,Ley / Grass,0.7799999713897705,0.774,0.51,,6.6,15,0.62,19.9,Low
LPIS-61763958649_7A,Ley / Grass,0.7799999713897705,0.702,0.468,,17.3,40,0.71,18.1,Low
LPIS-61594002153_56A,Ley / Grass,0.7799999713897705,0.618,0.403,,21.7,15,0.82,9.4,Low
LPIS-61663974841_14A,Ley / Grass,0.7799999713897705,0.712,0.463,,21.5,40,0.5,18.6,Low
LPIS-61614060740_43B,Ley / Grass,0.7799999713897705,0.735,0.507,,7.5,40,0.62,22,Low
LPIS-61613963891_59A,Fallow,0.7799999713897705,0.676,0.424,,13.3,15,0.42,8.3,Low
LPIS-61504027221_4A,Ley / Grass,0.7799999713897705,0.499,0.322,,16.1,15,0.65,8.8,Low
LPIS-61743983416_23A,Rapeseed,0.7799999713897705,0.757,0.572,,16,40,0.38,19.1,Low
LPIS-61563980984_2D,Fallow,0.7799999713897705,0.748,0.551,,10.1,15,0.08,13.8,Low
LPIS-61564054212_40B,Fallow,0.7799999713897705,0.848,0.604,,3.7,40,0.63,40.2,Moderate
LPIS-61703921838_25A,Ley / Grass,0.7699999809265137,0.653,0.406,,8,40,0.68,16.7,Low
LPIS-61713948393_8A,Winter Wheat,0.7699999809265137,0.615,0.411,,4.9,70,0.83,27.7,Low
LPIS-61724037302_28A,Unknown,0.7699999809265137,0.572,0.381,,18.2,40,0.59,18.2,Low
LPIS-61663995332_96A,Ley / Grass,0.7699999809265137,0.753,0.493,,16.2,40,0.51,25.9,Low
LPIS-61783960988_29A,Ley / Grass,0.7699999809265137,0.678,0.435,,11.5,40,0.65,17.2,Low
LPIS-61694020291_19A,Ley / Grass,0.7699999809265137,0.647,0.453,,27.6,40,0.71,19.6,Low
LPIS-61664008979_1A,Ley / Grass,0.7699999809265137,0.816,0.522,,9.5,40,0.74,36.8,Moderate
LPIS-61713939831_3A,Oats,0.7699999809265137,0.799,0.561,,5.7,40,1,28.1,Low
LPIS-61833980318_91A,Unknown,0.7699999809265137,0.712,0.479,,9.7,40,0.54,23,Low
LPIS-61564072296_13A,Ley / Grass,0.7699999809265137,0.812,0.531,,10,40,0.66,36.2,Moderate
LPIS-61693935855_20A,Ley / Grass,0.7699999809265137,0.765,0.524,,4.7,70,0.74,38,Moderate
LPIS-61534000659_25A,Fallow,0.7699999809265137,0.353,0.223,,100,40,0.55,26,Low
LPIS-61713937365_1C,Ley / Grass,0.7699999809265137,0.678,0.445,,13.8,40,0.69,17.7,Low
LPIS-61733989315_207A,Ley / Grass,0.7599999904632568,0.688,0.444,,10.8,40,0.71,17.2,Low
LPIS-61533965488_21A,Ley / Grass,0.7599999904632568,0.792,0.568,,16.6,15,0.73,24.9,Low
LPIS-61653993446_6A,Ley / Grass,0.7599999904632568,0.758,0.515,,5.6,70,0.69,36.9,Moderate
LPIS-61693965960_4A,Ley / Grass,0.7599999904632568,0.792,0.595,,22.9,40,0.61,35,Moderate
LPIS-61714021284_2A,Ley / Grass,0.7599999904632568,0.485,0.311,,10.7,70,0.67,28,Low
LPIS-61693971195_10A,Ley / Grass,0.7599999904632568,0.802,0.509,,8.1,70,0.97,44.8,Moderate
LPIS-61683922414_6A,Ley / Grass,0.7599999904632568,0.772,0.526,,18,40,0.75,29.9,Low
LPIS-61614022241_6A,Spring Barley,0.7599999904632568,0.826,0.649,,11.6,15,0.46,19.8,Low
LPIS-61663974531_4A,Ley / Grass,0.7599999904632568,0.837,0.563,,6.9,70,0.74,51.5,Moderate
LPIS-61573964056_20B,Fallow,0.7599999904632568,0.813,0.559,,5.3,15,0.06,24.7,Low
LPIS-61674029824_3A,Unknown,0.7599999904632568,0.706,0.476,,20.2,40,0.74,23,Low
LPIS-61694023206_50A,Ley / Grass,0.7599999904632568,0.817,0.564,,10,40,0.67,37.6,Moderate
LPIS-61524014915_19C,Winter Wheat,0.7599999904632568,0.815,0.585,,5.8,15,0.56,15.7,Low
LPIS-61503938752_25A,Ley / Grass,0.7599999904632568,0.699,0.476,,14.8,15,0.86,9.1,Low
LPIS-61704003751_51A,Ley / Grass,0.7599999904632568,0.752,0.518,,6.5,40,0.9,25.1,Low
LPIS-61693951057_4A,Ley / Grass,0.7599999904632568,0.72,0.468,,11,15,0.69,10.1,Low
LPIS-61723978469_3A,Spring Barley,0.75,0.765,0.565,,5.2,15,0.61,8.8,Low
LPIS-61604042757_5C,Ley / Grass,0.75,0.633,0.439,,28.4,40,0.45,19.6,Low
LPIS-61574000737_15B,Spring Barley,0.75,0.866,0.659,,11.2,15,0.78,27.5,Low
LPIS-61604027170_19A,Ley / Grass,0.75,0.814,0.546,,7.9,15,0.53,27.5,Low
LPIS-61693928578_28A,Ley / Grass,0.75,0.725,0.49,,4.7,40,0.76,19.7,Low
LPIS-61614045399_25A,Fallow,0.75,0.723,0.483,,21.4,40,0.55,18.6,Low
LPIS-61603999634_20A,Rapeseed,0.75,0.776,0.594,,33.4,40,0.57,24.2,Low
LPIS-61624036944_16A,Ley / Grass,0.75,0.657,0.416,,21.3,40,0.89,18.1,Low
LPIS-61703962624_45A,Ley / Grass,0.75,0.733,0.496,,11.9,70,0.8,32.8,Moderate
LPIS-61534042606_19A,Ley / Grass,0.75,0.605,0.389,,15.9,15,0.58,8.7,Low
LPIS-61584036678_14A,Ley / Grass,0.75,0.688,0.43,,14.3,15,0.83,8.3,Low
LPIS-61733979913_20A,Ley / Grass,0.75,0.868,0.605,,2.5,70,0.46,68.7,High
LPIS-61714022551_15A,Fallow,0.7400000095367432,0.514,0.338,,14.7,40,0.59,17.8,Low
LPIS-61823954335_3A,Ley / Grass,0.7400000095367432,0.613,0.413,,23.4,70,0.65,29.6,Low
LPIS-61733945144_21B,Ley / Grass,0.7400000095367432,0.73,0.468,,7.9,40,0.83,20.6,Low
LPIS-61674028994_81A,Fallow,0.7400000095367432,0.582,0.377,,11.5,40,0.67,17.3,Low
LPIS-61574010892_572A,Ley / Grass,0.7400000095367432,0.809,0.557,,7.5,70,0.58,46.7,Moderate
LPIS-61663985142_2A,Ley / Grass,0.7400000095367432,0.753,0.502,,23.7,40,0.45,26.8,Low
LPIS-61674035877_117C,Unknown,0.7400000095367432,0.753,0.509,,9.8,40,0.62,31.7,Moderate
LPIS-61594053870_135A,Ley / Grass,0.7400000095367432,0.763,0.491,,13.6,40,0.74,27.3,Low
LPIS-61604064689_51b,Fallow,0.7400000095367432,0.654,0.443,,26.9,40,0.71,19.2,Low
LPIS-61523981314_9E,Unknown,0.7400000095367432,0.757,0.534,,17,15,1,24.6,Low
LPIS-61674035489_104A,Unknown,0.7400000095367432,0.742,0.489,,12.4,70,0.89,40.2,Moderate
LPIS-61663965050_55A,Ley / Grass,0.7400000095367432,0.711,0.464,,9.2,40,0.49,17.2,Low
LPIS-61514043788_1A,Ley / Grass,0.7400000095367432,0.677,0.452,,23.6,40,0.68,18.8,Low
LPIS-61594001337_10A,Ley / Grass,0.7400000095367432,0.677,0.457,,21.6,15,0.73,9.7,Low
LPIS-61633972542_9C,Ley / Grass,0.7400000095367432,0.862,0.586,,3.4,40,0.54,45.1,Moderate
LPIS-61703949120_9A,Ley / Grass,0.7400000095367432,0.681,0.431,,11.8,40,0.9,17.2,Low
LPIS-61713942563_6A,Ley / Grass,0.7400000095367432,0.541,0.355,,12.4,70,0.66,28.3,Low
LPIS-61673966854_19A,Ley / Grass,0.7400000095367432,0.806,0.539,,11,70,0.72,46.1,Moderate
LPIS-61613965946_11A,Ley / Grass,0.7300000190734863,0.742,0.502,,4.8,15,0.75,14,Low
LPIS-61574066329_96A,Winter Wheat,0.7300000190734863,0.41,0.277,,63.1,40,0.69,22.8,Low
LPIS-61663967709_52A,Ley / Grass,0.7300000190734863,0.692,0.459,,7.6,40,0.71,17.1,Low
LPIS-61723958257_13A,Ley / Grass,0.7300000190734863,0.673,0.423,,13.8,70,0.81,28.1,Low
LPIS-61743996252_19A,Unknown,0.7300000190734863,0.662,0.434,,16.1,40,0.75,17.9,Low
LPIS-61654045618_7A,Unknown,0.7300000190734863,0.723,0.488,,11.5,15,0.71,16.6,Low
LPIS-61623988880_221A,Ley / Grass,0.7300000190734863,0.759,0.503,,30.8,40,0.39,28.5,Low
LPIS-61673947859_72A,Ley / Grass,0.7300000190734863,0.801,0.551,,9.4,40,0.76,34.6,Moderate
LPIS-61523997289_13B,Fallow,0.7300000190734863,0.78,0.539,,10.7,40,0.46,28.2,Low
LPIS-61693924307_6A,Ley / Grass,0.7300000190734863,0.738,0.512,,5.5,70,0.83,33.3,Moderate
LPIS-61564043867_37A,Fallow,0.7300000190734863,0.619,0.444,,37.8,15,0.47,11.8,Low
LPIS-61723930620_4A,Ley / Grass,0.7300000190734863,0.763,0.492,,4.2,40,0.96,26.4,Low
LPIS-61474019573_13C,Unknown,0.7300000190734863,0.48,0.326,,17.9,15,0.38,9.3,Low
LPIS-61683950309_3A,Ley / Grass,0.7300000190734863,0.696,0.492,,8.6,40,0.57,17.7,Low
LPIS-61763942202_64A,Ley / Grass,0.7300000190734863,0.614,0.405,,11.5,40,0.74,17.4,Low
LPIS-61584003577_22B,Fallow,0.7300000190734863,0.818,0.573,,7.3,15,0.21,25.8,Low
LPIS-61503990328_49A,Ley / Grass,0.7200000286102295,0.786,0.546,,10.2,15,0.5,23,Low
LPIS-61694005180_6A,Ley / Grass,0.7200000286102295,0.746,0.5,,32.2,40,0.69,26.3,Low
LPIS-61693913096_5A,Ley / Grass,0.7200000286102295,0.794,0.538,,7.7,70,0.56,43.8,Moderate
LPIS-61674033409_115A,Unknown,0.7200000286102295,0.573,0.376,,35,40,0.81,19.8,Low
LPIS-61484027251_22A,Ley / Grass,0.7200000286102295,0.717,0.486,,13.9,15,0.52,10.2,Low
LPIS-61713936518_37A,Ley / Grass,0.7200000286102295,0.599,0.387,,30.8,70,0.81,30,Moderate
LPIS-61663993409_92A,Ley / Grass,0.7200000286102295,0.73,0.457,,18.8,40,0.74,21.6,Low
LPIS-61553960633_9F,Fallow,0.7200000286102295,0.83,0.585,,5.5,15,0.36,28,Low
LPIS-61553984648_5A,Rapeseed,0.7200000286102295,0.737,0.552,,24.1,15,0.65,10.8,Low
LPIS-61683965723_2A,Ley / Grass,0.7200000286102295,0.651,0.438,,12.1,40,0.83,17.7,Low
LPIS-61593976105_1A,Ley / Grass,0.7200000286102295,0.7,0.487,,12.3,40,0.56,18,Low
LPIS-61713975290_5B,Spring Barley,0.7200000286102295,0.858,0.626,,9.9,15,0.67,25.3,Low
LPIS-61713925380_4A,Ley / Grass,0.7200000286102295,0.638,0.405,,16.7,40,0.69,17.7,Low
LPIS-61524040112_10B,Ley / Grass,0.7200000286102295,0.722,0.504,,26.4,15,0.64,12.6,Low
LPIS-61583978148_2A,Fallow,0.7200000286102295,0.723,0.454,,26.5,15,0.73,9.7,Low
LPIS-61524069105_2A,Ley / Grass,0.7099999785423279,0.646,0.409,,16.9,70,0.57,28.5,Low
LPIS-61593995781_2G,Fallow,0.7099999785423279,0.726,0.485,,17.3,15,0.19,9.8,Low
LPIS-61604012680_34A,Ley / Grass,0.7099999785423279,0.749,0.477,,17.9,15,0.69,16.1,Low
LPIS-61694006632_1A,Fallow,0.7099999785423279,0.795,0.524,,10.3,70,0.96,41.3,Moderate
LPIS-61624059080_15A,Ley / Grass,0.7099999785423279,0.614,0.404,,20.9,40,0.61,18.4,Low
LPIS-61574045080_21C,Ley / Grass,0.7099999785423279,0.618,0.398,,6.3,15,0.69,7.8,Low
LPIS-61663963164_5A,Ley / Grass,0.7099999785423279,0.709,0.458,,10.3,70,0.71,28,Low
LPIS-61713939644_1A,Ley / Grass,0.7099999785423279,0.762,0.485,,7.3,40,0.91,26.4,Low
LPIS-61624044910_26A,Ley / Grass,0.7099999785423279,0.722,0.475,,12.5,70,0.5,30.6,Moderate
LPIS-61544021387_7A,Ley / Grass,0.7099999785423279,0.637,0.417,,19.4,15,0.75,9.2,Low
LPIS-61604041328_20A,Ley / Grass,0.7099999785423279,0.647,0.424,,26.3,15,0.65,9.9,Low
LPIS-61524067419_5A,Ley / Grass,0.7099999785423279,0.734,0.491,,10.7,40,0.64,21.9,Low
LPIS-61674001992_2A,Ley / Grass,0.7099999785423279,0.731,0.452,,13,40,0.69,20.9,Low
LPIS-61773969253_17A,Ley / Grass,0.7099999785423279,0.672,0.45,,16.5,70,0.62,28.9,Low
LPIS-61653992243_5A,Ley / Grass,0.7099999785423279,0.752,0.527,,4.8,70,0.69,35.8,Moderate
LPIS-61733989264_28A,Ley / Grass,0.7099999785423279,0.775,0.523,,19.4,70,0.51,41.2,Moderate
LPIS-61733998002_4A,Ley / Grass,0.7099999785423279,0.748,0.481,,8,40,0.6,24,Low
LPIS-61594020960_8AA,Fallow,0.7099999785423279,0.689,0.504,,30.4,15,0.27,11.2,Low
LPIS-61713937423_21A,Rapeseed,0.7099999785423279,0.566,0.352,,25.7,40,0.86,18.4,Low
LPIS-61613970401_77A,Spring Barley,0.7099999785423279,0.675,0.452,,18.4,40,0.36,18.3,Low
LPIS-61714021970_14A,Ley / Grass,0.7099999785423279,0.453,0.283,,11.5,70,0.71,27.9,Low
LPIS-61594058635_172A,Ley / Grass,0.7099999785423279,0.74,0.469,,14.4,40,0.74,23.1,Low
LPIS-61683975332_2A,Ley / Grass,0.7099999785423279,0.572,0.374,,20.1,40,0.63,18.3,Low
LPIS-61674000391_5A,Ley / Grass,0.7099999785423279,0.772,0.479,,15.1,40,0.57,28.8,Low
LPIS-61724005009_10A,Unknown,0.7099999785423279,0.696,0.455,,12.2,40,0.83,19.8,Low
LPIS-61563991064_4A,Fallow,0.7099999785423279,0.56,0.393,,27.1,15,0.75,10.5,Low
LPIS-61564072403_11A,Ley / Grass,0.699999988079071,0.57,0.395,,8.5,40,0.88,17.6,Low
LPIS-61663969517_39C,Ley / Grass,0.699999988079071,0.576,0.364,,14.7,15,0.54,8.5,Low
LPIS-61703966704_37A,Ley / Grass,0.699999988079071,0.591,0.377,,8.6,40,0.67,16.9,Low
LPIS-61673950980_49A,Ley / Grass,0.699999988079071,0.627,0.411,,18.1,15,0.75,9.1,Low
LPIS-61663959788_1C,Spring Barley,0.699999988079071,0.72,0.477,,4.1,40,0.68,16.7,Low
LPIS-61514008266_8A,Ley / Grass,0.699999988079071,0.698,0.479,,10.9,70,0.43,28.5,Low
LPIS-61703960032_15A,Ley / Grass,0.699999988079071,0.803,0.546,,10,95,0.5,54.6,Moderate
LPIS-61524031253_26A,Ley / Grass,0.699999988079071,0.778,0.55,,5.3,40,0.64,30,Moderate
LPIS-61683966303_20A,Rapeseed,0.699999988079071,0.668,0.481,,15.1,15,0.62,9.5,Low
LPIS-61733964223_2A,Ley / Grass,0.699999988079071,0.618,0.379,,18.9,40,0.54,17.6,Low
LPIS-61604069494_5A,Ley / Grass,0.699999988079071,0.744,0.496,,14.8,40,0.61,24.2,Low
LPIS-61723930114_5A,Fallow,0.699999988079071,0.76,0.489,,6.6,40,0.83,23.7,Low
LPIS-61484023905_13B,Fallow,0.699999988079071,0.615,0.424,,52.1,15,0.71,12.9,Low
LPIS-61663954980_17A,Ley / Grass,0.6899999976158142,0.653,0.434,,9.1,40,0.91,17.3,Low
LPIS-61504005357_8A,Ley / Grass,0.6899999976158142,0.744,0.486,,17.8,40,0.73,24.3,Low
LPIS-61693927467_32A,Ley / Grass,0.6899999976158142,0.718,0.491,,6.4,70,0.67,29.5,Low
LPIS-61714023839_33A,Ley / Grass,0.6899999976158142,0.522,0.343,,7.8,15,0.87,8.1,Low
LPIS-61693971245_17A,Ley / Grass,0.6899999976158142,0.701,0.434,,15.5,70,0.81,28.2,Low
LPIS-61604023925_27A,Unknown,0.6899999976158142,0.68,0.468,,21.5,15,0.4,9.8,Low
LPIS-61533991159_29A,Fallow,0.6899999976158142,0.682,0.476,,13.6,40,0.75,18.1,Low
LPIS-61653995091_8A,Ley / Grass,0.6899999976158142,0.642,0.415,,21.9,40,0.75,18.4,Low
LPIS-61624043752_14D,Ley / Grass,0.6899999976158142,0.707,0.498,,11.5,40,0.29,18,Low
LPIS-61703964606_47A,Ley / Grass,0.6899999976158142,0.618,0.41,,11.2,70,0.61,28.3,Low
LPIS-61624022564_18A,Ley / Grass,0.6899999976158142,0.696,0.486,,17.2,40,0.67,18.5,Low
LPIS-61593969904_10A,Ley / Grass,0.6899999976158142,0.769,0.507,,15.9,40,0.67,28.8,Low
LPIS-61693947925_9A,Ley / Grass,0.6899999976158142,0.711,0.453,,12.5,40,0.71,17.4,Low
LPIS-61523961215_14A,Ley / Grass,0.6899999976158142,0.823,0.594,,13.7,40,0.61,39.5,Moderate
LPIS-61684008724_18A,Ley / Grass,0.6899999976158142,0.757,0.526,,13.1,40,0.97,26.7,Low
LPIS-61694006406_36B,Fallow,0.6899999976158142,0.758,0.5,,9.5,70,0.57,34.6,Moderate
LPIS-61614047338_2A,Ley / Grass,0.6899999976158142,0.831,0.581,,14.9,40,0.61,40.7,Moderate
LPIS-61703939090_3A,Ley / Grass,0.6899999976158142,0.576,0.386,,52.3,15,0.8,12.7,Low
LPIS-61783980404_172A,Unknown,0.6899999976158142,0.7,0.467,,9.1,40,0.78,20.5,Low
LPIS-61723950638_4A,Ley / Grass,0.6899999976158142,0.62,0.374,,17.2,40,0.71,17.4,Low
LPIS-61574069129_3A,Ley / Grass,0.6899999976158142,0.547,0.386,,52.1,15,0.62,13.1,Low
LPIS-61564008713_13A,Ley / Grass,0.6899999976158142,0.838,0.598,,2.2,15,0.52,32,Moderate
LPIS-61673944759_67A,Fallow,0.6899999976158142,0.822,0.571,,4.7,15,0.61,26.3,Low
LPIS-61693920932_12A,Ley / Grass,0.6800000071525574,0.619,0.427,,5.5,70,0.78,28,Low
LPIS-61554028986_62A,Ley / Grass,0.6800000071525574,0.595,0.435,,33.4,40,0.4,20.5,Low
LPIS-61574051090_15A,Winter Wheat,0.6800000071525574,0.69,0.54,,15.3,40,0.72,19.3,Low
LPIS-61713943308_16A,Ley / Grass,0.6800000071525574,0.774,0.554,,7,40,0.69,29.6,Low
LPIS-61674016143_9A,Unknown,0.6800000071525574,0.769,0.518,,13.8,70,0.51,46.2,Moderate
LPIS-61723945770_31A,Ley / Grass,0.6800000071525574,0.705,0.441,,12.3,70,0.74,27.9,Low
LPIS-61713932953_13A,Ley / Grass,0.6800000071525574,0.575,0.376,,10.7,40,0.67,17.3,Low
LPIS-61693947535_5A,Unknown,0.6800000071525574,0.657,0.422,,15.2,40,0.77,17.6,Low
LPIS-61674013646_6B,Unknown,0.6800000071525574,0.818,0.563,,9.5,70,0.87,67.4,High
LPIS-61613957384_27A,Ley / Grass,0.6800000071525574,0.533,0.329,,17.7,15,0.63,8.6,Low
LPIS-61624055251_201A,Ley / Grass,0.6800000071525574,0.722,0.474,,7.4,40,0.64,19.2,Low
LPIS-61693941975_6A,Ley / Grass,0.6800000071525574,0.848,0.599,,9.4,70,0.78,65.2,High
LPIS-61743934929_9A,Ley / Grass,0.6800000071525574,0.744,0.466,,15.3,40,0.69,23.7,Low
LPIS-61703912424_17A,Ley / Grass,0.6800000071525574,0.806,0.539,,10.9,70,0.61,46.1,Moderate
LPIS-61543940572_19G,Spring Barley,0.6800000071525574,0.852,0.691,,4.9,15,0.42,24.6,Low
LPIS-61534047899_2A,Ley / Grass,0.6700000166893005,0.573,0.408,,27,15,0.57,10.6,Low
LPIS-61693950181_6B,Ley / Grass,0.6700000166893005,0.661,0.433,,14.7,40,0.64,17.7,Low
LPIS-61683979895_5A,Ley / Grass,0.6700000166893005,0.794,0.513,,12,70,0.68,43.8,Moderate
LPIS-61483961496_87A,Fallow,0.6700000166893005,0.511,0.348,,29.9,15,0.83,10.6,Low
LPIS-61523967923_9A,Ley / Grass,0.6700000166893005,0.741,0.508,,21.6,15,0.78,15.6,Low
LPIS-61693946702_22A,Ley / Grass,0.6700000166893005,0.688,0.422,,5.4,15,0.77,7.3,Low
LPIS-61514039770_16A,Ley / Grass,0.6700000166893005,0.666,0.454,,21.1,15,0.66,9.7,Low
LPIS-61623952269_3A,Ley / Grass,0.6700000166893005,0.701,0.477,,14.4,40,0.62,18,Low
LPIS-61613965799_28A,Ley / Grass,0.6700000166893005,0.789,0.513,,5.6,15,0.64,22.4,Low
LPIS-61533971312_3B,Ley / Grass,0.6700000166893005,0.747,0.515,,18.8,15,0.75,16.3,Low
LPIS-61653979477_20A,Spring Barley,0.6700000166893005,0.874,0.638,,4.3,40,0.93,37,Moderate
LPIS-61674023652_20A,Ley / Grass,0.6700000166893005,0.701,0.479,,21.2,40,0.43,18.7,Low
LPIS-61653977590_22A,Fallow,0.6600000262260437,0.883,0.639,,3.1,40,0.52,46.6,Moderate
LPIS-61573984407_201C,Ley / Grass,0.6600000262260437,0.754,0.547,,15.2,40,0.35,26.8,Low
LPIS-61624043309_28A,Ley / Grass,0.6600000262260437,0.667,0.439,,7.6,15,0.77,8.1,Low
LPIS-61763931176_2A,Ley / Grass,0.6600000262260437,0.743,0.502,,19.1,40,0.64,24.5,Low
LPIS-61684007524_20A,Ley / Grass,0.6600000262260437,0.782,0.531,,8.7,70,0.92,41.6,Moderate
LPIS-61553989842_1B,Fallow,0.6600000262260437,0.748,0.528,,16.8,15,0.12,14.3,Low
LPIS-61733949719_26A,Ley / Grass,0.6600000262260437,0.778,0.503,,8.6,70,0.86,40.5,Moderate
LPIS-61583979427_4A,Fallow,0.6600000262260437,0.635,0.409,,48,40,0.84,20.9,Low
LPIS-61483993762_21A,Fallow,0.6600000262260437,0.715,0.47,,18,15,0.87,9.1,Low
LPIS-61763974482_10A,Ley / Grass,0.6600000262260437,0.727,0.472,,13.5,40,0.67,20.6,Low
LPIS-61713921590_6A,Ley / Grass,0.6600000262260437,0.643,0.397,,8.9,70,0.83,27.5,Low
LPIS-61723933967_2A,Ley / Grass,0.6600000262260437,0.78,0.503,,4.2,40,0.93,29.6,Low
LPIS-61674016597_16A,Ley / Grass,0.6600000262260437,0.743,0.48,,8.9,95,0.68,43,Moderate
LPIS-61513992894_50A,Ley / Grass,0.6600000262260437,0.734,0.478,,10,40,0.61,21.7,Low
LPIS-61734021015_5A,Unknown,0.6600000262260437,0.731,0.489,,7.6,40,0.5,26.8,Low
LPIS-61494025379_8A,Ley / Grass,0.6600000262260437,0.656,0.432,,14.8,15,0.44,8.8,Low
LPIS-61514016806_65A,Unknown,0.6600000262260437,0.602,0.455,,22.9,15,0.47,10.8,Low
LPIS-61683950783_104A,Ley / Grass,0.6600000262260437,0.776,0.503,,5.8,40,0.58,29,Low
LPIS-61653995863_3A,Ley / Grass,0.6600000262260437,0.598,0.398,,16.9,70,0.69,28.9,Low
LPIS-61533967180_37A,Ley / Grass,0.6600000262260437,0.695,0.434,,29.8,15,0.8,9.9,Low
LPIS-61693928023_28A,Ley / Grass,0.6499999761581421,0.693,0.469,,9.3,40,0.7,17.5,Low
LPIS-61833980301_92B,Potato,0.6499999761581421,0.781,0.534,,8.5,70,0.83,28.4,Low
LPIS-61623978422_12B,Fallow,0.6499999761581421,0.701,0.439,,15.8,40,0.64,17.5,Low
LPIS-61624046110_11A,Ley / Grass,0.6499999761581421,0.804,0.534,,10.6,40,0.6,34.9,Moderate
LPIS-61713926495_8A,Ley / Grass,0.6499999761581421,0.666,0.419,,22.4,70,0.72,29,Low
LPIS-61663974254_120A,Ley / Grass,0.6499999761581421,0.775,0.538,,3.8,40,0.69,29.2,Low
LPIS-61674037363_15G,Unknown,0.6499999761581421,0.692,0.444,,16.6,40,0.7,19.2,Low
LPIS-61604043444_13A,Ley / Grass,0.6499999761581421,0.752,0.491,,9.1,40,0.64,25,Low
LPIS-61724029164_4A,Ley / Grass,0.6499999761581421,0.553,0.315,,17.9,40,0.4,17,Low
LPIS-61773950297_67A,Fallow,0.6499999761581421,0.717,0.445,,29.3,40,0.62,18.8,Low
LPIS-61463965361_9A,Ley / Grass,0.6499999761581421,0.739,0.473,,14,15,0.69,13.8,Low
LPIS-61753947474_24A,Fallow,0.6399999856948853,0.778,0.547,,3.2,40,0.88,27.3,Low
LPIS-61773941960_99A,Ley / Grass,0.6399999856948853,0.736,0.495,,22.7,40,0.75,23.5,Low
LPIS-61693941567_7A,Ley / Grass,0.6399999856948853,0.846,0.603,,10.5,40,0.62,43.4,Moderate
LPIS-61703923915_3A,Ley / Grass,0.6399999856948853,0.673,0.454,,14.4,15,0.77,8.9,Low
LPIS-61634053983_91A,Fallow,0.6399999856948853,0.635,0.401,,35.9,40,0.54,19.6,Low
LPIS-61674035656_102A,Ley / Grass,0.6399999856948853,0.545,0.348,,24.3,40,0.62,18.5,Low
LPIS-61614061484_8A,Ley / Grass,0.6399999856948853,0.564,0.354,,25.3,40,0.63,18.5,Low
LPIS-61753975957_6C,Fallow,0.6399999856948853,0.808,0.543,,8.3,40,0.51,32.8,Moderate
LPIS-61723921389_8A,Ley / Grass,0.6399999856948853,0.792,0.53,,7.5,40,0.69,32.5,Moderate
LPIS-61703941277_5A,Ley / Grass,0.6399999856948853,0.63,0.405,,12.3,95,0.78,37.1,Moderate
LPIS-61553960633_9I,Fallow,0.6399999856948853,0.778,0.509,,10.2,15,0.77,18.3,Low
LPIS-61703958623_8A,Ley / Grass,0.6399999856948853,0.553,0.353,,18.5,40,0.69,17.9,Low
LPIS-61724026589_29A,Unknown,0.6399999856948853,0.628,0.422,,19.7,70,0.54,29.2,Low
LPIS-61544073905_11A,Winter Wheat,0.6399999856948853,0.688,0.498,,15.4,40,0.67,18.6,Low
LPIS-61723994997_20A,Ley / Grass,0.6399999856948853,0.736,0.443,,5.2,40,0.82,21,Low
LPIS-61663961978_7A,Ley / Grass,0.6399999856948853,0.663,0.426,,19.6,40,0.87,18.1,Low
LPIS-61693946332_64A,Ley / Grass,0.6399999856948853,0.719,0.467,,11.4,40,0.6,18.9,Low
LPIS-61663972353_122A,Fallow,0.6399999856948853,0.623,0.431,,17,40,0.64,18.4,Low
LPIS-61654019825_20A,Maize,0.6399999856948853,0.41,0.259,,53.6,40,0.87,21.3,Low
LPIS-61664011008_13A,Ley / Grass,0.6399999856948853,0.826,0.56,,9.3,40,0.64,39,Moderate
LPIS-61723934056_3A,Ley / Grass,0.6399999856948853,0.774,0.498,,5.6,40,0.54,28.5,Low
LPIS-61524053707_3A,Ley / Grass,0.6399999856948853,0.651,0.443,,15.1,15,0.67,9.1,Low
LPIS-61524017330_94A,Potato,0.6399999856948853,0.837,0.675,,5.2,15,0.64,31.1,Moderate
LPIS-61623976820_7A,Ley / Grass,0.6399999856948853,0.808,0.547,,14.1,15,0.56,27.1,Low
LPIS-61564065311_123B,Ley / Grass,0.6399999856948853,0.623,0.442,,20.4,70,0.35,29.8,Low
LPIS-61733991067_13A,Ley / Grass,0.6399999856948853,0.667,0.439,,8.7,70,0.69,28,Low
LPIS-61564036062_17A,Ley / Grass,0.6399999856948853,0.801,0.535,,12,70,0.67,45.4,Moderate
LPIS-61713982010_77B,Ley / Grass,0.6399999856948853,0.819,0.534,,8.5,40,0.43,37.3,Moderate
LPIS-61743997829_9A,Ley / Grass,0.6299999952316284,0.649,0.42,,24.2,70,0.67,29.4,Low
LPIS-61663970579_3A,Ley / Grass,0.6299999952316284,0.786,0.505,,11.2,40,0.56,31.4,Moderate
LPIS-61733992125_20B,Ley / Grass,0.6299999952316284,0.588,0.394,,10.6,40,0.68,17.5,Low
LPIS-61714020557_7A,Spring Barley,0.6299999952316284,0.628,0.441,,18.5,70,0.81,29.5,Low
LPIS-61534032729_5A,Ley / Grass,0.6299999952316284,0.762,0.514,,7.3,70,0.32,37.8,Moderate
LPIS-61713926083_5A,Ley / Grass,0.6299999952316284,0.658,0.404,,14.1,40,0.6,17.2,Low
LPIS-61664007896_3A,Ley / Grass,0.6299999952316284,0.833,0.54,,11.2,95,0.5,60,High
LPIS-61703988194_179B,Fallow,0.6299999952316284,0.72,0.528,,22.6,70,0.62,30.3,Moderate
LPIS-61633973010_141A,Ley / Grass,0.6299999952316284,0.894,0.652,,3.4,95,0.63,85.9,Critical
LPIS-61734015526_5A,Ley / Grass,0.6299999952316284,0.818,0.568,,11.1,40,0.67,37.9,Moderate
LPIS-61543966820_60B,Fallow,0.6299999952316284,0.777,0.51,,8.2,15,0.57,18,Low
LPIS-61623979426_14A,Fallow,0.6299999952316284,0.731,0.472,,16.2,40,0.58,19.4,Low
LPIS-61574045592_8A,Ley / Grass,0.6299999952316284,0.808,0.557,,10.1,40,0.86,35.9,Moderate
LPIS-61703948003_5A,Ley / Grass,0.6299999952316284,0.703,0.459,,7.6,40,0.57,17,Low
LPIS-61723953893_118A,Unknown,0.6299999952316284,0.712,0.449,,10.6,70,0.64,33.5,Moderate
LPIS-61604045210_75A,Ley / Grass,0.6299999952316284,0.746,0.496,,17.7,40,0.68,24.7,Low
LPIS-61673959189_106A,Ley / Grass,0.6200000047683716,0.783,0.519,,6.9,40,0.59,30.7,Moderate
LPIS-61703957922_7A,Ley / Grass,0.6200000047683716,0.588,0.39,,12.2,40,0.87,17.6,Low
LPIS-61723993885_22A,Ley / Grass,0.6200000047683716,0.723,0.459,,9.3,15,0.62,10.3,Low
LPIS-61623953989_8A,Ley / Grass,0.6200000047683716,0.724,0.477,,8.9,15,0.77,10.8,Low
LPIS-61594007283_62C,Ley / Grass,0.6200000047683716,0.795,0.521,,9.5,40,0.46,33,Moderate
LPIS-61683944268_79A,Ley / Grass,0.6200000047683716,0.711,0.491,,15.5,70,0.81,29.2,Low
LPIS-61593987161_13A,Fallow,0.6200000047683716,0.807,0.557,,13,15,0.61,24.4,Low
LPIS-61713926167_84A,Ley / Grass,0.6200000047683716,0.734,0.46,,6.2,15,0.6,12,Low
LPIS-61713922191_4A,Fallow,0.6200000047683716,0.659,0.416,,10.1,70,0.87,27.8,Low
LPIS-61753957417_4A,Ley / Grass,0.6200000047683716,0.72,0.499,,10.2,70,0.85,30.4,Moderate
LPIS-61703959689_3A,Ley / Grass,0.6200000047683716,0.652,0.435,,7.1,40,0.83,17.1,Low
LPIS-61603955742_17A,Ley / Grass,0.6200000047683716,0.821,0.553,,7.3,40,0.67,37.9,Moderate
LPIS-61604026121_16A,Ley / Grass,0.6200000047683716,0.672,0.457,,20.4,15,0.48,9.6,Low
LPIS-61654005203_15A,Ley / Grass,0.6200000047683716,0.73,0.465,,13.6,15,0.7,12.1,Low
LPIS-61703940560_4A,Ley / Grass,0.6200000047683716,0.666,0.444,,12.2,40,0.93,17.6,Low
LPIS-61673951372_45A,Ley / Grass,0.6200000047683716,0.656,0.44,,14.2,40,0.74,17.9,Low
LPIS-61474011428_4A,Ley / Grass,0.6200000047683716,0.671,0.432,,14.3,40,0.75,17.5,Low
LPIS-61713925362_101A,Ley / Grass,0.6200000047683716,0.785,0.519,,8.1,40,0.7,31.1,Moderate
LPIS-61584008454_13D,Ley / Grass,0.6200000047683716,0.758,0.523,,15.2,15,0.62,18.1,Low
LPIS-61733960205_26A,Ley / Grass,0.6200000047683716,0.642,0.434,,26.9,70,0.64,30,Moderate
LPIS-61703917493_8A,Ley / Grass,0.6100000143051147,0.745,0.472,,5.3,40,0.48,23.1,Low
LPIS-61693946119_4A,Ley / Grass,0.6100000143051147,0.628,0.41,,30.3,40,0.77,19.3,Low
LPIS-61513990350_14D,Ley / Grass,0.6100000143051147,0.8,0.541,,12,40,0.68,34.5,Moderate
LPIS-61564024575_19A,Ley / Grass,0.6100000143051147,0.729,0.475,,10.5,40,0.57,20.7,Low
LPIS-61723933602_7A,Ley / Grass,0.6100000143051147,0.747,0.459,,9.4,15,0.69,14.6,Low
LPIS-61453974792_62A,Fallow,0.6100000143051147,0.776,0.61,,11.4,15,0.64,19.7,Low
LPIS-61693928912_27D,Oats,0.6100000143051147,0.631,0.398,,9.8,40,0.78,17,Low
LPIS-61713938869_3A,Ley / Grass,0.6100000143051147,0.793,0.523,,10.6,40,0.87,32.8,Moderate
LPIS-61683952542_49A,Ley / Grass,0.6100000143051147,0.768,0.529,,9.2,40,0.5,28.3,Low
LPIS-61733963095_2A,Fallow,0.6100000143051147,0.411,0.272,,61,15,0.77,13.4,Low
LPIS-61663970634_8A,Ley / Grass,0.6100000143051147,0.776,0.509,,9.7,40,0.65,29.5,Low
LPIS-61594030410_3A,Ley / Grass,0.6100000143051147,0.76,0.553,,12.4,15,0.62,18.7,Low
LPIS-61703971303_9C,Fallow,0.6100000143051147,0.722,0.457,,15.1,70,0.68,28.3,Low
LPIS-61693935542_21A,Ley / Grass,0.6100000143051147,0.772,0.537,,9.2,70,0.74,40,Moderate
LPIS-61624009763_23A,Ley / Grass,0.6100000143051147,0.616,0.4,,23.2,40,0.8,18.5,Low
LPIS-61673957389_125A,Ley / Grass,0.6100000143051147,0.76,0.495,,5.9,15,0.96,17.1,Low
LPIS-61543943083_20A,Winter Wheat,0.6100000143051147,0.679,0.481,,11.7,15,0.84,9.1,Low
LPIS-61574036890_1B,Fallow,0.6100000143051147,0.679,0.44,,22.3,40,0.43,18.4,Low
LPIS-61703949874_16A,Fallow,0.6100000143051147,0.664,0.455,,15.2,40,0.83,18.1,Low
LPIS-61614030916_39A,Ley / Grass,0.6100000143051147,0.695,0.46,,14.1,15,0.69,8.7,Low
LPIS-61693991870_192A,Fallow,0.6000000238418579,0.59,0.398,,19.8,40,0.75,18.5,Low
LPIS-61544030342_8B,Ley / Grass,0.6000000238418579,0.684,0.461,,11.7,40,0.74,17.7,Low
LPIS-61634025808_14A,Ley / Grass,0.6000000238418579,0.627,0.417,,16.2,40,0.57,18,Low
LPIS-61674021965_8A,Ley / Grass,0.6000000238418579,0.557,0.364,,27,40,0.62,19,Low
LPIS-61613969475_32A,Ley / Grass,0.6000000238418579,0.804,0.556,,9.6,15,0.54,26.1,Low
LPIS-61574032781_24A,Fallow,0.6000000238418579,0.712,0.422,,20.1,15,0.62,8.5,Low
LPIS-61523954083_5A,Ley / Grass,0.6000000238418579,0.82,0.57,,9.2,15,0.74,29.1,Low
LPIS-61694034167_8A,Unknown,0.6000000238418579,0.719,0.507,,24.3,40,0.55,26.4,Low
LPIS-61684036309_3A,Ley / Grass,0.6000000238418579,0.642,0.421,,12,40,0.83,17.5,Low
LPIS-61703911193_11A,Ley / Grass,0.6000000238418579,0.653,0.417,,16.1,40,0.69,17.7,Low
LPIS-61703924517_9A,Ley / Grass,0.6000000238418579,0.556,0.369,,27.3,15,0.74,10.1,Low
LPIS-61443999307_58A,Ley / Grass,0.6000000238418579,0.636,0.419,,22.2,15,0.64,9.5,Low
LPIS-61503993149_8A,Ley / Grass,0.6000000238418579,0.829,0.562,,6.6,15,0.67,30.4,Moderate
LPIS-61694022205_51A,Ley / Grass,0.6000000238418579,0.843,0.585,,5.8,40,0.77,42,Moderate
LPIS-61493965182_50B,Fallow,0.6000000238418579,0.744,0.559,,8.9,15,0.11,13.3,Low
LPIS-61683909265_3A,Ley / Grass,0.6000000238418579,0.617,0.415,,5.8,70,0.71,27.9,Low
LPIS-61603992998_7B,Fallow,0.6000000238418579,0.812,0.605,,8.9,15,0.21,25.4,Low
LPIS-61714022839_32A,Ley / Grass,0.6000000238418579,0.577,0.365,,10.4,40,0.67,17,Low
LPIS-61713934381_34A,Ley / Grass,0.6000000238418579,0.711,0.484,,6.7,40,0.62,17.3,Low
LPIS-61743998701_15A,Unknown,0.6000000238418579,0.741,0.492,,12.8,40,0.67,29.4,Low
LPIS-61693933749_22A,Ley / Grass,0.6000000238418579,0.726,0.504,,8.6,70,0.54,31.3,Moderate
LPIS-61703965212_40A,Ley / Grass,0.6000000238418579,0.632,0.415,,14.8,70,0.59,28.5,Low
LPIS-61683961727_24A,Ley / Grass,0.6000000238418579,0.696,0.446,,11.3,40,0.77,17.2,Low
LPIS-61624032356_7A,Ley / Grass,0.6000000238418579,0.726,0.471,,7.5,15,0.74,10.8,Low
LPIS-61563972387_29K,Fallow,0.6000000238418579,0.778,0.544,,14,15,0.57,19.3,Low
LPIS-61714029485_46A,Unknown,0.5899999737739563,0.52,0.331,,21.3,40,0.6,18.2,Low
LPIS-61524046674_13A,Fallow,0.5899999737739563,0.631,0.467,,16.3,15,0.35,9.9,Low
LPIS-61594057021_171A,Ley / Grass,0.5899999737739563,0.707,0.46,,18.2,70,0.49,28.8,Low
LPIS-61723936221_18A,Ley / Grass,0.5899999737739563,0.777,0.493,,6.4,40,0.64,29,Low
LPIS-61684012231_10A,Unknown,0.5899999737739563,0.638,0.42,,12.2,70,0.87,28.3,Low
LPIS-61733926260_75A,Ley / Grass,0.5899999737739563,0.741,0.483,,7.6,40,0.58,22.7,Low
LPIS-61593959398_11A,Ley / Grass,0.5899999737739563,0.734,0.483,,21.2,15,0.62,13.8,Low
LPIS-61724015772_124B,Ley / Grass,0.5899999737739563,0.762,0.508,,5.1,70,1,37.3,Moderate
LPIS-61653983906_10A,Ley / Grass,0.5899999737739563,0.862,0.593,,6.8,40,0.57,45.7,Moderate
LPIS-61674015258_17A,Unknown,0.5899999737739563,0.595,0.386,,29.9,70,0.55,30,Moderate
LPIS-61733950485_3A,Ley / Grass,0.5799999833106995,0.606,0.41,,19.6,70,0.62,29.3,Low
LPIS-61533963319_7A,Ley / Grass,0.5799999833106995,0.682,0.456,,23.1,40,0.67,18.7,Low
LPIS-61674010645_12A,Rye,0.5799999833106995,0.753,0.483,,9.4,70,0.52,32.7,Moderate
LPIS-61693970592_19A,Ley / Grass,0.5799999833106995,0.767,0.479,,9.6,70,0.96,38.2,Moderate
LPIS-61603992966_6B,Fallow,0.5799999833106995,0.591,0.401,,46.1,15,0.39,12.2,Low
LPIS-61684013505_54B,Fallow,0.5799999833106995,0.704,0.462,,16.7,40,1,18,Low
LPIS-61584036884_6A,Ley / Grass,0.5799999833106995,0.703,0.45,,18.3,40,0.62,17.9,Low
LPIS-61484007319_1A,Fallow,0.5799999833106995,0.694,0.462,,13.4,15,0.74,8.7,Low
LPIS-61733994974_8A,Ley / Grass,0.5799999833106995,0.708,0.46,,12.7,70,0.55,28.3,Low
LPIS-61604026019_14A,Ley / Grass,0.5799999833106995,0.62,0.415,,17,15,0.43,9.1,Low
LPIS-61613959836_43A,Ley / Grass,0.5799999833106995,0.52,0.342,,17.6,40,0.74,18,Low
LPIS-61584051895_167C,Ley / Grass,0.5799999833106995,0.653,0.451,,20.6,15,0.62,9.8,Low
LPIS-61613969105_4B,Unknown,0.5799999833106995,0.609,0.432,,24.6,15,0.75,10.4,Low
LPIS-61604063041_34B,Spring Barley,0.5799999833106995,0.834,0.669,,13.5,40,0.5,30.9,Moderate
LPIS-61693934042_23A,Ley / Grass,0.5799999833106995,0.69,0.455,,9.1,70,0.8,28,Low
LPIS-61594000663_15A,Ley / Grass,0.5799999833106995,0.631,0.407,,22.1,40,0.83,18.4,Low
LPIS-61544020126_15B,Ley / Grass,0.5799999833106995,0.628,0.417,,13.1,40,0.46,17.7,Low
LPIS-61653982642_5A,Ley / Grass,0.5799999833106995,0.854,0.59,,9.8,70,0.7,66.4,High
LPIS-61524058696_46A,Fallow,0.5799999833106995,0.611,0.411,,33.4,40,0.6,19.8,Low
LPIS-61773959347_9A,Fallow,0.5699999928474426,0.802,0.544,,11.4,40,0.6,32.1,Moderate
LPIS-61833970913_102A,Ley / Grass,0.5699999928474426,0.833,0.588,,3.4,70,0.59,51,Moderate
LPIS-61594036633_17A,Ley / Grass,0.5699999928474426,0.665,0.48,,15.2,15,0.74,9.6,Low
LPIS-61614056104_30A,Ley / Grass,0.5699999928474426,0.845,0.592,,7.8,40,0.88,42.7,Moderate
LPIS-61594032481_1A,Fallow,0.5699999928474426,0.73,0.506,,14.7,40,0.67,19.6,Low
LPIS-61634050735_4A,Ley / Grass,0.5699999928474426,0.74,0.497,,6.6,70,0.53,33.4,Moderate
LPIS-61594052568_144A,Ley / Grass,0.5699999928474426,0.81,0.57,,6.2,15,0.74,27,Low
LPIS-61623995948_44A,Fallow,0.5699999928474426,0.718,0.473,,16.5,15,0.92,9,Low
LPIS-61543933393_12G,Spring Barley,0.5699999928474426,0.748,0.556,,12.4,15,0.22,9.6,Low
LPIS-61613963882_79A,Ley / Grass,0.5699999928474426,0.609,0.404,,38.7,15,0.58,11.2,Low
LPIS-61653995899_13A,Ley / Grass,0.5699999928474426,0.719,0.464,,12,40,0.77,19.1,Low
LPIS-61613958329_4A,Ley / Grass,0.5699999928474426,0.518,0.342,,18.9,15,0.74,9.2,Low
LPIS-61574043524_30E,Sugar Beet,0.5699999928474426,0.745,0.505,,23.9,70,1,29.7,Low
LPIS-61763946518_1A,Fallow,0.5699999928474426,0.602,0.349,,18.3,70,0.69,28,Low
LPIS-61713938120_25A,Spring Barley,0.5699999928474426,0.708,0.45,,23.3,70,0.86,29.1,Low
LPIS-61634060156_3A,Ley / Grass,0.5699999928474426,0.685,0.464,,13.3,40,0.69,17.9,Low
LPIS-61713961615_1A,Ley / Grass,0.5699999928474426,0.747,0.483,,12,40,0.72,24.2,Low
LPIS-61604042778_168A,Winter Wheat,0.5699999928474426,0.772,0.59,,22.9,40,0.83,19.9,Low
LPIS-61543963233_9B,Winter Wheat,0.5699999928474426,0.817,0.628,,23.5,15,0.4,18.5,Low
LPIS-61614023590_20E,Ley / Grass,0.5699999928474426,0.768,0.53,,20.3,40,0.6,29.5,Low
LPIS-61713937423_21B,Spring Barley,0.5600000023841858,0.599,0.401,,19.9,70,0.47,29.2,Low
LPIS-61684006030_15A,Unknown,0.5600000023841858,0.723,0.478,,9,40,0.89,25.2,Low
LPIS-61704024847_2A,Ley / Grass,0.5600000023841858,0.703,0.47,,13.1,70,1,28.5,Low
LPIS-61523934163_20E,Ley / Grass,0.5600000023841858,0.661,0.39,,14.9,15,1,8,Low
LPIS-61563972387_29D,Spring Barley,0.5600000023841858,0.75,0.552,,14.5,5,0.8,6.1,Low
LPIS-61664005559_3A,Unknown,0.5600000023841858,0.858,0.586,,7.4,70,0.6,77.1,High
LPIS-61733956208_3A,Fallow,0.5600000023841858,0.725,0.484,,16.9,70,0.81,29.3,Low
LPIS-61733949713_46A,Ley / Grass,0.5600000023841858,0.76,0.471,,8.3,70,0.86,36.7,Moderate
LPIS-61483963157_102B,Fallow,0.5600000023841858,0.545,0.391,,23.3,40,0.28,19.3,Low
LPIS-61634037501_16A,Ley / Grass,0.5600000023841858,0.751,0.509,,11.5,70,0.42,36.1,Moderate
LPIS-61584050626_52A,Ley / Grass,0.5600000023841858,0.553,0.357,,17.7,40,0.43,17.9,Low
LPIS-61773985346_17E,Fallow,0.5600000023841858,0.543,0.342,,15.7,40,0.5,17.5,Low
LPIS-61693928669_29A,Ley / Grass,0.5600000023841858,0.706,0.476,,7.5,40,0.75,17.2,Low
LPIS-61513979337_5A,Fallow,0.5600000023841858,0.872,0.65,,6.4,15,0.61,36.2,Moderate
LPIS-61823966203_94A,Ley / Grass,0.5600000023841858,0.444,0.291,,36.5,40,0.67,19.9,Low
LPIS-61564033761_113A,Fallow,0.5600000023841858,0.828,0.531,,10.5,15,0.84,27.4,Low
LPIS-61664014911_8B,Ley / Grass,0.5600000023841858,0.809,0.564,,15.2,95,0.64,56.5,Moderate
LPIS-61753953148_61A,Ley / Grass,0.5600000023841858,0.8,0.541,,8.7,40,0.55,34.1,Moderate
LPIS-61783954698_198A,Ley / Grass,0.5600000023841858,0.677,0.442,,23.2,15,0.56,9.6,Low
LPIS-61604056380_177A,Ley / Grass,0.550000011920929,0.837,0.58,,6,40,0.64,41,Moderate
LPIS-61773977260_2A,Unknown,0.550000011920929,0.628,0.41,,25.3,40,0.9,18.8,Low
LPIS-61703972005_10A,Ley / Grass,0.550000011920929,0.711,0.465,,11.6,70,0.69,28.3,Low
LPIS-61493966956_3A,Ley / Grass,0.550000011920929,0.655,0.438,,12.5,15,0.73,8.7,Low
LPIS-61584020395_9B,Fallow,0.550000011920929,0.73,0.479,,12.5,15,0.96,9.9,Low
LPIS-61554021572_1H,Fallow,0.550000011920929,0.798,0.534,,13,40,0.44,31.5,Moderate
LPIS-61663980401_3A,Ley / Grass,0.550000011920929,0.704,0.466,,19.6,40,1,18.3,Low
LPIS-61523934163_20B,Ley / Grass,0.550000011920929,0.853,0.643,,6.7,15,0.18,42.8,Moderate
LPIS-61443984084_68A,Fallow,0.550000011920929,0.589,0.382,,11.9,15,0.54,8.4,Low
LPIS-61674039555_84A,Ley / Grass,0.550000011920929,0.777,0.541,,9.3,70,0.6,40.9,Moderate
LPIS-61614023590_20F,Ley / Grass,0.5400000214576721,0.779,0.534,,21.5,40,0.56,31.6,Moderate
LPIS-61623964763_35A,Ley / Grass,0.5400000214576721,0.864,0.597,,5.2,40,0.54,45.9,Moderate
LPIS-61623960946_11C,Ley / Grass,0.5400000214576721,0.752,0.505,,8.4,40,0.77,25.1,Low
LPIS-61653989703_5A,Ley / Grass,0.5400000214576721,0.844,0.576,,9.8,40,0.71,42.6,Moderate
LPIS-61594007283_62B,Ley / Grass,0.5400000214576721,0.785,0.502,,7.8,40,0.88,30.7,Moderate
LPIS-61494023675_56A,Fallow,0.5400000214576721,0.536,0.351,,45.2,15,0.47,11.8,Low
LPIS-61713924897_10A,Ley / Grass,0.5400000214576721,0.65,0.438,,10.3,70,0.71,28.3,Low
LPIS-61484016712_59B,Fallow,0.5400000214576721,0.668,0.494,,28.8,15,0.33,11.2,Low
LPIS-61723932211_11A,Ley / Grass,0.5400000214576721,0.744,0.474,,8,40,0.51,23.2,Low
LPIS-61624053212_15A,Ley / Grass,0.5400000214576721,0.759,0.495,,16.1,70,0.75,37.7,Moderate
LPIS-61743974102_41A,Ley / Grass,0.5400000214576721,0.808,0.523,,5.8,70,0.84,45.7,Moderate
LPIS-61543940572_19C,Fallow,0.5400000214576721,0.698,0.483,,18.8,40,0.31,18.6,Low
LPIS-61703923725_4A,Ley / Grass,0.5400000214576721,0.654,0.447,,12.9,15,0.8,8.9,Low
LPIS-61724024396_31A,Unknown,0.5400000214576721,0.657,0.452,,8.8,70,0.35,28.3,Low
LPIS-61773989543_12A,Ley / Grass,0.5400000214576721,0.736,0.46,,10.9,70,0.56,32.5,Moderate
LPIS-61624017651_3D,Fallow,0.5400000214576721,0.8,0.539,,6.3,40,0.46,31.3,Moderate
LPIS-61564033815_2B,Ley / Grass,0.5400000214576721,0.599,0.436,,13.7,15,0.69,9.5,Low
LPIS-61594069625_26B,Ley / Grass,0.5400000214576721,0.764,0.534,,27.7,15,0.67,20.6,Low
LPIS-61564048419_5A,Winter Wheat,0.5400000214576721,0.803,0.541,,4.3,15,0.69,12.2,Low
LPIS-61554033359_30Z,Unknown,0.5400000214576721,0.77,0.568,,16.9,15,0.23,27.6,Low
LPIS-61543989620_10B,Ley / Grass,0.5400000214576721,0.727,0.499,,6.3,15,0.3,11.4,Low
LPIS-61654019244_18A,Maize,0.5400000214576721,0.553,0.367,,52.4,70,0.62,38.9,Moderate
LPIS-61503993555_123A,Ley / Grass,0.5400000214576721,0.729,0.479,,26.2,15,0.67,13.5,Low
LPIS-61614001379_44A,Fallow,0.5299999713897705,0.665,0.428,,37.4,15,0.7,10.9,Low
LPIS-61574001269_578A,Ley / Grass,0.5299999713897705,0.801,0.549,,7.6,40,0.68,34.3,Moderate
LPIS-61613989205_52A,Ley / Grass,0.5299999713897705,0.69,0.426,,17.3,40,0.67,17.5,Low
LPIS-61604029269_12A,Ley / Grass,0.5299999713897705,0.759,0.496,,8.7,15,0.43,17.2,Low
LPIS-61564074698_63A,Ley / Grass,0.5299999713897705,0.793,0.517,,7.4,40,0.75,32.3,Moderate
LPIS-61644041683_92A,Fallow,0.5299999713897705,0.73,0.501,,9.5,70,0.69,29.7,Low
LPIS-61773988121_6A,Unknown,0.5299999713897705,0.716,0.453,,13.4,40,0.87,23.8,Low
LPIS-61483979692_13A,Ley / Grass,0.5299999713897705,0.788,0.555,,17.6,40,0.71,33.1,Moderate
LPIS-61564024450_8B,Unknown,0.5299999713897705,0.783,0.568,,10.1,70,0.26,49.3,Moderate
LPIS-61544072214_6A,Ley / Grass,0.5299999713897705,0.63,0.438,,26.8,40,0.69,19.4,Low
LPIS-61703986008_24B,Ley / Grass,0.5299999713897705,0.753,0.466,,4.3,70,0.69,35.1,Moderate
LPIS-61514028283_7E,Unknown,0.5299999713897705,0.803,0.592,,13.5,40,0.27,43.3,Moderate
LPIS-61624011811_405A,Unknown,0.5299999713897705,0.756,0.532,,11.4,15,0.51,23.9,Low
LPIS-61674013646_6C,Spring Wheat,0.5299999713897705,0.769,0.513,,11.2,40,0.83,19.8,Low
LPIS-61723933519_11A,Ley / Grass,0.5299999713897705,0.78,0.5,,4.3,40,0.55,29.5,Low
LPIS-61743941708_33A,Ley / Grass,0.5299999713897705,0.782,0.49,,6.8,40,0.48,29.9,Low
LPIS-61783978866_183A,Ley / Grass,0.5299999713897705,0.709,0.479,,5.4,40,0.9,17,Low
LPIS-61564036084_155A,Ley / Grass,0.5299999713897705,0.69,0.437,,8.4,15,0.88,7.8,Low
LPIS-61694025953_141A,Maize,0.5299999713897705,0.57,0.395,,54.5,70,0.8,40,Moderate
LPIS-61703922105_9A,Ley / Grass,0.5299999713897705,0.652,0.429,,16.7,40,0.67,18,Low
LPIS-61483996619_8A,Ley / Grass,0.5299999713897705,0.735,0.496,,21.9,15,0.55,14.3,Low
LPIS-61554021572_1J,Unknown,0.5299999713897705,0.69,0.493,,22.6,15,0.15,11.3,Low
LPIS-61634024122_8G,Fallow,0.5299999713897705,0.699,0.466,,10.9,15,0.7,8.5,Low
LPIS-61693923721_7A,Ley / Grass,0.5299999713897705,0.591,0.383,,14,15,0.64,8.6,Low
LPIS-61684031777_11A,Unknown,0.5299999713897705,0.766,0.543,,3.5,70,0.83,45,Moderate
LPIS-61663953194_13B,Ley / Grass,0.5299999713897705,0.709,0.477,,8.4,70,0.5,28.1,Low
LPIS-61833980301_92A,Unknown,0.5299999713897705,0.77,0.511,,9.7,40,0.75,35.1,Moderate
LPIS-61653976080_6A,Ley / Grass,0.5299999713897705,0.813,0.565,,11.1,15,0.8,28,Low
LPIS-61484021401_7B,Ley / Grass,0.5199999809265137,0.675,0.446,,24.8,15,0.37,9.8,Low
LPIS-61634061176_4A,Ley / Grass,0.5199999809265137,0.686,0.452,,10.5,40,0.68,17.4,Low
LPIS-61703967718_6A,Ley / Grass,0.5199999809265137,0.721,0.48,,13.6,40,0.6,19.7,Low
LPIS-61733945144_21A,Ley / Grass,0.5199999809265137,0.727,0.478,,5.8,40,0.83,20.1,Low
LPIS-61733946184_9A,Unknown,0.5199999809265137,0.88,0.629,,3.7,40,0.69,58.1,Moderate
LPIS-61624013475_1E,Ley / Grass,0.5199999809265137,0.601,0.416,,40,15,0.52,11.7,Low
LPIS-61713940807_14A,Ley / Grass,0.5199999809265137,0.749,0.466,,10.4,70,0.88,34.9,Moderate
LPIS-61713940520_15A,Ley / Grass,0.5199999809265137,0.724,0.467,,6.2,70,0.89,30.1,Moderate
LPIS-61603990126_2B,Spring Barley,0.5199999809265137,0.767,0.558,,22.7,15,0.39,10.4,Low
LPIS-61723965610_20A,Ley / Grass,0.5199999809265137,0.707,0.491,,9.8,70,0.67,28.5,Low
LPIS-61484028159_7A,Unknown,0.5199999809265137,0.525,0.329,,36.4,15,0.53,10.6,Low
LPIS-61613955944_11D,Ley / Grass,0.5199999809265137,0.677,0.456,,14.4,15,0.56,8.9,Low
LPIS-61713929896_11A,Ley / Grass,0.5199999809265137,0.799,0.518,,5.5,40,0.73,33.3,Moderate
LPIS-61613955944_11A,Ley / Grass,0.5199999809265137,0.651,0.45,,7.7,40,0.58,17.5,Low
LPIS-61753948751_69A,Ley / Grass,0.5199999809265137,0.725,0.492,,9.3,95,0.77,40,Moderate
LPIS-61694008543_71A,Ley / Grass,0.5199999809265137,0.751,0.497,,17.5,40,0.6,25.7,Low
LPIS-61724034014_14A,Unknown,0.5199999809265137,0.558,0.393,,16.4,70,0.69,29.3,Low
LPIS-61783970426_187A,Ley / Grass,0.5199999809265137,0.636,0.419,,16.4,40,0.69,17.9,Low
LPIS-61653995276_19A,Ley / Grass,0.5199999809265137,0.701,0.486,,15.3,70,0.67,29,Low
LPIS-61693969234_14A,Ley / Grass,0.5199999809265137,0.737,0.491,,8.5,40,0.6,22.3,Low
LPIS-61613957505_130A,Ley / Grass,0.5199999809265137,0.609,0.405,,13.6,40,0.67,17.7,Low
LPIS-61453982239_35A,Sugar Beet,0.5199999809265137,0.685,0.521,,14.8,15,0.62,10,Low
LPIS-61504005660_7A,Ley / Grass,0.5199999809265137,0.775,0.501,,12.9,40,0.56,29.6,Low
LPIS-61733990659_12A,Ley / Grass,0.5199999809265137,0.645,0.435,,9.4,70,0.69,28.2,Low
LPIS-61493942242_5C,Fallow,0.5199999809265137,0.677,0.504,,9.5,15,0.6,9.3,Low
LPIS-61693968637_8A,Fallow,0.5199999809265137,0.73,0.522,,5.1,40,0.53,18.8,Low
LPIS-61484026611_80A,Rye,0.5199999809265137,0.68,0.501,,26.6,15,0.69,10.9,Low
LPIS-61594028530_2C,Ley / Grass,0.5099999904632568,0.737,0.52,,16.1,15,0.96,14.5,Low
LPIS-61704030202_4A,Ley / Grass,0.5099999904632568,0.798,0.538,,11.5,70,0.83,44.8,Moderate
LPIS-61653999860_86A,Ley / Grass,0.5099999904632568,0.597,0.377,,17.4,40,0.54,17.7,Low
LPIS-61614033167_2A,Ley / Grass,0.5099999904632568,0.745,0.512,,10.5,40,0.92,24.2,Low
LPIS-61613978598_31A,Ley / Grass,0.5099999904632568,0.499,0.304,,50,40,0.69,20.7,Low
LPIS-61693972044_16A,Ley / Grass,0.5099999904632568,0.743,0.471,,8.2,70,0.73,33.7,Moderate
LPIS-61484020816_25A,Spring Barley,0.5099999904632568,0.761,0.542,,20.5,15,0.62,10,Low
LPIS-61583996276_39A,Fallow,0.5099999904632568,0.72,0.501,,13.9,15,0.22,9.1,Low
LPIS-61624053419_14A,Ley / Grass,0.5099999904632568,0.83,0.549,,7.7,40,0.69,39.4,Moderate
LPIS-61574001574_577A,Ley / Grass,0.5099999904632568,0.794,0.524,,9.8,15,0.65,23.9,Low
LPIS-61604044226_6A,Winter Wheat,0.5099999904632568,0.46,0.325,,43.4,40,0.72,21.2,Low
LPIS-61553994547_1G,Fallow,0.5099999904632568,0.773,0.556,,7.7,40,0.66,27.1,Low
LPIS-61574000737_15C,Spring Barley,0.5099999904632568,0.858,0.652,,4.4,15,0.76,25.3,Low
LPIS-61693926033_32A,Ley / Grass,0.5099999904632568,0.713,0.489,,5.8,40,0.78,17.7,Low
LPIS-61723944795_3B,Ley / Grass,0.5099999904632568,0.637,0.433,,19.3,15,0.56,9.5,Low
LPIS-61714021368_12A,Fallow,0.5099999904632568,0.509,0.332,,18.2,70,0.61,28.8,Low
LPIS-61693969121_13A,Ley / Grass,0.5099999904632568,0.791,0.544,,4.4,70,0.57,43,Moderate
LPIS-61693994638_40A,Ley / Grass,0.5099999904632568,0.636,0.416,,12,70,0.67,28.3,Low
LPIS-61663985481_10A,Ley / Grass,0.5099999904632568,0.734,0.482,,24.8,40,0.77,23.3,Low
LPIS-61713939757_2A,Ley / Grass,0.5099999904632568,0.755,0.478,,12.4,40,0.86,25.6,Low
LPIS-61623978633_16A,Ley / Grass,0.5099999904632568,0.754,0.491,,16.9,40,0.64,26.1,Low
LPIS-61474019573_13B,Potato,0.5,0.504,0.328,,27.5,15,0.39,10,Low
LPIS-61733968876_18A,Ley / Grass,0.5,0.837,0.569,,6.3,70,0.51,51.5,Moderate
LPIS-61594049729_77A,Ley / Grass,0.5,0.598,0.403,,33.6,70,0.77,30.6,Moderate
LPIS-61714016894_7A,Ley / Grass,0.5,0.667,0.443,,19.3,40,0.92,18.3,Low
LPIS-61513990350_14B,Fallow,0.5,0.831,0.567,,4.8,15,0.7,27.7,Low
LPIS-61703920392_40A,Ley / Grass,0.5,0.699,0.471,,4.1,40,0.84,16.9,Low
LPIS-61504009179_5A,Fallow,0.5,0.686,0.471,,27.1,15,0.62,10.3,Low
LPIS-61663992114_94A,Ley / Grass,0.5,0.806,0.546,,14.7,40,0.51,35.9,Moderate
LPIS-61773957843_11A,Ley / Grass,0.5,0.78,0.58,,27.7,15,0.73,24,Low
LPIS-61533910788_4D,Fallow,0.5,0.696,0.448,,23.7,40,0.69,18.5,Low
LPIS-61574000737_15D,Ley / Grass,0.5,0.877,0.668,,8,15,0.92,48.5,Moderate
LPIS-61703988272_29B,Fallow,0.5,0.797,0.587,,8,70,0.37,42.5,Moderate
LPIS-61604002021_8B,Fallow,0.5,0.829,0.622,,5.1,15,0.19,28.3,Low
LPIS-61574058236_35C,Fallow,0.5,0.636,0.473,,53.4,40,0.11,22.7,Low
LPIS-61623970541_78A,Ley / Grass,0.5,0.841,0.589,,8.4,15,0.69,33.1,Moderate
LPIS-61624056879_199A,Ley / Grass,0.5,0.712,0.496,,8.2,40,0.65,17.9,Low
LPIS-61743960829_3A,Ley / Grass,0.5,0.811,0.563,,24.6,15,0.55,29,Low
LPIS-61723956655_1A,Ley / Grass,0.5,0.665,0.426,,12.2,70,0.68,28.1,Low
LPIS-61473968639_41A,Ley / Grass,0.49000000953674316,0.649,0.447,,14.8,40,0.57,18.1,Low
LPIS-61733948347_47A,Ley / Grass,0.49000000953674316,0.823,0.566,,4,70,0.54,48.8,Moderate
LPIS-61703940686_8A,Ley / Grass,0.49000000953674316,0.591,0.381,,13.6,40,0.57,17.5,Low
LPIS-61723952633_23A,Fallow,0.49000000953674316,0.667,0.423,,13.9,40,1,17.4,Low
LPIS-61463981180_2B,Ley / Grass,0.49000000953674316,0.62,0.412,,19.7,15,0.29,9.3,Low
LPIS-61494001429_20A,Spring Barley,0.49000000953674316,0.788,0.549,,7.3,15,0.52,10.8,Low
LPIS-61473961222_1B,Ley / Grass,0.49000000953674316,0.569,0.374,,28,15,0.65,10.1,Low
LPIS-61584049719_53E,Ley / Grass,0.49000000953674316,0.614,0.408,,22.5,40,0.62,18.6,Low
LPIS-61534036509_5B,Ley / Grass,0.49000000953674316,0.671,0.455,,9.2,40,1,17.5,Low
LPIS-61544072339_17A,Rapeseed,0.49000000953674316,0.67,0.483,,15.8,40,0.66,18.6,Low
LPIS-61624057546_182A,Ley / Grass,0.49000000953674316,0.716,0.474,,7.5,70,0.75,28.9,Low
LPIS-61524004504_122A,Ley / Grass,0.49000000953674316,0.656,0.458,,19.1,15,0.71,9.7,Low
LPIS-61574053416_15B,Fallow,0.49000000953674316,0.831,0.596,,7.1,15,0.19,28.4,Low
LPIS-61494009983_78A,Ley / Grass,0.49000000953674316,0.639,0.422,,26.8,40,0.55,19,Low
LPIS-61503914589_17B,Fallow,0.49000000953674316,0.727,0.537,,7.8,15,0.16,9.9,Low
LPIS-61703920511_26B,Oats,0.49000000953674316,0.638,0.411,,10.1,40,0.82,17.1,Low
LPIS-61723923390_1A,Ley / Grass,0.49000000953674316,0.786,0.488,,7.9,40,0.67,30.8,Moderate
LPIS-61673954278_19A,Ley / Grass,0.49000000953674316,0.585,0.367,,20.8,70,0.76,28.8,Low
LPIS-61623970662_22A,Ley / Grass,0.49000000953674316,0.867,0.59,,3.3,40,0.52,46.1,Moderate
LPIS-61473984792_30A,Fallow,0.49000000953674316,0.782,0.516,,15.8,15,0.55,19.7,Low
LPIS-61624041190_8A,Ley / Grass,0.49000000953674316,0.787,0.515,,11.1,40,0.61,31.6,Moderate
LPIS-61674001196_1A,Ley / Grass,0.49000000953674316,0.727,0.462,,14.3,40,0.64,20.6,Low
LPIS-61713995889_17A,Fallow,0.49000000953674316,0.781,0.509,,10.3,40,0.75,28,Low
LPIS-61503941245_18A,Ley / Grass,0.49000000953674316,0.764,0.523,,7.4,15,0.73,18.4,Low
LPIS-61524003305_2A,Winter Barley,0.49000000953674316,0.738,0.564,,18.8,15,0.62,10.4,Low
LPIS-61763945218_66A,Ley / Grass,0.47999998927116394,0.595,0.406,,24.3,40,0.88,19,Low
LPIS-61723930108_6A,Ley / Grass,0.47999998927116394,0.73,0.461,,8.2,40,0.73,20.5,Low
LPIS-61634051283_108A,Ley / Grass,0.47999998927116394,0.615,0.407,,12.2,40,0.83,17.6,Low
LPIS-61564027391_153A,Ley / Grass,0.47999998927116394,0.505,0.339,,29.3,15,0.62,10.4,Low
LPIS-61714026440_36A,Ley / Grass,0.47999998927116394,0.594,0.392,,7.2,15,1,8,Low
LPIS-61644051056_20B,Ley / Grass,0.47999998927116394,0.847,0.577,,5.2,70,0.48,64.1,High
LPIS-61564015003_63A,Rapeseed,0.47999998927116394,0.662,0.439,,15.2,40,0.75,17.9,Low
LPIS-61723944795_3C,Ley / Grass,0.47999998927116394,0.716,0.493,,4.5,40,0.78,18.1,Low
LPIS-61723964615_1A,Ley / Grass,0.47999998927116394,0.642,0.424,,7.6,70,0.72,27.9,Low
LPIS-61713924989_3A,Ley / Grass,0.47999998927116394,0.654,0.421,,13.6,40,0.82,17.5,Low
LPIS-61583997133_6D,Ley / Grass,0.47999998927116394,0.752,0.541,,9.5,15,0.62,16.8,Low
LPIS-61584010959_9C,Fallow,0.47999998927116394,0.515,0.388,,83.8,15,0.82,20.2,Low
LPIS-61673973588_30A,Ley / Grass,0.47999998927116394,0.859,0.598,,3.6,70,0.46,66.7,High
LPIS-61624032561_8A,Ley / Grass,0.47999998927116394,0.712,0.46,,7,15,0.48,8.1,Low
LPIS-61624022776_11B,Ley / Grass,0.47999998927116394,0.723,0.495,,8.4,40,0.77,19.9,Low
LPIS-61553978407_9D,Ley / Grass,0.47999998927116394,0.717,0.48,,20.4,15,0.62,10.7,Low
LPIS-61604061901_88B,Ley / Grass,0.47999998927116394,0.834,0.586,,6.5,15,0.8,31.6,Moderate
LPIS-61724015449_12C,Fallow,0.47999998927116394,0.716,0.521,,36.4,40,0.64,20.8,Low
LPIS-61583953491_6A,Fallow,0.47999998927116394,0.749,0.519,,21.6,15,0.92,14.7,Low
LPIS-61493998434_60A,Fallow,0.47999998927116394,0.632,0.424,,21.9,40,0.62,18.6,Low
LPIS-61693970299_20A,Ley / Grass,0.47999998927116394,0.806,0.541,,13.6,70,0.7,46.5,Moderate
LPIS-61453980732_26A,Fallow,0.47999998927116394,0.666,0.485,,20.9,15,0.8,10.2,Low
LPIS-61513924299_16B,Unknown,0.47999998927116394,0.783,0.536,,10.1,15,0.09,29,Low
LPIS-61723999865_5A,Ley / Grass,0.47999998927116394,0.644,0.415,,10.3,40,0.51,17.2,Low
LPIS-61693900370_7A,Ley / Grass,0.47999998927116394,0.542,0.346,,14.7,70,0.58,28.3,Low
LPIS-61523980705_3A,Fallow,0.4699999988079071,0.839,0.655,,15.5,15,1,31.5,Moderate
LPIS-61624058664_14A,Ley / Grass,0.4699999988079071,0.583,0.408,,27,40,0.52,19.5,Low
LPIS-61544074011_5A,Rapeseed,0.4699999988079071,0.657,0.485,,25.4,15,0.64,10.8,Low
LPIS-61603957428_18A,Ley / Grass,0.4699999988079071,0.709,0.468,,18.4,40,0.52,18.2,Low
LPIS-61564013604_12A,Fallow,0.4699999988079071,0.737,0.526,,34.4,15,0.5,14,Low
LPIS-61743962326_4A,Ley / Grass,0.4699999988079071,0.753,0.522,,27.5,15,0.64,18.5,Low
LPIS-61733976776_12A,Unknown,0.4699999988079071,0.763,0.486,,15.1,40,0.89,33.9,Moderate
LPIS-61504009542_13A,Fallow,0.4699999988079071,0.8,0.544,,12.1,70,0.57,42.7,Moderate
LPIS-61713953113_4A,Ley / Grass,0.4699999988079071,0.658,0.455,,11.7,70,0.82,28.7,Low
LPIS-61534013357_18A,Ley / Grass,0.4699999988079071,0.711,0.491,,5.2,15,0.62,8.4,Low
LPIS-61723921182_11A,Ley / Grass,0.4699999988079071,0.738,0.475,,14.8,40,0.48,22.7,Low
LPIS-61614015616_8A,Winter Wheat,0.4699999988079071,0.717,0.555,,21.8,15,0.79,10.9,Low
LPIS-61734013816_20A,Unknown,0.4699999988079071,0.797,0.544,,13.3,40,0.73,41.4,Moderate
LPIS-61654040618_3A,Ley / Grass,0.4699999988079071,0.669,0.43,,28.9,40,0.64,19,Low
LPIS-61614035799_17A,Spring Barley,0.4699999988079071,0.847,0.594,,7.3,15,0.75,22.6,Low
LPIS-61614043915_14A,Fallow,0.4699999988079071,0.653,0.444,,45.8,15,0.7,12.1,Low
LPIS-61533922354_32A,Fallow,0.4699999988079071,0.746,0.515,,11.1,15,0.8,13.1,Low
LPIS-61703921302_12A,Ley / Grass,0.4699999988079071,0.649,0.416,,17.8,15,0.88,8.9,Low
LPIS-61584002128_58B,Fallow,0.4699999988079071,0.841,0.614,,4.1,15,0.53,30.1,Moderate
LPIS-61703957020_6A,Ley / Grass,0.4699999988079071,0.618,0.416,,12.1,70,0.79,28.5,Low
LPIS-61674039613_82A,Ley / Grass,0.4699999988079071,0.587,0.354,,11.5,70,0.7,27.6,Low
LPIS-61484029856_79A,Fallow,0.4699999988079071,0.676,0.461,,22.7,15,0.67,9.8,Low
LPIS-61484021423_8B,Ley / Grass,0.46000000834465027,0.649,0.421,,20.5,15,0.57,9.2,Low
LPIS-61674002495_3A,Ley / Grass,0.46000000834465027,0.72,0.452,,20.7,40,0.7,19.8,Low
LPIS-61693910202_11A,Ley / Grass,0.46000000834465027,0.619,0.419,,13.9,70,0.69,28.7,Low
LPIS-61683979026_14A,Ley / Grass,0.46000000834465027,0.823,0.58,,9.8,40,0.64,38.8,Moderate
LPIS-61514031031_33A,Fallow,0.46000000834465027,0.702,0.492,,9.9,15,0.66,8.8,Low
LPIS-61513922969_19A,Ley / Grass,0.46000000834465027,0.709,0.482,,27.1,15,0.69,10.3,Low
LPIS-61523932035_45C,Ley / Grass,0.46000000834465027,0.852,0.649,,5,15,0.18,42.6,Moderate
LPIS-61543922483_28B,Ley / Grass,0.46000000834465027,0.774,0.559,,9.6,15,0.45,20.9,Low
LPIS-61684022382_15E,Ley / Grass,0.46000000834465027,0.498,0.358,,7.3,40,0.84,17.8,Low
LPIS-61633963266_55A,Ley / Grass,0.46000000834465027,0.759,0.517,,3.9,70,0.78,36.9,Moderate
LPIS-61503946956_11A,Ley / Grass,0.46000000834465027,0.618,0.412,,14.3,15,0.6,8.8,Low
LPIS-61713951003_18A,Ley / Grass,0.46000000834465027,0.65,0.445,,14.9,40,0.69,18.1,Low
LPIS-61743982416_88A,Rapeseed,0.46000000834465027,0.713,0.538,,19.5,70,0.82,36.2,Moderate
LPIS-61553989119_76C,Fallow,0.46000000834465027,0.78,0.604,,6.8,15,0.35,19.8,Low
LPIS-61713972638_13A,Ley / Grass,0.46000000834465027,0.72,0.465,,22.8,70,0.73,31,Moderate
LPIS-61723953333_39A,Fallow,0.46000000834465027,0.712,0.446,,14,70,1,28.1,Low
LPIS-61563986893_204C,Fallow,0.46000000834465027,0.752,0.561,,8.9,5,0.12,10.9,Low
LPIS-61723933308_9A,Ley / Grass,0.46000000834465027,0.766,0.475,,8.5,15,0.73,18.1,Low
LPIS-61713951920_5A,Ley / Grass,0.46000000834465027,0.606,0.405,,14.3,40,0.69,17.8,Low
LPIS-61713950189_24A,Ley / Grass,0.46000000834465027,0.646,0.439,,8.3,40,0.7,17.4,Low
LPIS-61603979040_35B,Ley / Grass,0.46000000834465027,0.837,0.588,,4.9,70,0.66,51.8,Moderate
LPIS-61704029175_3A,Ley / Grass,0.46000000834465027,0.623,0.426,,20.7,70,0.86,29.5,Low
LPIS-61704018677_3A,Ley / Grass,0.46000000834465027,0.743,0.511,,4.8,70,1,34,Moderate
LPIS-61683939777_41B,Ley / Grass,0.46000000834465027,0.683,0.442,,7,70,0.92,27.7,Low
LPIS-61653977463_17A,Spring Barley,0.46000000834465027,0.764,0.523,,19.4,40,0.93,18.6,Low
LPIS-61674021063_17A,Ley / Grass,0.46000000834465027,0.529,0.333,,10.5,15,0.71,8,Low
LPIS-61693937952_4A,Ley / Grass,0.46000000834465027,0.602,0.399,,14.7,15,0.66,8.8,Low
LPIS-61604021325_9C,Fallow,0.44999998807907104,0.594,0.392,,22.7,15,0.78,9.6,Low
LPIS-61723951028_6A,Ley / Grass,0.44999998807907104,0.721,0.47,,10.6,40,0.76,19.3,Low
LPIS-61713953818_1A,Ley / Grass,0.44999998807907104,0.609,0.405,,12.5,40,0.77,17.6,Low
LPIS-61663970762_7A,Ley / Grass,0.44999998807907104,0.793,0.532,,8.6,15,0.7,23.8,Low
LPIS-61663967332_43A,Ley / Grass,0.44999998807907104,0.662,0.439,,15.8,40,0.46,17.9,Low
LPIS-61593995256_1C,Fallow,0.44999998807907104,0.775,0.557,,11.1,15,0.28,18.7,Low
LPIS-61673946224_11A,Ley / Grass,0.44999998807907104,0.856,0.586,,4.3,15,0.77,35.2,Moderate
LPIS-61714001034_89A,Ley / Grass,0.44999998807907104,0.766,0.552,,28.2,40,0.5,30.3,Moderate
LPIS-61584055687_59A,Spring Barley,0.44999998807907104,0.729,0.545,,31.9,40,0.55,20.6,Low
LPIS-61713926152_87A,Ley / Grass,0.44999998807907104,0.768,0.499,,8.7,40,0.62,27.8,Low
LPIS-61713971515_8A,Ley / Grass,0.44999998807907104,0.751,0.48,,21.3,70,0.61,36.6,Moderate
LPIS-61613992144_22B,Fallow,0.44999998807907104,0.726,0.492,,27.4,15,0.12,10.9,Low
LPIS-61503915148_1C,Fallow,0.44999998807907104,0.71,0.507,,9.4,15,0.2,8.9,Low
LPIS-61523923426_14B,Ley / Grass,0.44999998807907104,0.667,0.443,,27.9,15,0.7,10.2,Low
LPIS-61513949821_1D,Fallow,0.44999998807907104,0.663,0.483,,32.8,15,0.81,11.4,Low
LPIS-61704036061_82A,Ley / Grass,0.44999998807907104,0.718,0.499,,26.5,70,0.56,31.7,Moderate
LPIS-61694024658_139A,Ley / Grass,0.44999998807907104,0.692,0.454,,27.7,40,0.63,19.1,Low
LPIS-61634000159_9A,Ley / Grass,0.44999998807907104,0.721,0.474,,17,40,0.83,20,Low
LPIS-61574061621_11A,Fallow,0.44999998807907104,0.671,0.48,,21.4,40,0.75,19.1,Low
LPIS-61613964771_28A,Ley / Grass,0.44999998807907104,0.693,0.467,,20.9,15,0.6,9.6,Low
LPIS-61694029892_75A,Ley / Grass,0.44999998807907104,0.779,0.503,,18.4,95,0.57,50.5,Moderate
LPIS-61693970582_9A,Ley / Grass,0.44999998807907104,0.854,0.578,,6.8,70,0.79,65.8,High
LPIS-61693993253_206B,Ley / Grass,0.4399999976158142,0.647,0.407,,20.2,40,0.64,18,Low
